source_path,target_path,specifier,import_kind,scope,source_module,target_module,source_role,target_role,source_owner,target_owner,reverse_dependency,cycle_edge,risk
src/app/api/institution/wecom/customer-mapping-candidates/handler.ts,src/modules/institution/server/wecom-customer-mapping-candidates-reader.ts,@/modules/institution/server/wecom-customer-mapping-candidates-reader,runtime,cross_module_internal,app,institution,other,server_service,wecom,wecom,no,no,medium
src/app/api/institution/wecom/customer-mapping-candidates/handler.ts,src/modules/institution/server/wecom-customer-mapping-review-action-mock-runtime.ts,@/modules/institution/server/wecom-customer-mapping-review-action-mock-runtime,type,cross_module_internal,app,institution,other,server_service,wecom,wecom,no,no,medium
src/app/api/institution/wecom/customer-mapping-candidates/handler.ts,src/modules/institution/view-models/wecom-customer-mapping-candidates.ts,@/modules/institution/view-models/wecom-customer-mapping-candidates,runtime,cross_module_internal,app,institution,other,other,wecom,wecom,no,no,medium
src/app/api/institution/wecom/customer-mapping-reviews/[mappingId]/actions/handler.ts,src/modules/institution/domain/wecom-customer-mapping-review-actions.ts,@/modules/institution/domain/wecom-customer-mapping-review-actions,type,cross_module_internal,app,institution,other,domain,wecom,wecom,no,no,medium
src/app/api/institution/wecom/customer-mapping-reviews/[mappingId]/actions/handler.ts,src/modules/institution/server/wecom-customer-mapping-review-action-mock-runtime.ts,@/modules/institution/server/wecom-customer-mapping-review-action-mock-runtime,type,cross_module_internal,app,institution,other,server_service,wecom,wecom,no,no,medium
src/app/api/v1/open-platform/ai-usage/route.ts,src/modules/institution/server/institution-ai-call-service.ts,@/modules/institution/server/institution-ai-call-service,runtime,cross_module_internal,app,institution,other,server_service,entitlement,ai,no,no,medium
src/app/api/v1/open-platform/ai-usage/route.ts,src/modules/institution/server/institution-ai-call-usage-repository.ts,@/modules/institution/server/institution-ai-call-usage-repository,runtime,cross_module_internal,app,institution,other,server_repository,entitlement,entitlement,no,no,medium
src/app/api/v1/open-platform/tenants/[tenantId]/account/route.ts,src/modules/institution/server/tenant-quota-enforcement.ts,@/modules/institution/server/tenant-quota-enforcement,runtime,cross_module_internal,app,institution,other,server_service,shared,entitlement,no,no,medium
src/app/api/v1/open-platform/tenants/[tenantId]/entitlement-usage/route.ts,src/modules/institution/server/entitlement-usage-service.ts,@/modules/institution/server/entitlement-usage-service,runtime,cross_module_internal,app,institution,other,server_service,entitlement,entitlement,no,no,medium
src/app/api/v1/open-platform/tenants/route.ts,src/modules/institution/domain/quota-enforcement.ts,@/modules/institution/domain/quota-enforcement,runtime,cross_module_internal,app,institution,other,domain,shared,entitlement,no,no,medium
src/app/hospital/[...slug]/page.tsx,src/modules/institution/components/InstitutionCapabilityOffPage.tsx,@/modules/institution/components/InstitutionCapabilityOffPage,runtime,cross_module_internal,app,institution,component,component,his,shared,no,no,medium
src/app/hospital/[...slug]/page.tsx,src/modules/institution/components/InstitutionNavigationShell.tsx,@/modules/institution/components/InstitutionNavigationShell,runtime,cross_module_internal,app,institution,component,component,his,shared,no,no,medium
src/app/hospital/[...slug]/page.tsx,src/modules/institution/components/InstitutionPageState.tsx,@/modules/institution/components/InstitutionPageState,runtime,cross_module_internal,app,institution,component,component,his,shared,no,no,medium
src/app/hospital/[...slug]/page.tsx,src/modules/institution/server/institution-server-runtime.ts,@/modules/institution/server/institution-server-runtime,runtime,cross_module_internal,app,institution,component,server_service,his,shared,no,no,medium
src/app/hospital/page.tsx,src/modules/institution/components/InstitutionNavigationShell.tsx,@/modules/institution/components/InstitutionNavigationShell,runtime,cross_module_internal,app,institution,component,component,his,shared,no,no,medium
src/app/hospital/page.tsx,src/modules/institution/server/institution-server-runtime.ts,@/modules/institution/server/institution-server-runtime,runtime,cross_module_internal,app,institution,component,server_service,his,shared,no,no,medium
src/modules/audit/server/audit-event-repository.ts,src/modules/institution/domain/followup-path-analysis.ts,@/modules/institution/domain/followup-path-analysis,type,cross_module_internal,audit,institution,server_repository,domain,audit,followup,no,no,medium
src/modules/institution-workbench/server/institution-workbench-runtime.ts,src/modules/institution/server/institution-server-runtime.ts,@/modules/institution/server/institution-server-runtime,runtime,cross_module_internal,institution-workbench,institution,server_service,server_service,shared,shared,no,no,medium
src/modules/institution-workbench/tests/InstitutionWorkbenchRuntime.test.ts,src/modules/institution/server/institution-server-runtime.ts,@/modules/institution/server/institution-server-runtime,runtime,cross_module_internal,institution-workbench,institution,test,server_service,shared,shared,no,no,medium
src/modules/institution/client/tenant-business-client.ts,src/modules/institution/domain/appointment-records.ts,@/modules/institution/domain/appointment-records,type,institution_internal,institution,institution,client,domain,shared,appointment,no,no,low
src/modules/institution/client/tenant-business-client.ts,src/modules/institution/domain/customer-import.ts,@/modules/institution/domain/customer-import,type,institution_internal,institution,institution,client,domain,shared,customer,no,no,low
src/modules/institution/client/tenant-business-client.ts,src/modules/institution/domain/customer-records.ts,@/modules/institution/domain/customer-records,type,institution_internal,institution,institution,client,domain,shared,customer,no,no,low
src/modules/institution/client/tenant-business-client.ts,src/modules/institution/domain/customer-timeline.ts,@/modules/institution/domain/customer-timeline,type,institution_internal,institution,institution,client,domain,shared,customer,no,no,low
src/modules/institution/client/tenant-business-client.ts,src/modules/institution/domain/followup-customer-timeline.ts,@/modules/institution/domain/followup-customer-timeline,type,institution_internal,institution,institution,client,domain,shared,followup,no,no,low
src/modules/institution/client/tenant-business-client.ts,src/modules/institution/domain/followup-message-drafts.ts,@/modules/institution/domain/followup-message-drafts,type,institution_internal,institution,institution,client,domain,shared,followup,no,no,low
src/modules/institution/client/tenant-business-client.ts,src/modules/institution/domain/followup-operations-dashboard.ts,@/modules/institution/domain/followup-operations-dashboard,type,institution_internal,institution,institution,client,domain,shared,followup,no,no,low
src/modules/institution/client/tenant-business-client.ts,src/modules/institution/domain/followup-path-enrollment.ts,@/modules/institution/domain/followup-path-enrollment,type,institution_internal,institution,institution,client,domain,shared,followup,no,no,low
src/modules/institution/client/tenant-business-client.ts,src/modules/institution/domain/followup-workflow.ts,@/modules/institution/domain/followup-workflow,type,institution_internal,institution,institution,client,domain,shared,followup,no,no,low
src/modules/institution/client/tenant-business-client.ts,src/modules/institution/domain/institution-knowledge-management.ts,@/modules/institution/domain/institution-knowledge-management,type,institution_internal,institution,institution,client,domain,shared,knowledge,no,no,low
src/modules/institution/client/tenant-business-client.ts,src/modules/institution/domain/treatment-followup-suggestions.ts,@/modules/institution/domain/treatment-followup-suggestions,type,institution_internal,institution,institution,client,domain,shared,followup,no,no,low
src/modules/institution/client/tenant-business-client.ts,src/modules/institution/domain/treatment-summaries.ts,@/modules/institution/domain/treatment-summaries,type,institution_internal,institution,institution,client,domain,shared,treatment,no,no,low
src/modules/institution/client/tenant-business-client.ts,src/modules/institution/domain/wecom-controlled-reachout.ts,@/modules/institution/domain/wecom-controlled-reachout,type,institution_internal,institution,institution,client,domain,shared,wecom,no,no,low
src/modules/institution/client/trusted-reachout-safety-client.ts,src/modules/institution/domain/trusted-reachout-safety.ts,@/modules/institution/domain/trusted-reachout-safety,runtime,institution_internal,institution,institution,client,domain,shared,shared,no,no,low
src/modules/institution/client/wecom-customer-mapping-client.ts,src/modules/institution/domain/customer-records.ts,@/modules/institution/domain/customer-records,type,institution_internal,institution,institution,client,domain,wecom,customer,no,no,low
src/modules/institution/client/wecom-customer-mapping-client.ts,src/modules/institution/domain/wecom-customer-mapping.ts,@/modules/institution/domain/wecom-customer-mapping,runtime,institution_internal,institution,institution,client,domain,wecom,wecom,no,no,low
src/modules/institution/client/wecom-customer-mapping-review-actions-client.ts,src/modules/institution/domain/wecom-customer-mapping-review-actions.ts,@/modules/institution/domain/wecom-customer-mapping-review-actions,type,institution_internal,institution,institution,client,domain,wecom,wecom,no,no,low
src/modules/institution/client/wecom-customer-mapping-review-actions-client.ts,src/modules/institution/domain/wecom-customer-mapping-review-actions.ts,@/modules/institution/domain/wecom-customer-mapping-review-actions,type,institution_internal,institution,institution,client,domain,wecom,wecom,no,no,low
src/modules/institution/components/AiConversationWorkbenchShell.tsx,,lucide-react,runtime,external_package,institution,lucide-react,component,external_package,conversation,,no,no,low
src/modules/institution/components/AiConversationWorkbenchShell.tsx,,react,runtime,external_package,institution,react,component,external_package,conversation,,no,no,low
src/modules/institution/components/AiConversationWorkbenchShell.tsx,src/modules/institution/components/WeComCustomerMappingPanel.tsx,@/modules/institution/components/WeComCustomerMappingPanel,runtime,institution_internal,institution,institution,component,component,conversation,wecom,no,no,low
src/modules/institution/components/AiConversationWorkbenchShell.tsx,src/modules/institution/domain/ai-auto-strategy.ts,@/modules/institution/domain/ai-auto-strategy,runtime,institution_internal,institution,institution,component,domain,conversation,ai,no,no,low
src/modules/institution/components/AiConversationWorkbenchShell.tsx,src/modules/institution/domain/ai-conversation-workbench.ts,@/modules/institution/domain/ai-conversation-workbench,runtime,institution_internal,institution,institution,component,domain,conversation,ai,no,no,low
src/modules/institution/components/AiConversationWorkbenchShell.tsx,src/shared/utils/cn.ts,@/shared/utils/cn,runtime,cross_module_internal,institution,src_other,component,other,conversation,shared,no,no,medium
src/modules/institution/components/AppointmentCenterShell.tsx,,lucide-react,runtime,external_package,institution,lucide-react,component,external_package,appointment,,no,no,low
src/modules/institution/components/AppointmentCenterShell.tsx,,react,runtime,external_package,institution,react,component,external_package,appointment,,no,no,low
src/modules/institution/components/AppointmentCenterShell.tsx,src/modules/institution/client/tenant-business-client.ts,@/modules/institution/client/tenant-business-client,runtime,institution_internal,institution,institution,component,client,appointment,shared,no,no,low
src/modules/institution/components/AppointmentCenterShell.tsx,src/modules/institution/components/InstitutionPageState.tsx,@/modules/institution/components/InstitutionPageState,runtime,institution_internal,institution,institution,component,component,appointment,shared,no,no,low
src/modules/institution/components/AppointmentCenterShell.tsx,src/modules/institution/components/InstitutionSectionHeader.tsx,@/modules/institution/components/InstitutionSectionHeader,runtime,institution_internal,institution,institution,component,component,appointment,shared,no,no,low
src/modules/institution/components/AppointmentCenterShell.tsx,src/modules/institution/domain/appointment-records.ts,@/modules/institution/domain/appointment-records,type,institution_internal,institution,institution,component,domain,appointment,appointment,no,no,low
src/modules/institution/components/AppointmentCenterShell.tsx,src/modules/institution/domain/customer-records.ts,@/modules/institution/domain/customer-records,type,institution_internal,institution,institution,component,domain,appointment,customer,no,no,low
src/modules/institution/components/AppointmentCenterShell.tsx,src/modules/institution/domain/tenant-business-view-models.ts,@/modules/institution/domain/tenant-business-view-models,runtime,institution_internal,institution,institution,component,domain,appointment,ai,no,no,low
src/modules/institution/components/CustomerCenterShell.tsx,,lucide-react,runtime,external_package,institution,lucide-react,component,external_package,customer,,no,no,low
src/modules/institution/components/CustomerCenterShell.tsx,,react,runtime,external_package,institution,react,component,external_package,customer,,no,no,low
src/modules/institution/components/CustomerCenterShell.tsx,src/modules/institution/client/tenant-business-client.ts,@/modules/institution/client/tenant-business-client,runtime,institution_internal,institution,institution,component,client,customer,shared,no,no,low
src/modules/institution/components/CustomerCenterShell.tsx,src/modules/institution/components/CustomerTimelineDrawer.tsx,@/modules/institution/components/CustomerTimelineDrawer,runtime,institution_internal,institution,institution,component,component,customer,customer,no,no,low
src/modules/institution/components/CustomerCenterShell.tsx,src/modules/institution/components/InstitutionPageState.tsx,@/modules/institution/components/InstitutionPageState,runtime,institution_internal,institution,institution,component,component,customer,shared,no,no,low
src/modules/institution/components/CustomerCenterShell.tsx,src/modules/institution/components/InstitutionSectionHeader.tsx,@/modules/institution/components/InstitutionSectionHeader,runtime,institution_internal,institution,institution,component,component,customer,shared,no,no,low
src/modules/institution/components/CustomerCenterShell.tsx,src/modules/institution/domain/customer-import.ts,@/modules/institution/domain/customer-import,runtime,institution_internal,institution,institution,component,domain,customer,customer,no,no,low
src/modules/institution/components/CustomerCenterShell.tsx,src/modules/institution/domain/customer-records.ts,@/modules/institution/domain/customer-records,type,institution_internal,institution,institution,component,domain,customer,customer,no,no,low
src/modules/institution/components/CustomerCenterShell.tsx,src/modules/institution/domain/customer-timeline.ts,@/modules/institution/domain/customer-timeline,type,institution_internal,institution,institution,component,domain,customer,customer,no,no,low
src/modules/institution/components/CustomerCenterShell.tsx,src/modules/institution/domain/tenant-business-view-models.ts,@/modules/institution/domain/tenant-business-view-models,runtime,institution_internal,institution,institution,component,domain,customer,ai,no,no,low
src/modules/institution/components/CustomerCenterShell.tsx,src/shared/utils/cn.ts,@/shared/utils/cn,runtime,cross_module_internal,institution,src_other,component,other,customer,shared,no,no,medium
src/modules/institution/components/CustomerTimelineDrawer.tsx,,lucide-react,runtime,external_package,institution,lucide-react,component,external_package,customer,,no,no,low
src/modules/institution/components/CustomerTimelineDrawer.tsx,,react,runtime,external_package,institution,react,component,external_package,customer,,no,no,low
src/modules/institution/components/CustomerTimelineDrawer.tsx,src/modules/institution/client/tenant-business-client.ts,@/modules/institution/client/tenant-business-client,runtime,institution_internal,institution,institution,component,client,customer,shared,no,no,low
src/modules/institution/components/CustomerTimelineDrawer.tsx,src/modules/institution/components/InstitutionPageState.tsx,@/modules/institution/components/InstitutionPageState,runtime,institution_internal,institution,institution,component,component,customer,shared,no,no,low
src/modules/institution/components/CustomerTimelineDrawer.tsx,src/modules/institution/domain/appointment-records.ts,@/modules/institution/domain/appointment-records,type,institution_internal,institution,institution,component,domain,customer,appointment,no,no,low
src/modules/institution/components/CustomerTimelineDrawer.tsx,src/modules/institution/domain/customer-timeline.ts,@/modules/institution/domain/customer-timeline,type,institution_internal,institution,institution,component,domain,customer,customer,no,no,low
src/modules/institution/components/CustomerTimelineDrawer.tsx,src/modules/institution/domain/followup-customer-timeline.ts,@/modules/institution/domain/followup-customer-timeline,type,institution_internal,institution,institution,component,domain,customer,followup,no,no,low
src/modules/institution/components/CustomerTimelineDrawer.tsx,src/modules/institution/domain/followup-workflow.ts,@/modules/institution/domain/followup-workflow,type,institution_internal,institution,institution,component,domain,customer,followup,no,no,low
src/modules/institution/components/CustomerTimelineDrawer.tsx,src/modules/institution/domain/tenant-business-view-models.ts,@/modules/institution/domain/tenant-business-view-models,runtime,institution_internal,institution,institution,component,domain,customer,ai,no,no,low
src/modules/institution/components/CustomerTimelineDrawer.tsx,src/modules/institution/domain/treatment-summaries.ts,@/modules/institution/domain/treatment-summaries,type,institution_internal,institution,institution,component,domain,customer,treatment,no,no,low
src/modules/institution/components/HisConnectionReadOnlyPanel.tsx,,lucide-react,runtime,external_package,institution,lucide-react,component,external_package,his,,no,no,low
src/modules/institution/components/HisConnectionReadOnlyPanel.tsx,,react,runtime,external_package,institution,react,component,external_package,his,,no,no,low
src/modules/institution/components/HisConnectionReadOnlyPanel.tsx,src/modules/institution/components/InstitutionPageState.tsx,@/modules/institution/components/InstitutionPageState,runtime,institution_internal,institution,institution,component,component,his,shared,no,no,low
src/modules/institution/components/HisConnectionReadOnlyPanel.tsx,src/modules/institution/components/InstitutionSectionHeader.tsx,@/modules/institution/components/InstitutionSectionHeader,runtime,institution_internal,institution,institution,component,component,his,shared,no,no,low
src/modules/institution/components/HisConnectionReadOnlyPanel.tsx,src/shared/utils/cn.ts,@/shared/utils/cn,runtime,cross_module_internal,institution,src_other,component,other,his,shared,no,no,medium
src/modules/institution/components/InstitutionAiServiceUsageShell.tsx,,lucide-react,runtime,external_package,institution,lucide-react,component,external_package,entitlement,,no,no,low
src/modules/institution/components/InstitutionAiServiceUsageShell.tsx,,react,runtime,external_package,institution,react,component,external_package,entitlement,,no,no,low
src/modules/institution/components/InstitutionAiServiceUsageShell.tsx,src/modules/institution/client/institution-ai-service-usage-client.ts,@/modules/institution/client/institution-ai-service-usage-client,runtime,institution_internal,institution,institution,component,client,entitlement,entitlement,no,no,low
src/modules/institution/components/InstitutionAiServiceUsageShell.tsx,src/modules/institution/components/InstitutionPageState.tsx,@/modules/institution/components/InstitutionPageState,runtime,institution_internal,institution,institution,component,component,entitlement,shared,no,no,low
src/modules/institution/components/InstitutionAiServiceUsageShell.tsx,src/modules/institution/components/InstitutionSectionHeader.tsx,@/modules/institution/components/InstitutionSectionHeader,runtime,institution_internal,institution,institution,component,component,entitlement,shared,no,no,low
src/modules/institution/components/InstitutionAiServiceUsageShell.tsx,src/shared/utils/cn.ts,@/shared/utils/cn,runtime,cross_module_internal,institution,src_other,component,other,entitlement,shared,no,no,medium
src/modules/institution/components/InstitutionAuditEventsShell.tsx,,lucide-react,runtime,external_package,institution,lucide-react,component,external_package,audit,,no,no,low
src/modules/institution/components/InstitutionAuditEventsShell.tsx,,react,runtime,external_package,institution,react,component,external_package,audit,,no,no,low
src/modules/institution/components/InstitutionAuditEventsShell.tsx,src/modules/audit/client/institution-audit-events-client.ts,@/modules/audit/client/institution-audit-events-client,runtime,cross_module_internal,institution,audit,component,client,audit,audit,no,no,medium
src/modules/institution/components/InstitutionAuditEventsShell.tsx,src/modules/audit/domain/audit-event-query.ts,@/modules/audit/domain/audit-event-query,runtime,cross_module_internal,institution,audit,component,domain,audit,audit,no,no,medium
src/modules/institution/components/InstitutionAuditEventsShell.tsx,src/modules/institution/components/InstitutionPageState.tsx,@/modules/institution/components/InstitutionPageState,runtime,institution_internal,institution,institution,component,component,audit,shared,no,no,low
src/modules/institution/components/InstitutionAuditEventsShell.tsx,src/modules/institution/components/InstitutionSectionHeader.tsx,@/modules/institution/components/InstitutionSectionHeader,runtime,institution_internal,institution,institution,component,component,audit,shared,no,no,low
src/modules/institution/components/InstitutionAuditEventsShell.tsx,src/modules/security/domain/access-control.ts,@/modules/security/domain/access-control,runtime,cross_module_internal,institution,security,component,domain,audit,shared,no,no,medium
src/modules/institution/components/InstitutionCapabilityOffPage.tsx,,next/link,runtime,external_package,institution,next,component,external_package,shared,,no,no,low
src/modules/institution/components/InstitutionCapabilityOffPage.tsx,src/modules/institution-contracts/v1/institution-navigation.ts,@/modules/institution-contracts/v1/institution-navigation,runtime,cross_module_internal,institution,institution-contracts,component,other,shared,shared,no,no,medium
src/modules/institution/components/InstitutionCapabilityOffPage.tsx,src/modules/institution-contracts/v1/institution-routes.ts,@/modules/institution-contracts/v1/institution-routes,runtime,cross_module_internal,institution,institution-contracts,component,other,shared,shared,no,no,medium
src/modules/institution/components/InstitutionCapabilityOffPage.tsx,src/modules/institution/components/InstitutionPageState.tsx,@/modules/institution/components/InstitutionPageState,runtime,institution_internal,institution,institution,component,component,shared,shared,no,no,low
src/modules/institution/components/InstitutionKnowledgeBaseCardPanel.tsx,,lucide-react,runtime,external_package,institution,lucide-react,component,external_package,knowledge,,no,no,low
src/modules/institution/components/InstitutionKnowledgeBaseCardPanel.tsx,,react,runtime,external_package,institution,react,component,external_package,knowledge,,no,no,low
src/modules/institution/components/InstitutionKnowledgeBaseCardPanel.tsx,src/modules/institution/client/tenant-business-client.ts,@/modules/institution/client/tenant-business-client,runtime,institution_internal,institution,institution,component,client,knowledge,shared,no,no,low
src/modules/institution/components/InstitutionKnowledgeBaseCardPanel.tsx,src/modules/institution/domain/institution-knowledge-management.ts,@/modules/institution/domain/institution-knowledge-management,type,institution_internal,institution,institution,component,domain,knowledge,knowledge,no,no,low
src/modules/institution/components/InstitutionKnowledgeBaseCardPanel.tsx,src/shared/utils/cn.ts,@/shared/utils/cn,runtime,cross_module_internal,institution,src_other,component,other,knowledge,shared,no,no,medium
src/modules/institution/components/InstitutionKnowledgeReadonlyShell.tsx,,lucide-react,runtime,external_package,institution,lucide-react,component,external_package,knowledge,,no,no,low
src/modules/institution/components/InstitutionKnowledgeReadonlyShell.tsx,,react,runtime,external_package,institution,react,component,external_package,knowledge,,no,no,low
src/modules/institution/components/InstitutionKnowledgeReadonlyShell.tsx,src/modules/institution/client/tenant-business-client.ts,@/modules/institution/client/tenant-business-client,runtime,institution_internal,institution,institution,component,client,knowledge,shared,no,no,low
src/modules/institution/components/InstitutionKnowledgeReadonlyShell.tsx,src/modules/institution/components/InstitutionKnowledgeBaseCardPanel.tsx,@/modules/institution/components/InstitutionKnowledgeBaseCardPanel,runtime,institution_internal,institution,institution,component,component,knowledge,knowledge,no,no,low
src/modules/institution/components/InstitutionKnowledgeReadonlyShell.tsx,src/modules/institution/components/InstitutionPageState.tsx,@/modules/institution/components/InstitutionPageState,runtime,institution_internal,institution,institution,component,component,knowledge,shared,no,no,low
src/modules/institution/components/InstitutionKnowledgeReadonlyShell.tsx,src/modules/institution/domain/institution-knowledge-management.ts,@/modules/institution/domain/institution-knowledge-management,type,institution_internal,institution,institution,component,domain,knowledge,knowledge,no,no,low
src/modules/institution/components/InstitutionKnowledgeReadonlyShell.tsx,src/modules/knowledge-base/domain/v1-knowledge-base-controlled-trial-readiness.ts,@/modules/knowledge-base/domain/v1-knowledge-base-controlled-trial-readiness,runtime,cross_module_internal,institution,knowledge-base,component,domain,knowledge,knowledge,no,no,medium
src/modules/institution/components/InstitutionKnowledgeReadonlyShell.tsx,src/shared/utils/cn.ts,@/shared/utils/cn,runtime,cross_module_internal,institution,src_other,component,other,knowledge,shared,no,no,medium
src/modules/institution/components/InstitutionNavigationShell.tsx,,lucide-react,runtime,external_package,institution,lucide-react,component,external_package,shared,,no,no,low
src/modules/institution/components/InstitutionNavigationShell.tsx,,next/link,runtime,external_package,institution,next,component,external_package,shared,,no,no,low
src/modules/institution/components/InstitutionNavigationShell.tsx,,react,runtime,external_package,institution,react,component,external_package,shared,,no,no,low
src/modules/institution/components/InstitutionNavigationShell.tsx,src/modules/institution-contracts/v1/institution-navigation.ts,@/modules/institution-contracts/v1/institution-navigation,runtime,cross_module_internal,institution,institution-contracts,component,other,shared,shared,no,no,medium
src/modules/institution/components/InstitutionNavigationShell.tsx,src/shared/utils/cn.ts,@/shared/utils/cn,runtime,cross_module_internal,institution,src_other,component,other,shared,shared,no,no,medium
src/modules/institution/components/InstitutionPageState.tsx,,lucide-react,type,external_package,institution,lucide-react,component,external_package,shared,,no,no,low
src/modules/institution/components/InstitutionPageState.tsx,,lucide-react,runtime,external_package,institution,lucide-react,component,external_package,shared,,no,no,low
src/modules/institution/components/InstitutionPageState.tsx,,react,type,external_package,institution,react,component,external_package,shared,,no,no,low
src/modules/institution/components/InstitutionPageState.tsx,src/modules/institution/client/tenant-business-client.ts,@/modules/institution/client/tenant-business-client,type,institution_internal,institution,institution,component,client,shared,shared,no,no,low
src/modules/institution/components/InstitutionPageState.tsx,src/shared/utils/cn.ts,@/shared/utils/cn,runtime,cross_module_internal,institution,src_other,component,other,shared,shared,no,no,medium
src/modules/institution/components/InstitutionSectionHeader.tsx,,react,type,external_package,institution,react,component,external_package,shared,,no,no,low
src/modules/institution/components/InstitutionSectionHeader.tsx,src/shared/utils/cn.ts,@/shared/utils/cn,runtime,cross_module_internal,institution,src_other,component,other,shared,shared,no,no,medium
src/modules/institution/components/SmartFollowUpShell.tsx,,lucide-react,runtime,external_package,institution,lucide-react,component,external_package,followup,,no,no,low
src/modules/institution/components/SmartFollowUpShell.tsx,,react,runtime,external_package,institution,react,component,external_package,followup,,no,no,low
src/modules/institution/components/SmartFollowUpShell.tsx,src/modules/institution/client/tenant-business-client.ts,@/modules/institution/client/tenant-business-client,runtime,institution_internal,institution,institution,component,client,followup,shared,no,no,low
src/modules/institution/components/SmartFollowUpShell.tsx,src/modules/institution/components/InstitutionPageState.tsx,@/modules/institution/components/InstitutionPageState,runtime,institution_internal,institution,institution,component,component,followup,shared,no,no,low
src/modules/institution/components/SmartFollowUpShell.tsx,src/modules/institution/components/InstitutionSectionHeader.tsx,@/modules/institution/components/InstitutionSectionHeader,runtime,institution_internal,institution,institution,component,component,followup,shared,no,no,low
src/modules/institution/components/SmartFollowUpShell.tsx,src/modules/institution/domain/followup-message-drafts.ts,@/modules/institution/domain/followup-message-drafts,type,institution_internal,institution,institution,component,domain,followup,followup,no,no,low
src/modules/institution/components/SmartFollowUpShell.tsx,src/modules/institution/domain/followup-operations-dashboard.ts,@/modules/institution/domain/followup-operations-dashboard,type,institution_internal,institution,institution,component,domain,followup,followup,no,no,low
src/modules/institution/components/SmartFollowUpShell.tsx,src/modules/institution/domain/followup-path-enrollment.ts,@/modules/institution/domain/followup-path-enrollment,type,institution_internal,institution,institution,component,domain,followup,followup,no,no,low
src/modules/institution/components/SmartFollowUpShell.tsx,src/modules/institution/domain/followup-workflow.ts,@/modules/institution/domain/followup-workflow,type,institution_internal,institution,institution,component,domain,followup,followup,no,no,low
src/modules/institution/components/SmartFollowUpShell.tsx,src/modules/institution/domain/followups.ts,@/modules/institution/domain/followups,runtime,institution_internal,institution,institution,component,domain,followup,followup,no,no,low
src/modules/institution/components/SmartFollowUpShell.tsx,src/modules/institution/domain/tenant-business-view-models.ts,@/modules/institution/domain/tenant-business-view-models,runtime,institution_internal,institution,institution,component,domain,followup,ai,no,no,low
src/modules/institution/components/SmartFollowUpShell.tsx,src/modules/institution/domain/wecom-authorization.ts,@/modules/institution/domain/wecom-authorization,runtime,institution_internal,institution,institution,component,domain,followup,wecom,no,no,low
src/modules/institution/components/SmartFollowUpShell.tsx,src/modules/institution/domain/wecom-controlled-reachout.ts,@/modules/institution/domain/wecom-controlled-reachout,type,institution_internal,institution,institution,component,domain,followup,wecom,no,no,low
src/modules/institution/components/SmartFollowUpShell.tsx,src/modules/institution/domain/wecom-customer-contact.ts,@/modules/institution/domain/wecom-customer-contact,runtime,institution_internal,institution,institution,component,domain,followup,wecom,no,no,low
src/modules/institution/components/SmartFollowUpShell.tsx,src/modules/institution/domain/wecom-reachout-mock.ts,@/modules/institution/domain/wecom-reachout-mock,runtime,institution_internal,institution,institution,component,domain,followup,wecom,no,no,low
src/modules/institution/components/TreatmentSummaryManagementShell.tsx,,lucide-react,runtime,external_package,institution,lucide-react,component,external_package,treatment,,no,no,low
src/modules/institution/components/TreatmentSummaryManagementShell.tsx,,react,runtime,external_package,institution,react,component,external_package,treatment,,no,no,low
src/modules/institution/components/TreatmentSummaryManagementShell.tsx,src/modules/institution/client/tenant-business-client.ts,@/modules/institution/client/tenant-business-client,runtime,institution_internal,institution,institution,component,client,treatment,shared,no,no,low
src/modules/institution/components/TreatmentSummaryManagementShell.tsx,src/modules/institution/components/InstitutionPageState.tsx,@/modules/institution/components/InstitutionPageState,runtime,institution_internal,institution,institution,component,component,treatment,shared,no,no,low
src/modules/institution/components/TreatmentSummaryManagementShell.tsx,src/modules/institution/components/InstitutionSectionHeader.tsx,@/modules/institution/components/InstitutionSectionHeader,runtime,institution_internal,institution,institution,component,component,treatment,shared,no,no,low
src/modules/institution/components/TreatmentSummaryManagementShell.tsx,src/modules/institution/domain/followup-workflow.ts,@/modules/institution/domain/followup-workflow,type,institution_internal,institution,institution,component,domain,treatment,followup,no,no,low
src/modules/institution/components/TreatmentSummaryManagementShell.tsx,src/modules/institution/domain/tenant-business-view-models.ts,@/modules/institution/domain/tenant-business-view-models,runtime,institution_internal,institution,institution,component,domain,treatment,ai,no,no,low
src/modules/institution/components/TreatmentSummaryManagementShell.tsx,src/modules/institution/domain/treatment-followup-suggestions.ts,@/modules/institution/domain/treatment-followup-suggestions,type,institution_internal,institution,institution,component,domain,treatment,followup,no,no,low
src/modules/institution/components/TreatmentSummaryManagementShell.tsx,src/modules/institution/domain/treatment-summaries.ts,@/modules/institution/domain/treatment-summaries,runtime,institution_internal,institution,institution,component,domain,treatment,treatment,no,no,low
src/modules/institution/components/TreatmentSummaryManagementShell.tsx,src/shared/utils/cn.ts,@/shared/utils/cn,runtime,cross_module_internal,institution,src_other,component,other,treatment,shared,no,no,medium
src/modules/institution/components/TrustedReachOutSafetyPanel.tsx,,react,runtime,external_package,institution,react,component,external_package,shared,,no,no,low
src/modules/institution/components/TrustedReachOutSafetyPanel.tsx,src/modules/institution/client/trusted-reachout-safety-client.ts,@/modules/institution/client/trusted-reachout-safety-client,runtime,institution_internal,institution,institution,component,client,shared,shared,no,no,low
src/modules/institution/components/TrustedReachOutSafetyPanel.tsx,src/modules/institution/domain/trusted-reachout-safety.ts,@/modules/institution/domain/trusted-reachout-safety,type,institution_internal,institution,institution,component,domain,shared,shared,no,no,low
src/modules/institution/components/WeComCustomerMappingCandidatesReadonlyPanel.tsx,,lucide-react,runtime,external_package,institution,lucide-react,component,external_package,wecom,,no,no,low
src/modules/institution/components/WeComCustomerMappingCandidatesReadonlyPanel.tsx,,react,runtime,external_package,institution,react,component,external_package,wecom,,no,no,low
src/modules/institution/components/WeComCustomerMappingCandidatesReadonlyPanel.tsx,src/modules/institution/client/wecom-customer-mapping-review-actions-client.ts,@/modules/institution/client/wecom-customer-mapping-review-actions-client,runtime,institution_internal,institution,institution,component,client,wecom,wecom,no,no,low
src/modules/institution/components/WeComCustomerMappingCandidatesReadonlyPanel.tsx,src/modules/institution/view-models/wecom-customer-mapping-candidates-reader.ts,@/modules/institution/view-models/wecom-customer-mapping-candidates-reader,runtime,institution_internal,institution,institution,component,other,wecom,wecom,no,no,low
src/modules/institution/components/WeComCustomerMappingCandidatesReadonlyPanel.tsx,src/modules/institution/view-models/wecom-customer-mapping-candidates.ts,@/modules/institution/view-models/wecom-customer-mapping-candidates,type,institution_internal,institution,institution,component,other,wecom,wecom,no,no,low
src/modules/institution/components/WeComCustomerMappingPanel.tsx,,lucide-react,runtime,external_package,institution,lucide-react,component,external_package,wecom,,no,no,low
src/modules/institution/components/WeComCustomerMappingPanel.tsx,,react,runtime,external_package,institution,react,component,external_package,wecom,,no,no,low
src/modules/institution/components/WeComCustomerMappingPanel.tsx,src/modules/institution/client/wecom-customer-mapping-client.ts,@/modules/institution/client/wecom-customer-mapping-client,runtime,institution_internal,institution,institution,component,client,wecom,wecom,no,no,low
src/modules/institution/components/WeComCustomerMappingPanel.tsx,src/modules/institution/components/TrustedReachOutSafetyPanel.tsx,@/modules/institution/components/TrustedReachOutSafetyPanel,runtime,institution_internal,institution,institution,component,component,wecom,shared,no,no,low
src/modules/institution/components/WeComCustomerMappingPanel.tsx,src/modules/institution/domain/wecom-customer-mapping.ts,@/modules/institution/domain/wecom-customer-mapping,type,institution_internal,institution,institution,component,domain,wecom,wecom,no,no,low
src/modules/institution/components/WeComExternalContactReadonlyPanel.tsx,,lucide-react,runtime,external_package,institution,lucide-react,component,external_package,wecom,,no,no,low
src/modules/institution/components/WeComExternalContactReadonlyPanel.tsx,,react,runtime,external_package,institution,react,component,external_package,wecom,,no,no,low
src/modules/institution/components/WeComExternalContactReadonlyPanel.tsx,src/modules/institution/components/InstitutionPageState.tsx,@/modules/institution/components/InstitutionPageState,runtime,institution_internal,institution,institution,component,component,wecom,shared,no,no,low
src/modules/institution/components/WeComExternalContactReadonlyPanel.tsx,src/modules/institution/components/InstitutionSectionHeader.tsx,@/modules/institution/components/InstitutionSectionHeader,runtime,institution_internal,institution,institution,component,component,wecom,shared,no,no,low
src/modules/institution/components/WeComExternalContactReadonlyPanel.tsx,src/modules/institution/view-models/wecom-external-contact-readonly-view-model.ts,@/modules/institution/view-models/wecom-external-contact-readonly-view-model,type,institution_internal,institution,institution,component,other,wecom,wecom,no,no,low
src/modules/institution/domain/ai-auto-strategy.ts,src/modules/audit/domain/audit-events.ts,@/modules/audit/domain/audit-events,type,cross_module_internal,institution,audit,domain,domain,ai,audit,no,no,medium
src/modules/institution/domain/ai-auto-strategy.ts,src/modules/institution/domain/ai-conversation-workbench.ts,@/modules/institution/domain/ai-conversation-workbench,type,institution_internal,institution,institution,domain,domain,ai,ai,no,yes,high
src/modules/institution/domain/ai-auto-strategy.ts,src/modules/security/domain/safety-switch.ts,@/modules/security/domain/safety-switch,runtime,cross_module_internal,institution,security,domain,domain,ai,shared,no,no,medium
src/modules/institution/domain/ai-conversation-workbench.ts,src/modules/audit/domain/audit-events.ts,@/modules/audit/domain/audit-events,type,cross_module_internal,institution,audit,domain,domain,ai,audit,no,no,medium
src/modules/institution/domain/ai-conversation-workbench.ts,src/modules/institution/domain/ai-auto-strategy.ts,@/modules/institution/domain/ai-auto-strategy,runtime,institution_internal,institution,institution,domain,domain,ai,ai,no,yes,high
src/modules/institution/domain/ai-conversation-workbench.ts,src/modules/institution/domain/followup-message-deliveries.ts,@/modules/institution/domain/followup-message-deliveries,runtime,institution_internal,institution,institution,domain,domain,ai,followup,no,no,low
src/modules/institution/domain/ai-conversation-workbench.ts,src/modules/institution/domain/followup-message-drafts.ts,@/modules/institution/domain/followup-message-drafts,runtime,institution_internal,institution,institution,domain,domain,ai,followup,no,no,low
src/modules/institution/domain/ai-conversation-workbench.ts,src/modules/institution/domain/real-channel-preflight.ts,@/modules/institution/domain/real-channel-preflight,runtime,institution_internal,institution,institution,domain,domain,ai,shared,no,yes,high
src/modules/institution/domain/ai-conversation-workbench.ts,src/modules/institution/domain/wecom-official-dry-run-config.ts,@/modules/institution/domain/wecom-official-dry-run-config,runtime,institution_internal,institution,institution,domain,domain,ai,wecom,no,yes,high
src/modules/institution/domain/ai-conversation-workbench.ts,src/modules/institution/domain/wecom-official-dry-run.ts,@/modules/institution/domain/wecom-official-dry-run,runtime,institution_internal,institution,institution,domain,domain,ai,wecom,no,yes,high
src/modules/institution/domain/appointment-records.ts,src/modules/security/domain/access-control.ts,@/modules/security/domain/access-control,type,cross_module_internal,institution,security,domain,domain,appointment,shared,no,no,medium
src/modules/institution/domain/appointment-records.ts,src/modules/security/domain/access-control.ts,@/modules/security/domain/access-control,runtime,cross_module_internal,institution,security,domain,domain,appointment,shared,no,no,medium
src/modules/institution/domain/customer-import.ts,src/modules/institution/domain/customer-records.ts,@/modules/institution/domain/customer-records,type,institution_internal,institution,institution,domain,domain,customer,customer,no,no,low
src/modules/institution/domain/customer-records.ts,src/modules/security/domain/access-control.ts,@/modules/security/domain/access-control,type,cross_module_internal,institution,security,domain,domain,customer,shared,no,no,medium
src/modules/institution/domain/customer-records.ts,src/modules/security/domain/access-control.ts,@/modules/security/domain/access-control,runtime,cross_module_internal,institution,security,domain,domain,customer,shared,no,no,medium
src/modules/institution/domain/customer-timeline.ts,src/modules/audit/domain/audit-events.ts,@/modules/audit/domain/audit-events,type,cross_module_internal,institution,audit,domain,domain,customer,audit,no,no,medium
src/modules/institution/domain/customer-timeline.ts,src/modules/institution/domain/appointment-records.ts,@/modules/institution/domain/appointment-records,type,institution_internal,institution,institution,domain,domain,customer,appointment,no,no,low
src/modules/institution/domain/customer-timeline.ts,src/modules/institution/domain/customer-records.ts,@/modules/institution/domain/customer-records,type,institution_internal,institution,institution,domain,domain,customer,customer,no,no,low
src/modules/institution/domain/customer-timeline.ts,src/modules/institution/domain/followup-customer-timeline.ts,@/modules/institution/domain/followup-customer-timeline,type,institution_internal,institution,institution,domain,domain,customer,followup,no,no,low
src/modules/institution/domain/customer-timeline.ts,src/modules/institution/domain/followup-workflow.ts,@/modules/institution/domain/followup-workflow,type,institution_internal,institution,institution,domain,domain,customer,followup,no,no,low
src/modules/institution/domain/customer-timeline.ts,src/modules/institution/domain/treatment-summaries.ts,@/modules/institution/domain/treatment-summaries,runtime,institution_internal,institution,institution,domain,domain,customer,treatment,no,no,low
src/modules/institution/domain/customer-timeline.ts,src/modules/security/domain/access-control.ts,@/modules/security/domain/access-control,type,cross_module_internal,institution,security,domain,domain,customer,shared,no,no,medium
src/modules/institution/domain/entitlement-usage-view.ts,src/modules/institution/domain/quota-enforcement.ts,@/modules/institution/domain/quota-enforcement,type,institution_internal,institution,institution,domain,domain,entitlement,entitlement,no,no,low
src/modules/institution/domain/followup-contact-safety.ts,src/modules/institution/domain/followup-message-deliveries.ts,@/modules/institution/domain/followup-message-deliveries,type,institution_internal,institution,institution,domain,domain,followup,followup,no,yes,high
src/modules/institution/domain/followup-customer-timeline.ts,src/modules/institution/domain/followup-workflow.ts,@/modules/institution/domain/followup-workflow,type,institution_internal,institution,institution,domain,domain,followup,followup,no,no,low
src/modules/institution/domain/followup-message-deliveries.ts,src/modules/institution/domain/followup-contact-safety.ts,@/modules/institution/domain/followup-contact-safety,type,institution_internal,institution,institution,domain,domain,followup,followup,no,yes,high
src/modules/institution/domain/followup-message-deliveries.ts,src/modules/institution/domain/followup-contact-safety.ts,@/modules/institution/domain/followup-contact-safety,runtime,institution_internal,institution,institution,domain,domain,followup,followup,no,yes,high
src/modules/institution/domain/followup-message-deliveries.ts,src/modules/institution/domain/followup-message-drafts.ts,@/modules/institution/domain/followup-message-drafts,type,institution_internal,institution,institution,domain,domain,followup,followup,no,no,low
src/modules/institution/domain/followup-message-deliveries.ts,src/modules/institution/domain/wecom-authorization.ts,@/modules/institution/domain/wecom-authorization,type,institution_internal,institution,institution,domain,domain,followup,wecom,no,no,low
src/modules/institution/domain/followup-message-deliveries.ts,src/modules/institution/domain/wecom-authorization.ts,@/modules/institution/domain/wecom-authorization,runtime,institution_internal,institution,institution,domain,domain,followup,wecom,no,no,low
src/modules/institution/domain/followup-message-deliveries.ts,src/modules/institution/domain/wecom-customer-contact.ts,@/modules/institution/domain/wecom-customer-contact,type,institution_internal,institution,institution,domain,domain,followup,wecom,no,no,low
src/modules/institution/domain/followup-message-deliveries.ts,src/modules/institution/domain/wecom-reachout-mock.ts,@/modules/institution/domain/wecom-reachout-mock,runtime,institution_internal,institution,institution,domain,domain,followup,wecom,no,yes,high
src/modules/institution/domain/followup-message-drafts.ts,src/modules/institution/domain/followup-workflow.ts,@/modules/institution/domain/followup-workflow,type,institution_internal,institution,institution,domain,domain,followup,followup,no,no,low
src/modules/institution/domain/followup-message-drafts.ts,src/modules/institution/domain/treatment-path-templates.ts,@/modules/institution/domain/treatment-path-templates,type,institution_internal,institution,institution,domain,domain,followup,treatment,no,no,low
src/modules/institution/domain/followup-operations-dashboard.ts,src/modules/institution/domain/followup-customer-timeline.ts,@/modules/institution/domain/followup-customer-timeline,type,institution_internal,institution,institution,domain,domain,followup,followup,no,no,low
src/modules/institution/domain/followup-operations-dashboard.ts,src/modules/institution/domain/followup-message-deliveries.ts,@/modules/institution/domain/followup-message-deliveries,type,institution_internal,institution,institution,domain,domain,followup,followup,no,no,low
src/modules/institution/domain/followup-operations-dashboard.ts,src/modules/institution/domain/followup-message-drafts.ts,@/modules/institution/domain/followup-message-drafts,type,institution_internal,institution,institution,domain,domain,followup,followup,no,no,low
src/modules/institution/domain/followup-operations-dashboard.ts,src/modules/institution/domain/followup-workflow.ts,@/modules/institution/domain/followup-workflow,type,institution_internal,institution,institution,domain,domain,followup,followup,no,no,low
src/modules/institution/domain/followup-operations-dashboard.ts,src/modules/institution/domain/treatment-path-templates.ts,@/modules/institution/domain/treatment-path-templates,runtime,institution_internal,institution,institution,domain,domain,followup,treatment,no,no,low
src/modules/institution/domain/followup-operations-dashboard.ts,src/modules/institution/domain/wecom-authorization.ts,@/modules/institution/domain/wecom-authorization,type,institution_internal,institution,institution,domain,domain,followup,wecom,no,no,low
src/modules/institution/domain/followup-operations-dashboard.ts,src/modules/institution/domain/wecom-authorization.ts,@/modules/institution/domain/wecom-authorization,runtime,institution_internal,institution,institution,domain,domain,followup,wecom,no,no,low
src/modules/institution/domain/followup-operations-dashboard.ts,src/modules/institution/domain/wecom-customer-contact.ts,@/modules/institution/domain/wecom-customer-contact,type,institution_internal,institution,institution,domain,domain,followup,wecom,no,no,low
src/modules/institution/domain/followup-operations-dashboard.ts,src/modules/institution/domain/wecom-customer-contact.ts,@/modules/institution/domain/wecom-customer-contact,runtime,institution_internal,institution,institution,domain,domain,followup,wecom,no,no,low
src/modules/institution/domain/followup-operations-dashboard.ts,src/modules/institution/domain/wecom-reachout-mock.ts,@/modules/institution/domain/wecom-reachout-mock,type,institution_internal,institution,institution,domain,domain,followup,wecom,no,no,low
src/modules/institution/domain/followup-operations-dashboard.ts,src/modules/institution/domain/wecom-reachout-mock.ts,@/modules/institution/domain/wecom-reachout-mock,runtime,institution_internal,institution,institution,domain,domain,followup,wecom,no,no,low
src/modules/institution/domain/followup-path-analysis.ts,src/modules/institution/domain/followup-workflow.ts,@/modules/institution/domain/followup-workflow,type,institution_internal,institution,institution,domain,domain,followup,followup,no,no,low
src/modules/institution/domain/followup-path-analysis.ts,src/modules/institution/domain/treatment-followup-suggestions.ts,@/modules/institution/domain/treatment-followup-suggestions,type,institution_internal,institution,institution,domain,domain,followup,followup,no,no,low
src/modules/institution/domain/followup-path-analysis.ts,src/modules/institution/domain/treatment-summaries.ts,@/modules/institution/domain/treatment-summaries,type,institution_internal,institution,institution,domain,domain,followup,treatment,no,no,low
src/modules/institution/domain/followup-path-enrollment.ts,src/modules/institution/domain/followup-workflow.ts,@/modules/institution/domain/followup-workflow,type,institution_internal,institution,institution,domain,domain,followup,followup,no,no,low
src/modules/institution/domain/followup-path-enrollment.ts,src/modules/institution/domain/treatment-path-templates.ts,@/modules/institution/domain/treatment-path-templates,runtime,institution_internal,institution,institution,domain,domain,followup,treatment,no,no,low
src/modules/institution/domain/followup-path-enrollment.ts,src/modules/institution/domain/treatment-summaries.ts,@/modules/institution/domain/treatment-summaries,type,institution_internal,institution,institution,domain,domain,followup,treatment,no,no,low
src/modules/institution/domain/followup-workflow.ts,src/modules/security/domain/access-control.ts,@/modules/security/domain/access-control,type,cross_module_internal,institution,security,domain,domain,followup,shared,no,no,medium
src/modules/institution/domain/followup-workflow.ts,src/modules/security/domain/access-control.ts,@/modules/security/domain/access-control,runtime,cross_module_internal,institution,security,domain,domain,followup,shared,no,no,medium
src/modules/institution/domain/institution-knowledge-management.ts,src/modules/knowledge-base/domain/v1-knowledge-base-runtime-foundation-api-contract.ts,@/modules/knowledge-base/domain/v1-knowledge-base-runtime-foundation-api-contract,type,cross_module_internal,institution,knowledge-base,domain,domain,knowledge,knowledge,no,no,medium
src/modules/institution/domain/institution-knowledge-management.ts,src/modules/open-platform/server/platformKnowledgeManagementApiContract.ts,@/modules/open-platform/server/platformKnowledgeManagementApiContract,type,cross_module_internal,institution,open-platform,domain,server_service,knowledge,knowledge,yes,no,high
src/modules/institution/domain/opportunity-pool.ts,src/modules/institution/domain/customer-records.ts,@/modules/institution/domain/customer-records,type,institution_internal,institution,institution,domain,domain,opportunity,customer,no,no,low
src/modules/institution/domain/real-channel-preflight.ts,src/modules/audit/domain/audit-events.ts,@/modules/audit/domain/audit-events,type,cross_module_internal,institution,audit,domain,domain,shared,audit,no,no,medium
src/modules/institution/domain/real-channel-preflight.ts,src/modules/institution/domain/ai-auto-strategy.ts,@/modules/institution/domain/ai-auto-strategy,type,institution_internal,institution,institution,domain,domain,shared,ai,no,yes,high
src/modules/institution/domain/real-channel-preflight.ts,src/modules/institution/domain/ai-conversation-workbench.ts,@/modules/institution/domain/ai-conversation-workbench,type,institution_internal,institution,institution,domain,domain,shared,ai,no,yes,high
src/modules/institution/domain/real-channel-preflight.ts,src/modules/security/domain/access-control.ts,@/modules/security/domain/access-control,runtime,cross_module_internal,institution,security,domain,domain,shared,shared,no,no,medium
src/modules/institution/domain/real-channel-preflight.ts,src/modules/security/domain/safety-switch.ts,@/modules/security/domain/safety-switch,runtime,cross_module_internal,institution,security,domain,domain,shared,shared,no,no,medium
src/modules/institution/domain/standard-treatment-event.ts,src/modules/institution/domain/followup-workflow.ts,@/modules/institution/domain/followup-workflow,type,institution_internal,institution,institution,domain,domain,treatment,followup,no,no,low
src/modules/institution/domain/tenant-business-view-models.ts,src/modules/institution/domain/appointment-records.ts,@/modules/institution/domain/appointment-records,type,institution_internal,institution,institution,domain,domain,ai,appointment,no,no,low
src/modules/institution/domain/tenant-business-view-models.ts,src/modules/institution/domain/customer-records.ts,@/modules/institution/domain/customer-records,type,institution_internal,institution,institution,domain,domain,ai,customer,no,no,low
src/modules/institution/domain/tenant-business-view-models.ts,src/modules/institution/domain/followup-workflow.ts,@/modules/institution/domain/followup-workflow,type,institution_internal,institution,institution,domain,domain,ai,followup,no,no,low
src/modules/institution/domain/treatment-followup-suggestions.ts,src/modules/institution/domain/followup-workflow.ts,@/modules/institution/domain/followup-workflow,type,institution_internal,institution,institution,domain,domain,followup,followup,no,no,low
src/modules/institution/domain/treatment-followup-suggestions.ts,src/modules/institution/domain/treatment-path-templates.ts,@/modules/institution/domain/treatment-path-templates,runtime,institution_internal,institution,institution,domain,domain,followup,treatment,no,no,low
src/modules/institution/domain/treatment-path-templates.ts,src/modules/institution/domain/followup-workflow.ts,./followup-workflow,type,institution_internal,institution,institution,domain,domain,treatment,followup,no,no,low
src/modules/institution/domain/treatment-summaries.ts,src/modules/institution/domain/followup-workflow.ts,@/modules/institution/domain/followup-workflow,type,institution_internal,institution,institution,domain,domain,treatment,followup,no,no,low
src/modules/institution/domain/wecom-controlled-reachout.ts,src/modules/audit/domain/audit-events.ts,@/modules/audit/domain/audit-events,type,cross_module_internal,institution,audit,domain,domain,wecom,audit,no,no,medium
src/modules/institution/domain/wecom-controlled-reachout.ts,src/modules/institution/domain/followup-message-deliveries.ts,@/modules/institution/domain/followup-message-deliveries,type,institution_internal,institution,institution,domain,domain,wecom,followup,no,no,low
src/modules/institution/domain/wecom-controlled-reachout.ts,src/modules/institution/domain/followup-message-drafts.ts,@/modules/institution/domain/followup-message-drafts,type,institution_internal,institution,institution,domain,domain,wecom,followup,no,no,low
src/modules/institution/domain/wecom-controlled-reachout.ts,src/modules/institution/domain/trusted-reachout-safety.ts,@/modules/institution/domain/trusted-reachout-safety,type,institution_internal,institution,institution,domain,domain,wecom,shared,no,no,low
src/modules/institution/domain/wecom-controlled-reachout.ts,src/modules/institution/domain/trusted-reachout-safety.ts,@/modules/institution/domain/trusted-reachout-safety,runtime,institution_internal,institution,institution,domain,domain,wecom,shared,no,no,low
src/modules/institution/domain/wecom-controlled-reachout.ts,src/modules/institution/server/trusted-reachout-safety-repository.ts,@/modules/institution/server/trusted-reachout-safety-repository,type,institution_internal,institution,institution,domain,server_repository,wecom,shared,yes,no,high
src/modules/institution/domain/wecom-controlled-reachout.ts,src/modules/institution/server/wecom-customer-mapping-repository.ts,@/modules/institution/server/wecom-customer-mapping-repository,type,institution_internal,institution,institution,domain,server_repository,wecom,wecom,yes,no,high
src/modules/institution/domain/wecom-customer-contact-readonly-proof-mock.ts,src/modules/institution/domain/wecom-customer-contact-precheck.ts,@/modules/institution/domain/wecom-customer-contact-precheck,type,institution_internal,institution,institution,domain,domain,wecom,wecom,no,no,low
src/modules/institution/domain/wecom-customer-contact.ts,src/modules/institution/domain/wecom-authorization.ts,@/modules/institution/domain/wecom-authorization,type,institution_internal,institution,institution,domain,domain,wecom,wecom,no,no,low
src/modules/institution/domain/wecom-customer-contact.ts,src/modules/institution/domain/wecom-authorization.ts,@/modules/institution/domain/wecom-authorization,runtime,institution_internal,institution,institution,domain,domain,wecom,wecom,no,no,low
src/modules/institution/domain/wecom-customer-mapping-review-actions.ts,,node:crypto,runtime,external_package,institution,node:crypto,domain,external_package,wecom,,no,no,low
src/modules/institution/domain/wecom-customer-mapping-review-actions.ts,,node:util,runtime,external_package,institution,node:util,domain,external_package,wecom,,no,no,low
src/modules/institution/domain/wecom-customer-mapping-review.ts,,node:crypto,runtime,external_package,institution,node:crypto,domain,external_package,wecom,,no,no,low
src/modules/institution/domain/wecom-customer-mapping-review.ts,,node:util,runtime,external_package,institution,node:util,domain,external_package,wecom,,no,no,low
src/modules/institution/domain/wecom-official-dry-run-config.ts,src/modules/audit/domain/audit-events.ts,@/modules/audit/domain/audit-events,type,cross_module_internal,institution,audit,domain,domain,wecom,audit,no,no,medium
src/modules/institution/domain/wecom-official-dry-run-config.ts,src/modules/institution/domain/real-channel-preflight.ts,@/modules/institution/domain/real-channel-preflight,type,institution_internal,institution,institution,domain,domain,wecom,shared,no,yes,high
src/modules/institution/domain/wecom-official-dry-run-config.ts,src/modules/security/domain/access-control.ts,@/modules/security/domain/access-control,type,cross_module_internal,institution,security,domain,domain,wecom,shared,no,no,medium
src/modules/institution/domain/wecom-official-dry-run.ts,src/modules/audit/domain/audit-events.ts,@/modules/audit/domain/audit-events,type,cross_module_internal,institution,audit,domain,domain,wecom,audit,no,no,medium
src/modules/institution/domain/wecom-official-dry-run.ts,src/modules/institution/domain/real-channel-preflight.ts,@/modules/institution/domain/real-channel-preflight,type,institution_internal,institution,institution,domain,domain,wecom,shared,no,yes,high
src/modules/institution/domain/wecom-official-dry-run.ts,src/modules/institution/domain/wecom-official-dry-run-config.ts,@/modules/institution/domain/wecom-official-dry-run-config,runtime,institution_internal,institution,institution,domain,domain,wecom,wecom,no,yes,high
src/modules/institution/domain/wecom-official-dry-run.ts,src/modules/security/domain/access-control.ts,@/modules/security/domain/access-control,type,cross_module_internal,institution,security,domain,domain,wecom,shared,no,no,medium
src/modules/institution/domain/wecom-reachout-mock.ts,src/modules/institution/domain/followup-contact-safety.ts,@/modules/institution/domain/followup-contact-safety,type,institution_internal,institution,institution,domain,domain,wecom,followup,no,yes,high
src/modules/institution/domain/wecom-reachout-mock.ts,src/modules/institution/domain/followup-message-deliveries.ts,@/modules/institution/domain/followup-message-deliveries,type,institution_internal,institution,institution,domain,domain,wecom,followup,no,yes,high
src/modules/institution/domain/wecom-reachout-mock.ts,src/modules/institution/domain/followup-message-drafts.ts,@/modules/institution/domain/followup-message-drafts,type,institution_internal,institution,institution,domain,domain,wecom,followup,no,no,low
src/modules/institution/domain/wecom-reachout-mock.ts,src/modules/institution/domain/wecom-authorization.ts,@/modules/institution/domain/wecom-authorization,type,institution_internal,institution,institution,domain,domain,wecom,wecom,no,no,low
src/modules/institution/domain/wecom-reachout-mock.ts,src/modules/institution/domain/wecom-authorization.ts,@/modules/institution/domain/wecom-authorization,runtime,institution_internal,institution,institution,domain,domain,wecom,wecom,no,no,low
src/modules/institution/domain/wecom-reachout-mock.ts,src/modules/institution/domain/wecom-customer-contact.ts,@/modules/institution/domain/wecom-customer-contact,type,institution_internal,institution,institution,domain,domain,wecom,wecom,no,no,low
src/modules/institution/domain/wecom-real-send-proof.ts,,node:crypto,runtime,external_package,institution,node:crypto,domain,external_package,wecom,,no,no,low
src/modules/institution/domain/wecom-real-send-proof.ts,src/modules/security/domain/access-control.ts,@/modules/security/domain/access-control,type,cross_module_internal,institution,security,domain,domain,wecom,shared,no,no,medium
src/modules/institution/server/ai-credit-metering-rules-repository.ts,,drizzle-orm,runtime,external_package,institution,drizzle-orm,server_repository,external_package,ai,,no,no,low
src/modules/institution/server/ai-credit-metering-rules-repository.ts,src/modules/institution/domain/ai-credits-metering.ts,@/modules/institution/domain/ai-credits-metering,type,institution_internal,institution,institution,server_repository,domain,ai,ai,no,no,low
src/modules/institution/server/ai-credit-metering-rules-repository.ts,src/server/db/client.ts,@/server/db/client,type,cross_module_internal,institution,server,server_repository,client,ai,shared,no,no,medium
src/modules/institution/server/ai-credit-metering-rules-repository.ts,src/server/db/schema.ts,@/server/db/schema,runtime,cross_module_internal,institution,server,server_repository,server_service,ai,shared,no,no,medium
src/modules/institution/server/customer-import.ts,,node:util,runtime,external_package,institution,node:util,server_service,external_package,customer,,no,no,low
src/modules/institution/server/customer-import.ts,src/modules/institution/domain/customer-import.ts,@/modules/institution/domain/customer-import,runtime,institution_internal,institution,institution,server_service,domain,customer,customer,no,no,low
src/modules/institution/server/customer-import.ts,src/modules/institution/domain/customer-records.ts,@/modules/institution/domain/customer-records,type,institution_internal,institution,institution,server_service,domain,customer,customer,no,no,low
src/modules/institution/server/entitlement-usage-service.ts,src/modules/institution/domain/entitlement-usage-view.ts,@/modules/institution/domain/entitlement-usage-view,runtime,institution_internal,institution,institution,server_service,domain,entitlement,entitlement,no,no,low
src/modules/institution/server/entitlement-usage-service.ts,src/modules/institution/server/tenant-quota-enforcement.ts,@/modules/institution/server/tenant-quota-enforcement,runtime,institution_internal,institution,institution,server_service,server_service,entitlement,entitlement,no,no,low
src/modules/institution/server/entitlement-usage-service.ts,src/server/db/client.ts,@/server/db/client,type,cross_module_internal,institution,server,server_service,client,entitlement,shared,no,no,medium
src/modules/institution/server/followup-customer-timeline-service.ts,src/modules/institution/domain/followup-customer-timeline.ts,@/modules/institution/domain/followup-customer-timeline,runtime,institution_internal,institution,institution,server_service,domain,followup,followup,no,no,low
src/modules/institution/server/followup-customer-timeline-service.ts,src/modules/institution/domain/followup-message-deliveries.ts,@/modules/institution/domain/followup-message-deliveries,type,institution_internal,institution,institution,server_service,domain,followup,followup,no,no,low
src/modules/institution/server/followup-customer-timeline-service.ts,src/modules/institution/domain/followup-message-deliveries.ts,@/modules/institution/domain/followup-message-deliveries,runtime,institution_internal,institution,institution,server_service,domain,followup,followup,no,no,low
src/modules/institution/server/followup-customer-timeline-service.ts,src/modules/institution/domain/followup-message-drafts.ts,@/modules/institution/domain/followup-message-drafts,type,institution_internal,institution,institution,server_service,domain,followup,followup,no,no,low
src/modules/institution/server/followup-customer-timeline-service.ts,src/modules/institution/domain/followup-path-enrollment.ts,@/modules/institution/domain/followup-path-enrollment,type,institution_internal,institution,institution,server_service,domain,followup,followup,no,no,low
src/modules/institution/server/followup-customer-timeline-service.ts,src/modules/institution/domain/followup-workflow.ts,@/modules/institution/domain/followup-workflow,type,institution_internal,institution,institution,server_service,domain,followup,followup,no,no,low
src/modules/institution/server/followup-customer-timeline-service.ts,src/modules/institution/domain/wecom-reachout-mock.ts,@/modules/institution/domain/wecom-reachout-mock,runtime,institution_internal,institution,institution,server_service,domain,followup,wecom,no,no,low
src/modules/institution/server/followup-customer-timeline-service.ts,src/modules/institution/server/tenant-business-repository.ts,@/modules/institution/server/tenant-business-repository,type,institution_internal,institution,institution,server_service,server_repository,followup,shared,no,no,low
src/modules/institution/server/followup-customer-timeline-service.ts,src/modules/security/domain/access-control.ts,@/modules/security/domain/access-control,type,cross_module_internal,institution,security,server_service,domain,followup,shared,no,no,medium
src/modules/institution/server/followup-customer-timeline-service.ts,src/modules/security/domain/access-control.ts,@/modules/security/domain/access-control,runtime,cross_module_internal,institution,security,server_service,domain,followup,shared,no,no,medium
src/modules/institution/server/followup-message-draft-api.ts,,next/server,runtime,external_package,institution,next,server_service,external_package,followup,,no,no,low
src/modules/institution/server/followup-message-draft-api.ts,src/modules/audit/domain/audit-events.ts,@/modules/audit/domain/audit-events,runtime,cross_module_internal,institution,audit,server_service,domain,followup,audit,no,no,medium
src/modules/institution/server/followup-message-draft-api.ts,src/modules/security/domain/access-control.ts,@/modules/security/domain/access-control,type,cross_module_internal,institution,security,server_service,domain,followup,shared,no,no,medium
src/modules/institution/server/followup-message-draft-service.ts,src/modules/audit/domain/audit-events.ts,@/modules/audit/domain/audit-events,runtime,cross_module_internal,institution,audit,server_service,domain,followup,audit,no,no,medium
src/modules/institution/server/followup-message-draft-service.ts,src/modules/audit/server/audit-event-repository.ts,@/modules/audit/server/audit-event-repository,type,cross_module_internal,institution,audit,server_service,server_repository,followup,audit,no,no,medium
src/modules/institution/server/followup-message-draft-service.ts,src/modules/institution/domain/followup-message-deliveries.ts,@/modules/institution/domain/followup-message-deliveries,runtime,institution_internal,institution,institution,server_service,domain,followup,followup,no,no,low
src/modules/institution/server/followup-message-draft-service.ts,src/modules/institution/domain/followup-message-drafts.ts,@/modules/institution/domain/followup-message-drafts,runtime,institution_internal,institution,institution,server_service,domain,followup,followup,no,no,low
src/modules/institution/server/followup-message-draft-service.ts,src/modules/institution/server/followup-customer-timeline-service.ts,@/modules/institution/server/followup-customer-timeline-service,runtime,institution_internal,institution,institution,server_service,server_service,followup,followup,no,no,low
src/modules/institution/server/followup-message-draft-service.ts,src/modules/institution/server/tenant-business-repository.ts,@/modules/institution/server/tenant-business-repository,type,institution_internal,institution,institution,server_service,server_repository,followup,shared,no,no,low
src/modules/institution/server/followup-message-draft-service.ts,src/modules/security/domain/access-control.ts,@/modules/security/domain/access-control,type,cross_module_internal,institution,security,server_service,domain,followup,shared,no,no,medium
src/modules/institution/server/followup-message-draft-service.ts,src/modules/security/domain/access-control.ts,@/modules/security/domain/access-control,runtime,cross_module_internal,institution,security,server_service,domain,followup,shared,no,no,medium
src/modules/institution/server/followup-operations-dashboard-service.ts,src/modules/institution/domain/followup-operations-dashboard.ts,@/modules/institution/domain/followup-operations-dashboard,runtime,institution_internal,institution,institution,server_service,domain,followup,followup,no,no,low
src/modules/institution/server/followup-operations-dashboard-service.ts,src/modules/institution/server/tenant-business-repository.ts,@/modules/institution/server/tenant-business-repository,type,institution_internal,institution,institution,server_service,server_repository,followup,shared,no,no,low
src/modules/institution/server/followup-operations-dashboard-service.ts,src/modules/security/domain/access-control.ts,@/modules/security/domain/access-control,type,cross_module_internal,institution,security,server_service,domain,followup,shared,no,no,medium
src/modules/institution/server/followup-operations-dashboard-service.ts,src/modules/security/domain/access-control.ts,@/modules/security/domain/access-control,runtime,cross_module_internal,institution,security,server_service,domain,followup,shared,no,no,medium
src/modules/institution/server/followup-path-analysis-service.ts,src/modules/audit/server/audit-event-repository.ts,@/modules/audit/server/audit-event-repository,type,cross_module_internal,institution,audit,server_service,server_repository,followup,audit,no,no,medium
src/modules/institution/server/followup-path-analysis-service.ts,src/modules/institution/domain/followup-path-analysis.ts,@/modules/institution/domain/followup-path-analysis,runtime,institution_internal,institution,institution,server_service,domain,followup,followup,no,no,low
src/modules/institution/server/followup-path-analysis-service.ts,src/modules/institution/domain/treatment-followup-suggestions.ts,@/modules/institution/domain/treatment-followup-suggestions,runtime,institution_internal,institution,institution,server_service,domain,followup,followup,no,no,low
src/modules/institution/server/followup-path-analysis-service.ts,src/modules/institution/server/tenant-business-repository.ts,@/modules/institution/server/tenant-business-repository,type,institution_internal,institution,institution,server_service,server_repository,followup,shared,no,no,low
src/modules/institution/server/followup-path-analysis-service.ts,src/modules/institution/server/treatment-summary-repository.ts,@/modules/institution/server/treatment-summary-repository,type,institution_internal,institution,institution,server_service,server_repository,followup,treatment,no,no,low
src/modules/institution/server/followup-path-enrollment-service.ts,src/modules/institution/domain/followup-path-enrollment.ts,@/modules/institution/domain/followup-path-enrollment,runtime,institution_internal,institution,institution,server_service,domain,followup,followup,no,no,low
src/modules/institution/server/followup-path-enrollment-service.ts,src/modules/institution/domain/treatment-path-templates.ts,@/modules/institution/domain/treatment-path-templates,type,institution_internal,institution,institution,server_service,domain,followup,treatment,no,no,low
src/modules/institution/server/followup-path-enrollment-service.ts,src/modules/institution/domain/treatment-path-templates.ts,@/modules/institution/domain/treatment-path-templates,runtime,institution_internal,institution,institution,server_service,domain,followup,treatment,no,no,low
src/modules/institution/server/followup-path-enrollment-service.ts,src/modules/institution/domain/treatment-path-templates.ts,@/modules/institution/domain/treatment-path-templates,type,institution_internal,institution,institution,server_service,domain,followup,treatment,no,no,low
src/modules/institution/server/followup-path-enrollment-service.ts,src/modules/institution/server/followup-customer-timeline-service.ts,@/modules/institution/server/followup-customer-timeline-service,runtime,institution_internal,institution,institution,server_service,server_service,followup,followup,no,no,low
src/modules/institution/server/followup-path-enrollment-service.ts,src/modules/institution/server/tenant-business-repository.ts,@/modules/institution/server/tenant-business-repository,type,institution_internal,institution,institution,server_service,server_repository,followup,shared,no,no,low
src/modules/institution/server/followup-path-enrollment-service.ts,src/modules/institution/server/treatment-summary-repository.ts,@/modules/institution/server/treatment-summary-repository,type,institution_internal,institution,institution,server_service,server_repository,followup,treatment,no,no,low
src/modules/institution/server/followup-path-enrollment-service.ts,src/modules/security/domain/access-control.ts,@/modules/security/domain/access-control,type,cross_module_internal,institution,security,server_service,domain,followup,shared,no,no,medium
src/modules/institution/server/followup-path-enrollment-service.ts,src/modules/security/domain/access-control.ts,@/modules/security/domain/access-control,runtime,cross_module_internal,institution,security,server_service,domain,followup,shared,no,no,medium
src/modules/institution/server/his-connection-credential-compensation-job-queue-repository.ts,,drizzle-orm,runtime,external_package,institution,drizzle-orm,server_repository,external_package,his,,no,no,low
src/modules/institution/server/his-connection-credential-compensation-job-queue-repository.ts,,node:crypto,runtime,external_package,institution,node:crypto,server_repository,external_package,his,,no,no,low
src/modules/institution/server/his-connection-credential-compensation-job-queue-repository.ts,src/modules/institution/server/his-connection-credential-provider-failure.ts,@/modules/institution/server/his-connection-credential-provider-failure,runtime,institution_internal,institution,institution,server_repository,server_service,his,his,no,no,low
src/modules/institution/server/his-connection-credential-compensation-job-queue-repository.ts,src/server/db/client.ts,@/server/db/client,type,cross_module_internal,institution,server,server_repository,client,his,shared,no,no,medium
src/modules/institution/server/his-connection-credential-compensation-job-queue-repository.ts,src/server/db/schema.ts,@/server/db/schema,runtime,cross_module_internal,institution,server,server_repository,server_service,his,shared,no,no,medium
src/modules/institution/server/his-connection-credential-compensation-operation-repository.ts,,drizzle-orm,runtime,external_package,institution,drizzle-orm,server_repository,external_package,his,,no,no,low
src/modules/institution/server/his-connection-credential-compensation-operation-repository.ts,,node:crypto,runtime,external_package,institution,node:crypto,server_repository,external_package,his,,no,no,low
src/modules/institution/server/his-connection-credential-compensation-operation-repository.ts,src/modules/institution/server/his-connection-credential-provider-failure.ts,@/modules/institution/server/his-connection-credential-provider-failure,runtime,institution_internal,institution,institution,server_repository,server_service,his,his,no,no,low
src/modules/institution/server/his-connection-credential-compensation-operation-repository.ts,src/server/db/client.ts,@/server/db/client,type,cross_module_internal,institution,server,server_repository,client,his,shared,no,no,medium
src/modules/institution/server/his-connection-credential-compensation-operation-repository.ts,src/server/db/schema.ts,@/server/db/schema,runtime,cross_module_internal,institution,server,server_repository,server_service,his,shared,no,no,medium
src/modules/institution/server/his-connection-credential-compensation-worker.ts,,node:crypto,runtime,external_package,institution,node:crypto,server_service,external_package,his,,no,no,low
src/modules/institution/server/his-connection-credential-compensation-worker.ts,src/modules/institution/server/his-connection-credential-compensation-job-queue-repository.ts,@/modules/institution/server/his-connection-credential-compensation-job-queue-repository,type,institution_internal,institution,institution,server_service,server_repository,his,his,no,no,low
src/modules/institution/server/his-connection-credential-compensation-worker.ts,src/modules/institution/server/his-connection-credential-compensation-operation-repository.ts,@/modules/institution/server/his-connection-credential-compensation-operation-repository,type,institution_internal,institution,institution,server_service,server_repository,his,his,no,no,low
src/modules/institution/server/his-connection-credential-compensation-worker.ts,src/modules/institution/server/his-connection-credential-compensation-retry-policy.ts,@/modules/institution/server/his-connection-credential-compensation-retry-policy,runtime,institution_internal,institution,institution,server_service,server_service,his,his,no,no,low
src/modules/institution/server/his-connection-credential-provider-failure.ts,,node:crypto,runtime,external_package,institution,node:crypto,server_service,external_package,his,,no,no,low
src/modules/institution/server/his-connection-credential-service.ts,src/modules/audit/domain/audit-events.ts,@/modules/audit/domain/audit-events,runtime,cross_module_internal,institution,audit,server_service,domain,his,audit,no,no,medium
src/modules/institution/server/his-connection-credential-service.ts,src/modules/audit/server/audit-event-repository.ts,@/modules/audit/server/audit-event-repository,type,cross_module_internal,institution,audit,server_service,server_repository,his,audit,no,no,medium
src/modules/institution/server/his-connection-credential-service.ts,src/modules/institution/server/his-connection-credential-dto.ts,@/modules/institution/server/his-connection-credential-dto,runtime,institution_internal,institution,institution,server_service,server_service,his,his,no,no,low
src/modules/institution/server/his-connection-credential-service.ts,src/modules/institution/server/his-connection-credential-input.ts,@/modules/institution/server/his-connection-credential-input,type,institution_internal,institution,institution,server_service,server_service,his,his,no,no,low
src/modules/institution/server/his-connection-credential-service.ts,src/modules/institution/server/his-connection-credential-provider-failure.ts,@/modules/institution/server/his-connection-credential-provider-failure,runtime,institution_internal,institution,institution,server_service,server_service,his,his,no,no,low
src/modules/institution/server/his-connection-credential-service.ts,src/modules/institution/server/his-connection-credential-storage.ts,@/modules/institution/server/his-connection-credential-storage,type,institution_internal,institution,institution,server_service,server_service,his,his,no,no,low
src/modules/institution/server/his-connection-credential-service.ts,src/modules/institution/server/his-connection-repository.ts,@/modules/institution/server/his-connection-repository,runtime,institution_internal,institution,institution,server_service,server_repository,his,his,no,no,low
src/modules/institution/server/his-connection-credential-service.ts,src/modules/security/domain/access-control.ts,@/modules/security/domain/access-control,type,cross_module_internal,institution,security,server_service,domain,his,shared,no,no,medium
src/modules/institution/server/his-connection-credential-service.ts,src/server/db/client.ts,@/server/db/client,type,cross_module_internal,institution,server,server_service,client,his,shared,no,no,medium
src/modules/institution/server/his-connection-credential-storage.ts,,node:crypto,runtime,external_package,institution,node:crypto,server_service,external_package,his,,no,no,low
src/modules/institution/server/his-connection-repository.ts,,drizzle-orm,runtime,external_package,institution,drizzle-orm,server_repository,external_package,his,,no,no,low
src/modules/institution/server/his-connection-repository.ts,,node:crypto,runtime,external_package,institution,node:crypto,server_repository,external_package,his,,no,no,low
src/modules/institution/server/his-connection-repository.ts,src/server/db/client.ts,@/server/db/client,type,cross_module_internal,institution,server,server_repository,client,his,shared,no,no,medium
src/modules/institution/server/his-connection-repository.ts,src/server/db/schema.ts,@/server/db/schema,runtime,cross_module_internal,institution,server,server_repository,server_service,his,shared,no,no,medium
src/modules/institution/server/his-connection-status-service.ts,src/modules/audit/domain/audit-events.ts,@/modules/audit/domain/audit-events,runtime,cross_module_internal,institution,audit,server_service,domain,his,audit,no,no,medium
src/modules/institution/server/his-connection-status-service.ts,src/modules/audit/server/audit-event-repository.ts,@/modules/audit/server/audit-event-repository,runtime,cross_module_internal,institution,audit,server_service,server_repository,his,audit,no,no,medium
src/modules/institution/server/his-connection-status-service.ts,src/modules/institution/server/his-connection-repository.ts,@/modules/institution/server/his-connection-repository,runtime,institution_internal,institution,institution,server_service,server_repository,his,his,no,no,low
src/modules/institution/server/his-connection-status-service.ts,src/modules/security/domain/access-control.ts,@/modules/security/domain/access-control,type,cross_module_internal,institution,security,server_service,domain,his,shared,no,no,medium
src/modules/institution/server/his-connection-status-service.ts,src/server/db/client.ts,@/server/db/client,type,cross_module_internal,institution,server,server_service,client,his,shared,no,no,medium
src/modules/institution/server/his-connection-test-connection-fake-provider.ts,src/modules/institution/server/his-connection-repository.ts,@/modules/institution/server/his-connection-repository,type,institution_internal,institution,institution,server_service,server_repository,his,his,no,no,low
src/modules/institution/server/his-connection-test-connection-service.ts,src/modules/audit/domain/audit-events.ts,@/modules/audit/domain/audit-events,runtime,cross_module_internal,institution,audit,server_service,domain,his,audit,no,no,medium
src/modules/institution/server/his-connection-test-connection-service.ts,src/modules/audit/server/audit-event-repository.ts,@/modules/audit/server/audit-event-repository,runtime,cross_module_internal,institution,audit,server_service,server_repository,his,audit,no,no,medium
src/modules/institution/server/his-connection-test-connection-service.ts,src/modules/institution/server/his-connection-repository.ts,@/modules/institution/server/his-connection-repository,runtime,institution_internal,institution,institution,server_service,server_repository,his,his,no,no,low
src/modules/institution/server/his-connection-test-connection-service.ts,src/modules/institution/server/his-connection-test-connection-fake-provider.ts,@/modules/institution/server/his-connection-test-connection-fake-provider,runtime,institution_internal,institution,institution,server_service,server_service,his,his,no,no,low
src/modules/institution/server/his-connection-test-connection-service.ts,src/modules/security/domain/access-control.ts,@/modules/security/domain/access-control,type,cross_module_internal,institution,security,server_service,domain,his,shared,no,no,medium
src/modules/institution/server/his-connection-test-connection-service.ts,src/server/db/client.ts,@/server/db/client,type,cross_module_internal,institution,server,server_service,client,his,shared,no,no,medium
src/modules/institution/server/his-connection-write-service.ts,src/modules/audit/domain/audit-events.ts,@/modules/audit/domain/audit-events,runtime,cross_module_internal,institution,audit,server_service,domain,his,audit,no,no,medium
src/modules/institution/server/his-connection-write-service.ts,src/modules/audit/server/audit-event-repository.ts,@/modules/audit/server/audit-event-repository,runtime,cross_module_internal,institution,audit,server_service,server_repository,his,audit,no,no,medium
src/modules/institution/server/his-connection-write-service.ts,src/modules/institution/server/his-connection-repository.ts,@/modules/institution/server/his-connection-repository,runtime,institution_internal,institution,institution,server_service,server_repository,his,his,no,no,low
src/modules/institution/server/his-connection-write-service.ts,src/modules/institution/server/his-connection-write-input.ts,@/modules/institution/server/his-connection-write-input,type,institution_internal,institution,institution,server_service,server_service,his,his,no,no,low
src/modules/institution/server/his-connection-write-service.ts,src/modules/security/domain/access-control.ts,@/modules/security/domain/access-control,type,cross_module_internal,institution,security,server_service,domain,his,shared,no,no,medium
src/modules/institution/server/his-connection-write-service.ts,src/server/db/client.ts,@/server/db/client,type,cross_module_internal,institution,server,server_service,client,his,shared,no,no,medium
src/modules/institution/server/institution-ai-call-service.ts,,node:crypto,runtime,external_package,institution,node:crypto,server_service,external_package,ai,,no,no,low
src/modules/institution/server/institution-ai-call-service.ts,src/modules/institution/domain/ai-credits-metering.ts,@/modules/institution/domain/ai-credits-metering,runtime,institution_internal,institution,institution,server_service,domain,ai,ai,no,no,low
src/modules/institution/server/institution-ai-call-service.ts,src/modules/institution/domain/institution-knowledge-management.ts,@/modules/institution/domain/institution-knowledge-management,runtime,institution_internal,institution,institution,server_service,domain,ai,knowledge,no,no,low
src/modules/institution/server/institution-ai-call-service.ts,src/modules/institution/server/ai-credit-metering-rules-repository.ts,@/modules/institution/server/ai-credit-metering-rules-repository,runtime,institution_internal,institution,institution,server_service,server_repository,ai,ai,no,no,low
src/modules/institution/server/institution-ai-call-service.ts,src/modules/institution/server/institution-knowledge-keyword-search-service.ts,@/modules/institution/server/institution-knowledge-keyword-search-service,runtime,institution_internal,institution,institution,server_service,server_service,ai,knowledge,no,no,low
src/modules/institution/server/institution-ai-call-service.ts,src/modules/open-platform/server/platform-knowledge-management-repository.ts,@/modules/open-platform/server/platform-knowledge-management-repository,runtime,cross_module_internal,institution,open-platform,server_service,server_repository,ai,knowledge,no,no,medium
src/modules/institution/server/institution-ai-call-service.ts,src/modules/security/server/secretEncryption.ts,@/modules/security/server/secretEncryption,runtime,cross_module_internal,institution,security,server_service,server_service,ai,shared,no,no,medium
src/modules/institution/server/institution-ai-call-service.ts,src/modules/security/server/secretEncryption.ts,@/modules/security/server/secretEncryption,type,cross_module_internal,institution,security,server_service,server_service,ai,shared,no,no,medium
src/modules/institution/server/institution-ai-call-usage-repository.ts,,drizzle-orm,runtime,external_package,institution,drizzle-orm,server_repository,external_package,entitlement,,no,no,low
src/modules/institution/server/institution-ai-call-usage-repository.ts,src/modules/institution-system/server/institution-ai-usage-metrics-reader.ts,@/modules/institution-system/server/institution-ai-usage-metrics-reader,runtime,cross_module_internal,institution,institution-system,server_repository,server_service,entitlement,entitlement,no,no,medium
src/modules/institution/server/institution-ai-call-usage-repository.ts,src/modules/institution/domain/ai-credits-metering.ts,@/modules/institution/domain/ai-credits-metering,type,institution_internal,institution,institution,server_repository,domain,entitlement,ai,no,no,low
src/modules/institution/server/institution-ai-call-usage-repository.ts,src/modules/institution/server/institution-ai-call-service.ts,@/modules/institution/server/institution-ai-call-service,type,institution_internal,institution,institution,server_repository,server_service,entitlement,ai,no,no,low
src/modules/institution/server/institution-ai-call-usage-repository.ts,src/modules/security/server/secretEncryption.ts,@/modules/security/server/secretEncryption,type,cross_module_internal,institution,security,server_repository,server_service,entitlement,shared,no,no,medium
src/modules/institution/server/institution-ai-call-usage-repository.ts,src/server/db/client.ts,@/server/db/client,type,cross_module_internal,institution,server,server_repository,client,entitlement,shared,no,no,medium
src/modules/institution/server/institution-ai-call-usage-repository.ts,src/server/db/schema.ts,@/server/db/schema,runtime,cross_module_internal,institution,server,server_repository,server_service,entitlement,shared,no,no,medium
src/modules/institution/server/institution-ai-service-usage.ts,,drizzle-orm,runtime,external_package,institution,drizzle-orm,server_service,external_package,entitlement,,no,no,low
src/modules/institution/server/institution-ai-service-usage.ts,src/modules/institution/domain/package-ai-quota-contract.ts,@/modules/institution/domain/package-ai-quota-contract,runtime,institution_internal,institution,institution,server_service,domain,entitlement,entitlement,no,no,low
src/modules/institution/server/institution-ai-service-usage.ts,src/modules/institution/server/institution-ai-call-service.ts,@/modules/institution/server/institution-ai-call-service,type,institution_internal,institution,institution,server_service,server_service,entitlement,ai,no,no,low
src/modules/institution/server/institution-ai-service-usage.ts,src/modules/institution/server/package-ai-quota-readonly-source.ts,@/modules/institution/server/package-ai-quota-readonly-source,runtime,institution_internal,institution,institution,server_service,server_service,entitlement,entitlement,no,no,low
src/modules/institution/server/institution-ai-service-usage.ts,src/server/db/client.ts,@/server/db/client,type,cross_module_internal,institution,server,server_service,client,entitlement,shared,no,no,medium
src/modules/institution/server/institution-ai-service-usage.ts,src/server/db/schema.ts,@/server/db/schema,runtime,cross_module_internal,institution,server,server_service,server_service,entitlement,shared,no,no,medium
src/modules/institution/server/institution-capability-status-evaluator.ts,src/modules/institution-contracts/v1/institution-capability-registry.ts,@/modules/institution-contracts/v1/institution-capability-registry,runtime,cross_module_internal,institution,institution-contracts,server_service,other,shared,shared,no,no,medium
src/modules/institution/server/institution-capability-status-evaluator.ts,src/modules/institution-contracts/v1/institution-capability.ts,@/modules/institution-contracts/v1/institution-capability,runtime,cross_module_internal,institution,institution-contracts,server_service,other,shared,shared,no,no,medium
src/modules/institution/server/institution-capability-status-evaluator.ts,src/modules/institution/server/strict-input-snapshot.ts,@/modules/institution/server/strict-input-snapshot,runtime,institution_internal,institution,institution,server_service,server_service,shared,shared,no,no,low
src/modules/institution/server/institution-capability-status-reader.ts,src/modules/institution-contracts/v1/institution-capability-registry.ts,@/modules/institution-contracts/v1/institution-capability-registry,runtime,cross_module_internal,institution,institution-contracts,server_service,other,shared,shared,no,no,medium
src/modules/institution/server/institution-capability-status-reader.ts,src/modules/institution-contracts/v1/institution-capability.ts,@/modules/institution-contracts/v1/institution-capability,type,cross_module_internal,institution,institution-contracts,server_service,other,shared,shared,no,no,medium
src/modules/institution/server/institution-capability-status-reader.ts,src/modules/institution-contracts/v1/institution-source.ts,@/modules/institution-contracts/v1/institution-source,runtime,cross_module_internal,institution,institution-contracts,server_service,other,shared,shared,no,no,medium
src/modules/institution/server/institution-capability-status-reader.ts,src/modules/institution/server/institution-capability-status-evaluator.ts,@/modules/institution/server/institution-capability-status-evaluator,runtime,institution_internal,institution,institution,server_service,server_service,shared,shared,no,no,low
src/modules/institution/server/institution-capability-status-reader.ts,src/modules/institution/server/strict-input-snapshot.ts,@/modules/institution/server/strict-input-snapshot,runtime,institution_internal,institution,institution,server_service,server_service,shared,shared,no,no,low
src/modules/institution/server/institution-knowledge-file-management-service.ts,src/modules/open-platform/server/platform-knowledge-file-management-service.ts,@/modules/open-platform/server/platform-knowledge-file-management-service,runtime,cross_module_internal,institution,open-platform,server_service,server_service,knowledge,knowledge,no,no,medium
src/modules/institution/server/institution-knowledge-file-parsing-service.ts,src/modules/open-platform/server/platform-knowledge-document-parsing-service.ts,@/modules/open-platform/server/platform-knowledge-document-parsing-service,runtime,cross_module_internal,institution,open-platform,server_service,server_service,knowledge,knowledge,no,no,medium
src/modules/institution/server/institution-knowledge-file-parsing-service.ts,src/modules/open-platform/server/platform-knowledge-file-management-service.ts,@/modules/open-platform/server/platform-knowledge-file-management-service,type,cross_module_internal,institution,open-platform,server_service,server_service,knowledge,knowledge,no,no,medium
src/modules/institution/server/institution-knowledge-keyword-search-service.ts,src/modules/open-platform/server/platform-knowledge-keyword-search-service.ts,@/modules/open-platform/server/platform-knowledge-keyword-search-service,runtime,cross_module_internal,institution,open-platform,server_service,server_service,knowledge,knowledge,no,no,medium
src/modules/institution/server/institution-knowledge-management-service.ts,src/modules/institution/domain/institution-knowledge-management.ts,@/modules/institution/domain/institution-knowledge-management,type,institution_internal,institution,institution,server_service,domain,knowledge,knowledge,no,no,low
src/modules/institution/server/institution-knowledge-management-service.ts,src/modules/institution/server/institution-knowledge-write-repository.ts,./institution-knowledge-write-repository,type,institution_internal,institution,institution,server_service,server_repository,knowledge,knowledge,no,no,low
src/modules/institution/server/institution-knowledge-management-service.ts,src/modules/open-platform/server/platform-knowledge-management-repository.ts,@/modules/open-platform/server/platform-knowledge-management-repository,type,cross_module_internal,institution,open-platform,server_service,server_repository,knowledge,knowledge,no,no,medium
src/modules/institution/server/institution-knowledge-qa-service.ts,src/modules/open-platform/server/platform-knowledge-qa-service.ts,@/modules/open-platform/server/platform-knowledge-qa-service,runtime,cross_module_internal,institution,open-platform,server_service,server_service,knowledge,knowledge,no,no,medium
src/modules/institution/server/institution-knowledge-rag-answer-service.ts,,node:crypto,runtime,external_package,institution,node:crypto,server_service,external_package,knowledge,,no,no,low
src/modules/institution/server/institution-knowledge-rag-answer-service.ts,src/modules/institution/server/institution-knowledge-keyword-search-service.ts,@/modules/institution/server/institution-knowledge-keyword-search-service,type,institution_internal,institution,institution,server_service,server_service,knowledge,knowledge,no,no,low
src/modules/institution/server/institution-knowledge-rag-answer-service.ts,src/modules/institution/server/institution-rag-answer-provider.ts,@/modules/institution/server/institution-rag-answer-provider,type,institution_internal,institution,institution,server_service,server_service,knowledge,ai,no,no,low
src/modules/institution/server/institution-knowledge-rag-answer-service.ts,src/modules/open-platform/server/platform-knowledge-embedding-vector-search-service.ts,@/modules/open-platform/server/platform-knowledge-embedding-vector-search-service,runtime,cross_module_internal,institution,open-platform,server_service,server_service,knowledge,knowledge,no,no,medium
src/modules/institution/server/institution-knowledge-rag-answer-service.ts,src/modules/open-platform/server/platform-knowledge-management-repository.ts,@/modules/open-platform/server/platform-knowledge-management-repository,type,cross_module_internal,institution,open-platform,server_service,server_repository,knowledge,knowledge,no,no,medium
src/modules/institution/server/institution-knowledge-upload-service.ts,,node:crypto,runtime,external_package,institution,node:crypto,server_service,external_package,knowledge,,no,no,low
src/modules/institution/server/institution-knowledge-upload-service.ts,src/modules/institution/server/knowledge-quota-usage-service.ts,@/modules/institution/server/knowledge-quota-usage-service,runtime,institution_internal,institution,institution,server_service,server_service,knowledge,knowledge,no,no,low
src/modules/institution/server/institution-knowledge-upload-service.ts,src/modules/institution/server/tenant-quota-enforcement.ts,@/modules/institution/server/tenant-quota-enforcement,runtime,institution_internal,institution,institution,server_service,server_service,knowledge,entitlement,no,no,low
src/modules/institution/server/institution-knowledge-upload-service.ts,src/modules/open-platform/server/platform-knowledge-document-parsing-service.ts,@/modules/open-platform/server/platform-knowledge-document-parsing-service,runtime,cross_module_internal,institution,open-platform,server_service,server_service,knowledge,knowledge,no,no,medium
src/modules/institution/server/institution-knowledge-upload-service.ts,src/modules/open-platform/server/platform-knowledge-document-parsing-service.ts,@/modules/open-platform/server/platform-knowledge-document-parsing-service,type,cross_module_internal,institution,open-platform,server_service,server_service,knowledge,knowledge,no,no,medium
src/modules/institution/server/institution-knowledge-upload-service.ts,src/modules/open-platform/server/platform-knowledge-file-management-service.ts,@/modules/open-platform/server/platform-knowledge-file-management-service,runtime,cross_module_internal,institution,open-platform,server_service,server_service,knowledge,knowledge,no,no,medium
src/modules/institution/server/institution-knowledge-upload-service.ts,src/modules/open-platform/server/platform-knowledge-indexing-job-service.ts,@/modules/open-platform/server/platform-knowledge-indexing-job-service,runtime,cross_module_internal,institution,open-platform,server_service,server_service,knowledge,knowledge,no,no,medium
src/modules/institution/server/institution-knowledge-upload-service.ts,src/server/db/client.ts,@/server/db/client,type,cross_module_internal,institution,server,server_service,client,knowledge,shared,no,no,medium
src/modules/institution/server/institution-knowledge-vector-search-service.ts,src/modules/open-platform/server/platform-knowledge-embedding-vector-search-service.ts,@/modules/open-platform/server/platform-knowledge-embedding-vector-search-service,runtime,cross_module_internal,institution,open-platform,server_service,server_service,knowledge,knowledge,no,no,medium
src/modules/institution/server/institution-knowledge-write-repository.ts,,drizzle-orm,runtime,external_package,institution,drizzle-orm,server_repository,external_package,knowledge,,no,no,low
src/modules/institution/server/institution-knowledge-write-repository.ts,,node:crypto,runtime,external_package,institution,node:crypto,server_repository,external_package,knowledge,,no,no,low
src/modules/institution/server/institution-knowledge-write-repository.ts,src/modules/open-platform/server/platform-knowledge-management-repository.ts,@/modules/open-platform/server/platform-knowledge-management-repository,type,cross_module_internal,institution,open-platform,server_repository,server_repository,knowledge,knowledge,no,no,medium
src/modules/institution/server/institution-knowledge-write-repository.ts,src/server/db/client.ts,@/server/db/client,type,cross_module_internal,institution,server,server_repository,client,knowledge,shared,no,no,medium
src/modules/institution/server/institution-knowledge-write-repository.ts,src/server/db/schema.ts,@/server/db/schema,runtime,cross_module_internal,institution,server,server_repository,server_service,knowledge,shared,no,no,medium
src/modules/institution/server/institution-rag-answer-provider.ts,src/modules/security/server/secretEncryption.ts,@/modules/security/server/secretEncryption,runtime,cross_module_internal,institution,security,server_service,server_service,ai,shared,no,no,medium
src/modules/institution/server/institution-server-runtime.ts,,next/headers,runtime,external_package,institution,next,server_service,external_package,shared,,no,no,low
src/modules/institution/server/institution-server-runtime.ts,,node:util/types,runtime,external_package,institution,node:util,server_service,external_package,shared,,no,no,low
src/modules/institution/server/institution-server-runtime.ts,src/modules/auth/server/auth-account-repository.ts,@/modules/auth/server/auth-account-repository,runtime,cross_module_internal,institution,auth,server_service,server_repository,shared,shared,no,no,medium
src/modules/institution/server/institution-server-runtime.ts,src/modules/auth/server/formal-server-session-provenance-owner.ts,@/modules/auth/server/formal-server-session-provenance-owner,runtime,cross_module_internal,institution,auth,server_service,server_service,shared,shared,no,no,medium
src/modules/institution/server/institution-server-runtime.ts,src/modules/security/server/institution-anchor-provider.ts,@/modules/security/server/institution-anchor-provider,runtime,cross_module_internal,institution,security,server_service,server_service,shared,ai,no,no,medium
src/modules/institution/server/institution-server-runtime.ts,src/modules/security/server/institution-anchor-repository.ts,@/modules/security/server/institution-anchor-repository,runtime,cross_module_internal,institution,security,server_service,server_repository,shared,shared,no,no,medium
src/modules/institution/server/institution-server-runtime.ts,src/modules/security/server/institution-guard-evidence.ts,@/modules/security/server/institution-guard-evidence,runtime,cross_module_internal,institution,security,server_service,server_service,shared,shared,no,no,medium
src/modules/institution/server/institution-server-runtime.ts,src/modules/security/server/institution-guard-reference.ts,@/modules/security/server/institution-guard-reference,runtime,cross_module_internal,institution,security,server_service,server_service,shared,shared,no,no,medium
src/modules/institution/server/institution-server-runtime.ts,src/modules/security/server/institution-guard-runtime-config.ts,@/modules/security/server/institution-guard-runtime-config,runtime,cross_module_internal,institution,security,server_service,server_service,shared,shared,no,no,medium
src/modules/institution/server/institution-server-runtime.ts,src/modules/security/server/institution-membership-provider.ts,@/modules/security/server/institution-membership-provider,runtime,cross_module_internal,institution,security,server_service,server_service,shared,ai,no,no,medium
src/modules/institution/server/institution-server-runtime.ts,src/modules/security/server/institution-request-authorization.ts,@/modules/security/server/institution-request-authorization,runtime,cross_module_internal,institution,security,server_service,client,shared,shared,no,no,medium
src/modules/institution/server/institution-server-runtime.ts,src/server/db/client.ts,@/server/db/client,runtime,cross_module_internal,institution,server,server_service,client,shared,shared,no,no,medium
src/modules/institution/server/knowledge-quota-usage-service.ts,,node:crypto,runtime,external_package,institution,node:crypto,server_service,external_package,knowledge,,no,no,low
src/modules/institution/server/knowledge-quota-usage-service.ts,src/modules/institution/domain/quota-enforcement.ts,@/modules/institution/domain/quota-enforcement,type,institution_internal,institution,institution,server_service,domain,knowledge,entitlement,no,no,low
src/modules/institution/server/knowledge-quota-usage-service.ts,src/server/db/client.ts,@/server/db/client,type,cross_module_internal,institution,server,server_service,client,knowledge,shared,no,no,medium
src/modules/institution/server/knowledge-quota-usage-service.ts,src/server/db/schema.ts,@/server/db/schema,runtime,cross_module_internal,institution,server,server_service,server_service,knowledge,shared,no,no,medium
src/modules/institution/server/opportunity-pool-service.ts,src/modules/institution/domain/customer-records.ts,@/modules/institution/domain/customer-records,type,institution_internal,institution,institution,server_service,domain,opportunity,customer,no,no,low
src/modules/institution/server/opportunity-pool-service.ts,src/modules/institution/domain/opportunity-pool.ts,@/modules/institution/domain/opportunity-pool,runtime,institution_internal,institution,institution,server_service,domain,opportunity,opportunity,no,no,low
src/modules/institution/server/package-ai-quota-readonly-source.ts,src/modules/institution/domain/package-ai-quota-contract.ts,@/modules/institution/domain/package-ai-quota-contract,runtime,institution_internal,institution,institution,server_service,domain,entitlement,entitlement,no,no,low
src/modules/institution/server/standard-treatment-event-mapper.ts,src/modules/institution/domain/standard-treatment-event.ts,@/modules/institution/domain/standard-treatment-event,runtime,institution_internal,institution,institution,server_service,domain,treatment,treatment,no,no,low
src/modules/institution/server/standard-treatment-event-mapper.ts,src/modules/institution/domain/standard-treatment-event.ts,@/modules/institution/domain/standard-treatment-event,type,institution_internal,institution,institution,server_service,domain,treatment,treatment,no,no,low
src/modules/institution/server/strict-input-snapshot.ts,,node:util/types,runtime,external_package,institution,node:util,server_service,external_package,shared,,no,no,low
src/modules/institution/server/tenant-business-api.ts,,next/server,runtime,external_package,institution,next,server_service,external_package,shared,,no,no,low
src/modules/institution/server/tenant-business-api.ts,src/modules/audit/domain/audit-events.ts,@/modules/audit/domain/audit-events,runtime,cross_module_internal,institution,audit,server_service,domain,shared,audit,no,no,medium
src/modules/institution/server/tenant-business-api.ts,src/modules/audit/server/audit-event-repository.ts,@/modules/audit/server/audit-event-repository,type,cross_module_internal,institution,audit,server_service,server_repository,shared,audit,no,no,medium
src/modules/institution/server/tenant-business-api.ts,src/modules/institution/domain/quota-enforcement.ts,@/modules/institution/domain/quota-enforcement,type,institution_internal,institution,institution,server_service,domain,shared,entitlement,no,no,low
src/modules/institution/server/tenant-business-api.ts,src/modules/security/domain/access-control.ts,@/modules/security/domain/access-control,runtime,cross_module_internal,institution,security,server_service,domain,shared,shared,no,no,medium
src/modules/institution/server/tenant-business-audit-transaction.ts,src/modules/audit/server/audit-event-repository.ts,@/modules/audit/server/audit-event-repository,runtime,cross_module_internal,institution,audit,server_service,server_repository,audit,audit,no,no,medium
src/modules/institution/server/tenant-business-audit-transaction.ts,src/modules/institution/server/tenant-business-repository.ts,@/modules/institution/server/tenant-business-repository,runtime,institution_internal,institution,institution,server_service,server_repository,audit,shared,no,no,low
src/modules/institution/server/tenant-business-audit-transaction.ts,src/server/db/client.ts,@/server/db/client,type,cross_module_internal,institution,server,server_service,client,audit,shared,no,no,medium
src/modules/institution/server/tenant-business-repository.ts,,drizzle-orm,runtime,external_package,institution,drizzle-orm,server_repository,external_package,shared,,no,no,low
src/modules/institution/server/tenant-business-repository.ts,src/modules/institution/domain/appointment-records.ts,@/modules/institution/domain/appointment-records,type,institution_internal,institution,institution,server_repository,domain,shared,appointment,no,no,low
src/modules/institution/server/tenant-business-repository.ts,src/modules/institution/domain/customer-records.ts,@/modules/institution/domain/customer-records,type,institution_internal,institution,institution,server_repository,domain,shared,customer,no,no,low
src/modules/institution/server/tenant-business-repository.ts,src/modules/institution/domain/followup-customer-timeline.ts,@/modules/institution/domain/followup-customer-timeline,type,institution_internal,institution,institution,server_repository,domain,shared,followup,no,no,low
src/modules/institution/server/tenant-business-repository.ts,src/modules/institution/domain/followup-message-deliveries.ts,@/modules/institution/domain/followup-message-deliveries,runtime,institution_internal,institution,institution,server_repository,domain,shared,followup,no,no,low
src/modules/institution/server/tenant-business-repository.ts,src/modules/institution/domain/followup-message-drafts.ts,@/modules/institution/domain/followup-message-drafts,type,institution_internal,institution,institution,server_repository,domain,shared,followup,no,no,low
src/modules/institution/server/tenant-business-repository.ts,src/modules/institution/domain/followup-operations-dashboard.ts,@/modules/institution/domain/followup-operations-dashboard,type,institution_internal,institution,institution,server_repository,domain,shared,followup,no,no,low
src/modules/institution/server/tenant-business-repository.ts,src/modules/institution/domain/followup-path-enrollment.ts,@/modules/institution/domain/followup-path-enrollment,type,institution_internal,institution,institution,server_repository,domain,shared,followup,no,no,low
src/modules/institution/server/tenant-business-repository.ts,src/modules/institution/domain/followup-workflow.ts,@/modules/institution/domain/followup-workflow,runtime,institution_internal,institution,institution,server_repository,domain,shared,followup,no,no,low
src/modules/institution/server/tenant-business-repository.ts,src/modules/institution/domain/treatment-path-templates.ts,@/modules/institution/domain/treatment-path-templates,type,institution_internal,institution,institution,server_repository,domain,shared,treatment,no,no,low
src/modules/institution/server/tenant-business-repository.ts,src/modules/institution/domain/wecom-authorization.ts,@/modules/institution/domain/wecom-authorization,runtime,institution_internal,institution,institution,server_repository,domain,shared,wecom,no,no,low
src/modules/institution/server/tenant-business-repository.ts,src/modules/institution/domain/wecom-customer-contact.ts,@/modules/institution/domain/wecom-customer-contact,runtime,institution_internal,institution,institution,server_repository,domain,shared,wecom,no,no,low
src/modules/institution/server/tenant-business-repository.ts,src/modules/institution/domain/wecom-reachout-mock.ts,@/modules/institution/domain/wecom-reachout-mock,runtime,institution_internal,institution,institution,server_repository,domain,shared,wecom,no,no,low
src/modules/institution/server/tenant-business-repository.ts,src/modules/institution/server/follow-up-task-query-parser.ts,@/modules/institution/server/follow-up-task-query-parser,type,institution_internal,institution,institution,server_repository,server_service,shared,followup,no,no,low
src/modules/institution/server/tenant-business-repository.ts,src/server/db/client.ts,@/server/db/client,type,cross_module_internal,institution,server,server_repository,client,shared,shared,no,no,medium
src/modules/institution/server/tenant-business-repository.ts,src/server/db/schema.ts,@/server/db/schema,runtime,cross_module_internal,institution,server,server_repository,server_service,shared,shared,no,no,medium
src/modules/institution/server/tenant-business-write-input.ts,src/modules/institution/domain/appointment-records.ts,@/modules/institution/domain/appointment-records,type,institution_internal,institution,institution,server_service,domain,shared,appointment,no,no,low
src/modules/institution/server/tenant-business-write-input.ts,src/modules/institution/domain/customer-records.ts,@/modules/institution/domain/customer-records,type,institution_internal,institution,institution,server_service,domain,shared,customer,no,no,low
src/modules/institution/server/tenant-business-write-input.ts,src/modules/institution/domain/followup-workflow.ts,@/modules/institution/domain/followup-workflow,type,institution_internal,institution,institution,server_service,domain,shared,followup,no,no,low
src/modules/institution/server/tenant-quota-enforcement.ts,,drizzle-orm,runtime,external_package,institution,drizzle-orm,server_service,external_package,entitlement,,no,no,low
src/modules/institution/server/tenant-quota-enforcement.ts,src/modules/institution/domain/quota-enforcement.ts,@/modules/institution/domain/quota-enforcement,runtime,institution_internal,institution,institution,server_service,domain,entitlement,entitlement,no,no,low
src/modules/institution/server/tenant-quota-enforcement.ts,src/modules/open-platform/server/platform-knowledge-indexing-job-service.ts,@/modules/open-platform/server/platform-knowledge-indexing-job-service,type,cross_module_internal,institution,open-platform,server_service,server_service,entitlement,knowledge,no,no,medium
src/modules/institution/server/tenant-quota-enforcement.ts,src/server/db/client.ts,@/server/db/client,type,cross_module_internal,institution,server,server_service,client,entitlement,shared,no,no,medium
src/modules/institution/server/tenant-quota-enforcement.ts,src/server/db/schema.ts,@/server/db/schema,runtime,cross_module_internal,institution,server,server_service,server_service,entitlement,shared,no,no,medium
src/modules/institution/server/treatment-followup-confirmation.ts,src/modules/institution/domain/followup-workflow.ts,@/modules/institution/domain/followup-workflow,type,institution_internal,institution,institution,server_service,domain,followup,followup,no,no,low
src/modules/institution/server/treatment-followup-confirmation.ts,src/modules/institution/domain/treatment-followup-suggestions.ts,@/modules/institution/domain/treatment-followup-suggestions,type,institution_internal,institution,institution,server_service,domain,followup,followup,no,no,low
src/modules/institution/server/treatment-followup-confirmation.ts,src/modules/institution/domain/treatment-followup-suggestions.ts,@/modules/institution/domain/treatment-followup-suggestions,runtime,institution_internal,institution,institution,server_service,domain,followup,followup,no,no,low
src/modules/institution/server/treatment-followup-confirmation.ts,src/modules/institution/domain/treatment-summaries.ts,@/modules/institution/domain/treatment-summaries,type,institution_internal,institution,institution,server_service,domain,followup,treatment,no,no,low
src/modules/institution/server/treatment-followup-confirmation.ts,src/modules/institution/domain/treatment-summaries.ts,@/modules/institution/domain/treatment-summaries,runtime,institution_internal,institution,institution,server_service,domain,followup,treatment,no,no,low
src/modules/institution/server/treatment-followup-confirmation.ts,src/modules/institution/server/tenant-business-repository.ts,@/modules/institution/server/tenant-business-repository,type,institution_internal,institution,institution,server_service,server_repository,followup,shared,no,no,low
src/modules/institution/server/treatment-followup-confirmation.ts,src/modules/institution/server/treatment-followup-suggestions.ts,@/modules/institution/server/treatment-followup-suggestions,runtime,institution_internal,institution,institution,server_service,server_service,followup,followup,no,no,low
src/modules/institution/server/treatment-followup-confirmation.ts,src/modules/institution/server/treatment-summary-repository.ts,@/modules/institution/server/treatment-summary-repository,type,institution_internal,institution,institution,server_service,server_repository,followup,treatment,no,no,low
src/modules/institution/server/treatment-followup-suggestions.ts,src/modules/institution/domain/followup-workflow.ts,@/modules/institution/domain/followup-workflow,type,institution_internal,institution,institution,server_service,domain,followup,followup,no,no,low
src/modules/institution/server/treatment-followup-suggestions.ts,src/modules/institution/domain/treatment-followup-suggestions.ts,@/modules/institution/domain/treatment-followup-suggestions,type,institution_internal,institution,institution,server_service,domain,followup,followup,no,no,low
src/modules/institution/server/treatment-followup-suggestions.ts,src/modules/institution/domain/treatment-followup-suggestions.ts,@/modules/institution/domain/treatment-followup-suggestions,runtime,institution_internal,institution,institution,server_service,domain,followup,followup,no,no,low
src/modules/institution/server/treatment-followup-suggestions.ts,src/modules/institution/domain/treatment-summaries.ts,@/modules/institution/domain/treatment-summaries,type,institution_internal,institution,institution,server_service,domain,followup,treatment,no,no,low
src/modules/institution/server/treatment-summary-query-parser.ts,src/modules/institution/domain/followup-workflow.ts,@/modules/institution/domain/followup-workflow,type,institution_internal,institution,institution,server_service,domain,treatment,followup,no,no,low
src/modules/institution/server/treatment-summary-query-parser.ts,src/modules/institution/domain/treatment-summaries.ts,@/modules/institution/domain/treatment-summaries,type,institution_internal,institution,institution,server_service,domain,treatment,treatment,no,no,low
src/modules/institution/server/treatment-summary-repository.ts,,drizzle-orm,runtime,external_package,institution,drizzle-orm,server_repository,external_package,treatment,,no,no,low
src/modules/institution/server/treatment-summary-repository.ts,src/modules/institution/domain/treatment-summaries.ts,@/modules/institution/domain/treatment-summaries,runtime,institution_internal,institution,institution,server_repository,domain,treatment,treatment,no,no,low
src/modules/institution/server/treatment-summary-repository.ts,src/modules/institution/server/treatment-summary-query-parser.ts,@/modules/institution/server/treatment-summary-query-parser,runtime,institution_internal,institution,institution,server_repository,server_service,treatment,treatment,no,no,low
src/modules/institution/server/treatment-summary-repository.ts,src/server/db/client.ts,@/server/db/client,type,cross_module_internal,institution,server,server_repository,client,treatment,shared,no,no,medium
src/modules/institution/server/treatment-summary-repository.ts,src/server/db/schema.ts,@/server/db/schema,runtime,cross_module_internal,institution,server,server_repository,server_service,treatment,shared,no,no,medium
src/modules/institution/server/treatment-summary-write-input.ts,src/modules/institution/domain/followup-workflow.ts,@/modules/institution/domain/followup-workflow,type,institution_internal,institution,institution,server_service,domain,treatment,followup,no,no,low
src/modules/institution/server/treatment-summary-write-input.ts,src/modules/institution/domain/treatment-summaries.ts,@/modules/institution/domain/treatment-summaries,type,institution_internal,institution,institution,server_service,domain,treatment,treatment,no,no,low
src/modules/institution/server/treatment-summary-write-input.ts,src/modules/institution/domain/treatment-summaries.ts,@/modules/institution/domain/treatment-summaries,runtime,institution_internal,institution,institution,server_service,domain,treatment,treatment,no,no,low
src/modules/institution/server/trial-provisioning-service.ts,,drizzle-orm,runtime,external_package,institution,drizzle-orm,server_service,external_package,shared,,no,no,low
src/modules/institution/server/trial-provisioning-service.ts,src/modules/institution/domain/customer-records.ts,@/modules/institution/domain/customer-records,type,institution_internal,institution,institution,server_service,domain,shared,customer,no,no,low
src/modules/institution/server/trial-provisioning-service.ts,src/modules/institution/domain/followup-workflow.ts,@/modules/institution/domain/followup-workflow,type,institution_internal,institution,institution,server_service,domain,shared,followup,no,no,low
src/modules/institution/server/trial-provisioning-service.ts,src/server/db/client.ts,@/server/db/client,type,cross_module_internal,institution,server,server_service,client,shared,shared,no,no,medium
src/modules/institution/server/trial-provisioning-service.ts,src/server/db/schema.ts,@/server/db/schema,runtime,cross_module_internal,institution,server,server_service,server_service,shared,shared,no,no,medium
src/modules/institution/server/trusted-reachout-safety-repository.ts,,drizzle-orm,runtime,external_package,institution,drizzle-orm,server_repository,external_package,shared,,no,no,low
src/modules/institution/server/trusted-reachout-safety-repository.ts,src/modules/institution/domain/real-channel-preflight.ts,@/modules/institution/domain/real-channel-preflight,type,institution_internal,institution,institution,server_repository,domain,shared,shared,no,no,low
src/modules/institution/server/trusted-reachout-safety-repository.ts,src/modules/institution/domain/trusted-reachout-safety.ts,@/modules/institution/domain/trusted-reachout-safety,type,institution_internal,institution,institution,server_repository,domain,shared,shared,no,no,low
src/modules/institution/server/trusted-reachout-safety-repository.ts,src/modules/institution/domain/wecom-official-dry-run-config.ts,@/modules/institution/domain/wecom-official-dry-run-config,type,institution_internal,institution,institution,server_repository,domain,shared,wecom,no,no,low
src/modules/institution/server/trusted-reachout-safety-repository.ts,src/server/db/client.ts,@/server/db/client,type,cross_module_internal,institution,server,server_repository,client,shared,shared,no,no,medium
src/modules/institution/server/trusted-reachout-safety-repository.ts,src/server/db/schema.ts,@/server/db/schema,runtime,cross_module_internal,institution,server,server_repository,server_service,shared,shared,no,no,medium
src/modules/institution/server/trusted-reachout-safety-service.ts,src/modules/audit/domain/audit-events.ts,@/modules/audit/domain/audit-events,runtime,cross_module_internal,institution,audit,server_service,domain,shared,audit,no,no,medium
src/modules/institution/server/trusted-reachout-safety-service.ts,src/modules/audit/server/audit-event-repository.ts,@/modules/audit/server/audit-event-repository,type,cross_module_internal,institution,audit,server_service,server_repository,shared,audit,no,no,medium
src/modules/institution/server/trusted-reachout-safety-service.ts,src/modules/institution/domain/trusted-reachout-safety.ts,@/modules/institution/domain/trusted-reachout-safety,runtime,institution_internal,institution,institution,server_service,domain,shared,shared,no,no,low
src/modules/institution/server/trusted-reachout-safety-service.ts,src/modules/institution/server/tenant-business-repository.ts,@/modules/institution/server/tenant-business-repository,type,institution_internal,institution,institution,server_service,server_repository,shared,shared,no,no,low
src/modules/institution/server/trusted-reachout-safety-service.ts,src/modules/institution/server/trusted-reachout-safety-repository.ts,@/modules/institution/server/trusted-reachout-safety-repository,type,institution_internal,institution,institution,server_service,server_repository,shared,shared,no,no,low
src/modules/institution/server/trusted-reachout-safety-service.ts,src/modules/security/domain/access-control.ts,@/modules/security/domain/access-control,type,cross_module_internal,institution,security,server_service,domain,shared,shared,no,no,medium
src/modules/institution/server/trusted-reachout-safety-transaction.ts,src/modules/audit/server/audit-event-repository.ts,@/modules/audit/server/audit-event-repository,runtime,cross_module_internal,institution,audit,server_service,server_repository,shared,audit,no,no,medium
src/modules/institution/server/trusted-reachout-safety-transaction.ts,src/modules/institution/server/tenant-business-repository.ts,@/modules/institution/server/tenant-business-repository,runtime,institution_internal,institution,institution,server_service,server_repository,shared,shared,no,no,low
src/modules/institution/server/trusted-reachout-safety-transaction.ts,src/modules/institution/server/trusted-reachout-safety-repository.ts,@/modules/institution/server/trusted-reachout-safety-repository,runtime,institution_internal,institution,institution,server_service,server_repository,shared,shared,no,no,low
src/modules/institution/server/trusted-reachout-safety-transaction.ts,src/server/db/client.ts,@/server/db/client,type,cross_module_internal,institution,server,server_service,client,shared,shared,no,no,medium
src/modules/institution/server/wecom-controlled-reachout-service.ts,src/modules/audit/server/audit-event-repository.ts,@/modules/audit/server/audit-event-repository,type,cross_module_internal,institution,audit,server_service,server_repository,wecom,audit,no,no,medium
src/modules/institution/server/wecom-controlled-reachout-service.ts,src/modules/institution/domain/followup-message-deliveries.ts,@/modules/institution/domain/followup-message-deliveries,type,institution_internal,institution,institution,server_service,domain,wecom,followup,no,no,low
src/modules/institution/server/wecom-controlled-reachout-service.ts,src/modules/institution/domain/followup-message-drafts.ts,@/modules/institution/domain/followup-message-drafts,type,institution_internal,institution,institution,server_service,domain,wecom,followup,no,no,low
src/modules/institution/server/wecom-controlled-reachout-service.ts,src/modules/institution/domain/wecom-controlled-reachout.ts,@/modules/institution/domain/wecom-controlled-reachout,runtime,institution_internal,institution,institution,server_service,domain,wecom,wecom,no,no,low
src/modules/institution/server/wecom-controlled-reachout-service.ts,src/modules/institution/server/tenant-business-repository.ts,@/modules/institution/server/tenant-business-repository,type,institution_internal,institution,institution,server_service,server_repository,wecom,shared,no,no,low
src/modules/institution/server/wecom-controlled-reachout-service.ts,src/modules/institution/server/trusted-reachout-safety-repository.ts,@/modules/institution/server/trusted-reachout-safety-repository,type,institution_internal,institution,institution,server_service,server_repository,wecom,shared,no,no,low
src/modules/institution/server/wecom-controlled-reachout-service.ts,src/modules/institution/server/trusted-reachout-safety-service.ts,@/modules/institution/server/trusted-reachout-safety-service,runtime,institution_internal,institution,institution,server_service,server_service,wecom,shared,no,no,low
src/modules/institution/server/wecom-controlled-reachout-service.ts,src/modules/institution/server/wecom-customer-mapping-repository.ts,@/modules/institution/server/wecom-customer-mapping-repository,type,institution_internal,institution,institution,server_service,server_repository,wecom,wecom,no,no,low
src/modules/institution/server/wecom-controlled-reachout-service.ts,src/modules/security/domain/access-control.ts,@/modules/security/domain/access-control,type,cross_module_internal,institution,security,server_service,domain,wecom,shared,no,no,medium
src/modules/institution/server/wecom-controlled-reachout-transaction.ts,src/modules/audit/server/audit-event-repository.ts,@/modules/audit/server/audit-event-repository,runtime,cross_module_internal,institution,audit,server_service,server_repository,wecom,audit,no,no,medium
src/modules/institution/server/wecom-controlled-reachout-transaction.ts,src/modules/institution/server/tenant-business-repository.ts,@/modules/institution/server/tenant-business-repository,runtime,institution_internal,institution,institution,server_service,server_repository,wecom,shared,no,no,low
src/modules/institution/server/wecom-controlled-reachout-transaction.ts,src/modules/institution/server/trusted-reachout-safety-repository.ts,@/modules/institution/server/trusted-reachout-safety-repository,runtime,institution_internal,institution,institution,server_service,server_repository,wecom,shared,no,no,low
src/modules/institution/server/wecom-controlled-reachout-transaction.ts,src/modules/institution/server/wecom-customer-mapping-repository.ts,@/modules/institution/server/wecom-customer-mapping-repository,runtime,institution_internal,institution,institution,server_service,server_repository,wecom,wecom,no,no,low
src/modules/institution/server/wecom-controlled-reachout-transaction.ts,src/server/db/client.ts,@/server/db/client,type,cross_module_internal,institution,server,server_service,client,wecom,shared,no,no,medium
src/modules/institution/server/wecom-customer-broadcast-task-mock-provider.ts,src/modules/institution/domain/wecom-customer-broadcast-task-provider.ts,@/modules/institution/domain/wecom-customer-broadcast-task-provider,runtime,institution_internal,institution,institution,server_service,domain,wecom,wecom,no,no,low
src/modules/institution/server/wecom-customer-broadcast-task-mock-provider.ts,src/modules/institution/server/wecom-customer-broadcast-task-provider-contract.ts,@/modules/institution/server/wecom-customer-broadcast-task-provider-contract,type,institution_internal,institution,institution,server_service,server_service,wecom,wecom,no,no,low
src/modules/institution/server/wecom-customer-broadcast-task-outcome-repository.ts,,drizzle-orm,runtime,external_package,institution,drizzle-orm,server_repository,external_package,wecom,,no,no,low
src/modules/institution/server/wecom-customer-broadcast-task-outcome-repository.ts,src/modules/institution/domain/wecom-customer-broadcast-task-outcome.ts,@/modules/institution/domain/wecom-customer-broadcast-task-outcome,type,institution_internal,institution,institution,server_repository,domain,wecom,wecom,no,no,low
src/modules/institution/server/wecom-customer-broadcast-task-outcome-repository.ts,src/server/db/client.ts,@/server/db/client,type,cross_module_internal,institution,server,server_repository,client,wecom,shared,no,no,medium
src/modules/institution/server/wecom-customer-broadcast-task-outcome-repository.ts,src/server/db/schema.ts,@/server/db/schema,runtime,cross_module_internal,institution,server,server_repository,server_service,wecom,shared,no,no,medium
src/modules/institution/server/wecom-customer-broadcast-task-outcome-service.ts,src/modules/institution/domain/wecom-customer-broadcast-task-outcome.ts,@/modules/institution/domain/wecom-customer-broadcast-task-outcome,runtime,institution_internal,institution,institution,server_service,domain,wecom,wecom,no,no,low
src/modules/institution/server/wecom-customer-broadcast-task-outcome-service.ts,src/modules/institution/server/wecom-customer-broadcast-task-outcome-repository.ts,@/modules/institution/server/wecom-customer-broadcast-task-outcome-repository,type,institution_internal,institution,institution,server_service,server_repository,wecom,wecom,no,no,low
src/modules/institution/server/wecom-customer-broadcast-task-provider-contract.ts,src/modules/institution/domain/wecom-customer-broadcast-task-provider.ts,@/modules/institution/domain/wecom-customer-broadcast-task-provider,type,institution_internal,institution,institution,contract_types,domain,wecom,wecom,yes,no,high
src/modules/institution/server/wecom-customer-broadcast-task-provider-runtime.ts,src/modules/institution/domain/wecom-customer-broadcast-task-provider.ts,@/modules/institution/domain/wecom-customer-broadcast-task-provider,type,institution_internal,institution,institution,server_service,domain,wecom,wecom,no,no,low
src/modules/institution/server/wecom-customer-broadcast-task-recipient-resolver.ts,,drizzle-orm,runtime,external_package,institution,drizzle-orm,server_service,external_package,wecom,,no,no,low
src/modules/institution/server/wecom-customer-broadcast-task-recipient-resolver.ts,src/server/db/client.ts,@/server/db/client,type,cross_module_internal,institution,server,server_service,client,wecom,shared,no,no,medium
src/modules/institution/server/wecom-customer-broadcast-task-recipient-resolver.ts,src/server/db/schema.ts,@/server/db/schema,runtime,cross_module_internal,institution,server,server_service,server_service,wecom,shared,no,no,medium
src/modules/institution/server/wecom-customer-contact-precheck-runtime.ts,src/modules/institution/domain/wecom-customer-contact-precheck.ts,@/modules/institution/domain/wecom-customer-contact-precheck,type,institution_internal,institution,institution,server_service,domain,wecom,wecom,no,no,low
src/modules/institution/server/wecom-customer-contact-readonly-proof-runtime.ts,src/modules/institution/domain/wecom-customer-contact-readonly-proof.ts,@/modules/institution/domain/wecom-customer-contact-readonly-proof,type,institution_internal,institution,institution,server_service,domain,wecom,wecom,no,no,low
src/modules/institution/server/wecom-customer-mapping-candidates-reader.ts,src/modules/institution/domain/wecom-customer-mapping-review.ts,@/modules/institution/domain/wecom-customer-mapping-review,runtime,institution_internal,institution,institution,server_service,domain,wecom,wecom,no,no,low
src/modules/institution/server/wecom-customer-mapping-candidates-reader.ts,src/modules/institution/server/wecom-customer-mapping-review-action-mock-runtime.ts,@/modules/institution/server/wecom-customer-mapping-review-action-mock-runtime,type,institution_internal,institution,institution,server_service,server_service,wecom,wecom,no,no,low
src/modules/institution/server/wecom-customer-mapping-candidates-reader.ts,src/modules/institution/view-models/wecom-customer-mapping-candidates.ts,@/modules/institution/view-models/wecom-customer-mapping-candidates,runtime,institution_internal,institution,institution,server_service,other,wecom,wecom,no,no,low
src/modules/institution/server/wecom-customer-mapping-repository.ts,,drizzle-orm,runtime,external_package,institution,drizzle-orm,server_repository,external_package,wecom,,no,no,low
src/modules/institution/server/wecom-customer-mapping-repository.ts,src/modules/institution/domain/wecom-customer-mapping.ts,@/modules/institution/domain/wecom-customer-mapping,type,institution_internal,institution,institution,server_repository,domain,wecom,wecom,no,no,low
src/modules/institution/server/wecom-customer-mapping-repository.ts,src/server/db/client.ts,@/server/db/client,type,cross_module_internal,institution,server,server_repository,client,wecom,shared,no,no,medium
src/modules/institution/server/wecom-customer-mapping-repository.ts,src/server/db/schema.ts,@/server/db/schema,runtime,cross_module_internal,institution,server,server_repository,server_service,wecom,shared,no,no,medium
src/modules/institution/server/wecom-customer-mapping-review-action-default-runtime.ts,src/modules/institution/server/wecom-customer-mapping-candidates-reader.ts,@/modules/institution/server/wecom-customer-mapping-candidates-reader,runtime,institution_internal,institution,institution,server_service,server_service,wecom,wecom,no,no,low
src/modules/institution/server/wecom-customer-mapping-review-action-default-runtime.ts,src/modules/institution/server/wecom-customer-mapping-review-action-mock-runtime.ts,@/modules/institution/server/wecom-customer-mapping-review-action-mock-runtime,runtime,institution_internal,institution,institution,server_service,server_service,wecom,wecom,no,no,low
src/modules/institution/server/wecom-customer-mapping-review-action-mock-runtime.ts,,node:util,runtime,external_package,institution,node:util,server_service,external_package,wecom,,no,no,low
src/modules/institution/server/wecom-customer-mapping-review-action-mock-runtime.ts,src/modules/institution/domain/wecom-customer-mapping-review-actions.ts,@/modules/institution/domain/wecom-customer-mapping-review-actions,runtime,institution_internal,institution,institution,server_service,domain,wecom,wecom,no,no,low
src/modules/institution/server/wecom-customer-mapping-review-action-mock-runtime.ts,src/modules/security/domain/access-control.ts,@/modules/security/domain/access-control,type,cross_module_internal,institution,security,server_service,domain,wecom,shared,no,no,medium
src/modules/institution/server/wecom-customer-mapping-service.ts,src/modules/audit/domain/audit-events.ts,@/modules/audit/domain/audit-events,type,cross_module_internal,institution,audit,server_service,domain,wecom,audit,no,no,medium
src/modules/institution/server/wecom-customer-mapping-service.ts,src/modules/audit/domain/audit-events.ts,@/modules/audit/domain/audit-events,runtime,cross_module_internal,institution,audit,server_service,domain,wecom,audit,no,no,medium
src/modules/institution/server/wecom-customer-mapping-service.ts,src/modules/audit/server/audit-event-repository.ts,@/modules/audit/server/audit-event-repository,type,cross_module_internal,institution,audit,server_service,server_repository,wecom,audit,no,no,medium
src/modules/institution/server/wecom-customer-mapping-service.ts,src/modules/institution/domain/customer-records.ts,@/modules/institution/domain/customer-records,type,institution_internal,institution,institution,server_service,domain,wecom,customer,no,no,low
src/modules/institution/server/wecom-customer-mapping-service.ts,src/modules/institution/domain/wecom-customer-mapping.ts,@/modules/institution/domain/wecom-customer-mapping,runtime,institution_internal,institution,institution,server_service,domain,wecom,wecom,no,no,low
src/modules/institution/server/wecom-customer-mapping-service.ts,src/modules/institution/server/tenant-business-repository.ts,@/modules/institution/server/tenant-business-repository,type,institution_internal,institution,institution,server_service,server_repository,wecom,shared,no,no,low
src/modules/institution/server/wecom-customer-mapping-service.ts,src/modules/institution/server/wecom-customer-mapping-repository.ts,@/modules/institution/server/wecom-customer-mapping-repository,type,institution_internal,institution,institution,server_service,server_repository,wecom,wecom,no,no,low
src/modules/institution/server/wecom-customer-mapping-service.ts,src/modules/security/domain/access-control.ts,@/modules/security/domain/access-control,type,cross_module_internal,institution,security,server_service,domain,wecom,shared,no,no,medium
src/modules/institution/server/wecom-customer-mapping-transaction.ts,src/modules/audit/server/audit-event-repository.ts,@/modules/audit/server/audit-event-repository,runtime,cross_module_internal,institution,audit,server_service,server_repository,wecom,audit,no,no,medium
src/modules/institution/server/wecom-customer-mapping-transaction.ts,src/modules/institution/server/tenant-business-repository.ts,@/modules/institution/server/tenant-business-repository,runtime,institution_internal,institution,institution,server_service,server_repository,wecom,shared,no,no,low
src/modules/institution/server/wecom-customer-mapping-transaction.ts,src/modules/institution/server/wecom-customer-mapping-repository.ts,@/modules/institution/server/wecom-customer-mapping-repository,runtime,institution_internal,institution,institution,server_service,server_repository,wecom,wecom,no,no,low
src/modules/institution/server/wecom-customer-mapping-transaction.ts,src/server/db/client.ts,@/server/db/client,type,cross_module_internal,institution,server,server_service,client,wecom,shared,no,no,medium
src/modules/institution/server/wecom-dry-run-snapshot-service.ts,src/modules/audit/domain/audit-events.ts,@/modules/audit/domain/audit-events,runtime,cross_module_internal,institution,audit,server_service,domain,wecom,audit,no,no,medium
src/modules/institution/server/wecom-dry-run-snapshot-service.ts,src/modules/audit/server/audit-event-repository.ts,@/modules/audit/server/audit-event-repository,type,cross_module_internal,institution,audit,server_service,server_repository,wecom,audit,no,no,medium
src/modules/institution/server/wecom-dry-run-snapshot-service.ts,src/modules/institution/domain/wecom-official-dry-run-config.ts,@/modules/institution/domain/wecom-official-dry-run-config,runtime,institution_internal,institution,institution,server_service,domain,wecom,wecom,no,no,low
src/modules/institution/server/wecom-dry-run-snapshot-service.ts,src/modules/institution/server/trusted-reachout-safety-repository.ts,@/modules/institution/server/trusted-reachout-safety-repository,type,institution_internal,institution,institution,server_service,server_repository,wecom,shared,no,no,low
src/modules/institution/server/wecom-dry-run-snapshot-service.ts,src/modules/security/domain/access-control.ts,@/modules/security/domain/access-control,type,cross_module_internal,institution,security,server_service,domain,wecom,shared,no,no,medium
src/modules/institution/server/wecom-official-internal-message-proof-runtime.ts,src/modules/institution/domain/wecom-official-internal-message-proof.ts,@/modules/institution/domain/wecom-official-internal-message-proof,runtime,institution_internal,institution,institution,server_service,domain,wecom,wecom,no,no,low
src/modules/institution/server/wecom-official-secret-precheck-runtime.ts,src/modules/institution/domain/wecom-official-secret-precheck.ts,@/modules/institution/domain/wecom-official-secret-precheck,type,institution_internal,institution,institution,server_service,domain,wecom,wecom,no,no,low
src/modules/institution/server/wecom-real-send-execution-shell-service.ts,src/modules/institution/domain/wecom-customer-broadcast-task-provider.ts,@/modules/institution/domain/wecom-customer-broadcast-task-provider,runtime,institution_internal,institution,institution,server_service,domain,wecom,wecom,no,no,low
src/modules/institution/server/wecom-real-send-execution-shell-service.ts,src/modules/institution/domain/wecom-real-send-proof.ts,@/modules/institution/domain/wecom-real-send-proof,runtime,institution_internal,institution,institution,server_service,domain,wecom,wecom,no,no,low
src/modules/institution/server/wecom-real-send-execution-shell-service.ts,src/modules/institution/server/wecom-customer-broadcast-task-outcome-repository.ts,@/modules/institution/server/wecom-customer-broadcast-task-outcome-repository,type,institution_internal,institution,institution,server_service,server_repository,wecom,wecom,no,no,low
src/modules/institution/server/wecom-real-send-execution-shell-service.ts,src/modules/institution/server/wecom-customer-broadcast-task-outcome-service.ts,@/modules/institution/server/wecom-customer-broadcast-task-outcome-service,runtime,institution_internal,institution,institution,server_service,server_service,wecom,wecom,no,no,low
src/modules/institution/server/wecom-real-send-execution-shell-service.ts,src/modules/institution/server/wecom-customer-broadcast-task-provider-contract.ts,@/modules/institution/server/wecom-customer-broadcast-task-provider-contract,type,institution_internal,institution,institution,server_service,server_service,wecom,wecom,no,no,low
src/modules/institution/server/wecom-real-send-execution-shell-service.ts,src/modules/institution/server/wecom-customer-broadcast-task-provider-runtime.ts,@/modules/institution/server/wecom-customer-broadcast-task-provider-runtime,type,institution_internal,institution,institution,server_service,server_service,wecom,wecom,no,no,low
src/modules/institution/server/wecom-real-send-execution-shell-service.ts,src/modules/institution/server/wecom-real-send-proof-repository.ts,@/modules/institution/server/wecom-real-send-proof-repository,type,institution_internal,institution,institution,server_service,server_repository,wecom,wecom,no,no,low
src/modules/institution/server/wecom-real-send-execution-shell-service.ts,src/modules/institution/server/wecom-real-send-proof-service.ts,@/modules/institution/server/wecom-real-send-proof-service,runtime,institution_internal,institution,institution,server_service,server_service,wecom,wecom,no,no,low
src/modules/institution/server/wecom-real-send-execution-shell-service.ts,src/modules/security/domain/access-control.ts,@/modules/security/domain/access-control,runtime,cross_module_internal,institution,security,server_service,domain,wecom,shared,no,no,medium
src/modules/institution/server/wecom-real-send-proof-repository.ts,,drizzle-orm,runtime,external_package,institution,drizzle-orm,server_repository,external_package,wecom,,no,no,low
src/modules/institution/server/wecom-real-send-proof-repository.ts,src/modules/audit/domain/audit-events.ts,@/modules/audit/domain/audit-events,type,cross_module_internal,institution,audit,server_repository,domain,wecom,audit,no,no,medium
src/modules/institution/server/wecom-real-send-proof-repository.ts,src/modules/institution/domain/wecom-controlled-reachout.ts,@/modules/institution/domain/wecom-controlled-reachout,runtime,institution_internal,institution,institution,server_repository,domain,wecom,wecom,no,no,low
src/modules/institution/server/wecom-real-send-proof-repository.ts,src/modules/institution/domain/wecom-real-send-proof.ts,@/modules/institution/domain/wecom-real-send-proof,type,institution_internal,institution,institution,server_repository,domain,wecom,wecom,no,no,low
src/modules/institution/server/wecom-real-send-proof-repository.ts,src/modules/institution/server/tenant-business-repository.ts,@/modules/institution/server/tenant-business-repository,runtime,institution_internal,institution,institution,server_repository,server_repository,wecom,shared,no,no,low
src/modules/institution/server/wecom-real-send-proof-repository.ts,src/server/db/client.ts,@/server/db/client,type,cross_module_internal,institution,server,server_repository,client,wecom,shared,no,no,medium
src/modules/institution/server/wecom-real-send-proof-repository.ts,src/server/db/schema.ts,@/server/db/schema,runtime,cross_module_internal,institution,server,server_repository,server_service,wecom,shared,no,no,medium
src/modules/institution/server/wecom-real-send-proof-service.ts,src/modules/audit/domain/audit-events.ts,@/modules/audit/domain/audit-events,runtime,cross_module_internal,institution,audit,server_service,domain,wecom,audit,no,no,medium
src/modules/institution/server/wecom-real-send-proof-service.ts,src/modules/institution/domain/wecom-real-send-proof.ts,@/modules/institution/domain/wecom-real-send-proof,runtime,institution_internal,institution,institution,server_service,domain,wecom,wecom,no,no,low
src/modules/institution/server/wecom-real-send-proof-service.ts,src/modules/institution/server/wecom-real-send-proof-repository.ts,@/modules/institution/server/wecom-real-send-proof-repository,type,institution_internal,institution,institution,server_service,server_repository,wecom,wecom,no,no,low
src/modules/institution/server/wecom-real-send-proof-service.ts,src/modules/security/domain/access-control.ts,@/modules/security/domain/access-control,runtime,cross_module_internal,institution,security,server_service,domain,wecom,shared,no,no,medium
src/modules/institution/tests/AiConversationWorkbench.test.tsx,,@testing-library/react,runtime,external_package,institution,@testing-library,test,external_package,conversation,,no,no,low
src/modules/institution/tests/AiConversationWorkbench.test.tsx,,vitest,runtime,external_package,institution,vitest,test,external_package,conversation,,no,no,low
src/modules/institution/tests/AiConversationWorkbench.test.tsx,src/modules/institution/components/AiConversationWorkbenchShell.tsx,@/modules/institution/components/AiConversationWorkbenchShell,runtime,institution_internal,institution,institution,test,component,conversation,conversation,no,no,low
src/modules/institution/tests/AiConversationWorkbench.test.tsx,src/modules/institution/domain/ai-auto-strategy.ts,@/modules/institution/domain/ai-auto-strategy,runtime,institution_internal,institution,institution,test,domain,conversation,ai,no,no,low
src/modules/institution/tests/AiConversationWorkbench.test.tsx,src/modules/institution/domain/ai-conversation-workbench.ts,@/modules/institution/domain/ai-conversation-workbench,runtime,institution_internal,institution,institution,test,domain,conversation,ai,no,no,low
src/modules/institution/tests/AiCreditMeteringRulesRepository.test.ts,,node:child_process,runtime,external_package,institution,node:child_process,test,external_package,shared,,no,no,low
src/modules/institution/tests/AiCreditMeteringRulesRepository.test.ts,,vitest,runtime,external_package,institution,vitest,test,external_package,shared,,no,no,low
src/modules/institution/tests/AiCreditMeteringRulesRepository.test.ts,src/modules/institution/server/ai-credit-metering-rules-repository.ts,@/modules/institution/server/ai-credit-metering-rules-repository,runtime,institution_internal,institution,institution,test,server_repository,shared,ai,no,no,low
src/modules/institution/tests/AiCreditMeteringRulesRepository.test.ts,src/server/db/client.ts,@/server/db/client,type,cross_module_internal,institution,server,test,client,shared,shared,no,no,medium
src/modules/institution/tests/AiCreditMeteringRulesRepository.test.ts,src/server/db/schema.ts,@/server/db/schema,runtime,cross_module_internal,institution,server,test,server_service,shared,shared,no,no,medium
src/modules/institution/tests/AiCreditsMetering.test.ts,,vitest,runtime,external_package,institution,vitest,test,external_package,shared,,no,no,low
src/modules/institution/tests/AiCreditsMetering.test.ts,src/modules/institution/domain/ai-credits-metering.ts,@/modules/institution/domain/ai-credits-metering,runtime,institution_internal,institution,institution,test,domain,shared,ai,no,no,low
src/modules/institution/tests/AiCreditsMetering.test.ts,src/modules/institution/domain/quota-enforcement.ts,@/modules/institution/domain/quota-enforcement,runtime,institution_internal,institution,institution,test,domain,shared,entitlement,no,no,low
src/modules/institution/tests/CareMutationAccessibility.test.tsx,,@testing-library/react,runtime,external_package,institution,@testing-library,test,external_package,shared,,no,no,low
src/modules/institution/tests/CareMutationAccessibility.test.tsx,,vitest,runtime,external_package,institution,vitest,test,external_package,shared,,no,no,low
src/modules/institution/tests/CareMutationAccessibility.test.tsx,src/modules/institution/components/AppointmentCenterShell.tsx,@/modules/institution/components/AppointmentCenterShell,runtime,institution_internal,institution,institution,test,component,shared,appointment,no,no,low
src/modules/institution/tests/CareMutationAccessibility.test.tsx,src/modules/institution/components/SmartFollowUpShell.tsx,@/modules/institution/components/SmartFollowUpShell,runtime,institution_internal,institution,institution,test,component,shared,followup,no,no,low
src/modules/institution/tests/CareMutationAccessibility.test.tsx,src/modules/institution/domain/wecom-authorization.ts,@/modules/institution/domain/wecom-authorization,runtime,institution_internal,institution,institution,test,domain,shared,wecom,no,no,low
src/modules/institution/tests/CareMutationAccessibility.test.tsx,src/modules/institution/domain/wecom-customer-contact.ts,@/modules/institution/domain/wecom-customer-contact,runtime,institution_internal,institution,institution,test,domain,shared,wecom,no,no,low
src/modules/institution/tests/CareMutationAccessibility.test.tsx,src/modules/institution/domain/wecom-reachout-mock.ts,@/modules/institution/domain/wecom-reachout-mock,runtime,institution_internal,institution,institution,test,domain,shared,wecom,no,no,low
src/modules/institution/tests/CustomerCenterShellAccessibility.test.tsx,,@testing-library/react,runtime,external_package,institution,@testing-library,test,external_package,customer,,no,no,low
src/modules/institution/tests/CustomerCenterShellAccessibility.test.tsx,,vitest,runtime,external_package,institution,vitest,test,external_package,customer,,no,no,low
src/modules/institution/tests/CustomerCenterShellAccessibility.test.tsx,src/modules/institution/components/CustomerCenterShell.tsx,@/modules/institution/components/CustomerCenterShell,runtime,institution_internal,institution,institution,test,component,customer,customer,no,no,low
src/modules/institution/tests/CustomerFollowUpFeedbackApiRoute.test.ts,,node:fs,runtime,external_package,institution,node:fs,test,external_package,followup,,no,no,low
src/modules/institution/tests/CustomerFollowUpFeedbackApiRoute.test.ts,,node:path,runtime,external_package,institution,node:path,test,external_package,followup,,no,no,low
src/modules/institution/tests/CustomerFollowUpFeedbackApiRoute.test.ts,,vitest,runtime,external_package,institution,vitest,test,external_package,followup,,no,no,low
src/modules/institution/tests/CustomerFollowUpFeedbackApiRoute.test.ts,src/app/api/institution/customers/[customerId]/followup-feedback/route.ts,@/app/api/institution/customers/[customerId]/followup-feedback/route,runtime,cross_module_internal,institution,app,test,other,followup,followup,no,no,medium
src/modules/institution/tests/CustomerFollowUpOverviewApiRoute.test.ts,,vitest,runtime,external_package,institution,vitest,test,external_package,followup,,no,no,low
src/modules/institution/tests/CustomerFollowUpOverviewApiRoute.test.ts,src/app/api/institution/customers/[customerId]/followup-overview/route.ts,@/app/api/institution/customers/[customerId]/followup-overview/route,runtime,cross_module_internal,institution,app,test,other,followup,followup,no,no,medium
src/modules/institution/tests/CustomerFollowUpOverviewApiRoute.test.ts,src/modules/institution/client/tenant-business-client.ts,@/modules/institution/client/tenant-business-client,runtime,institution_internal,institution,institution,test,client,followup,shared,no,no,low
src/modules/institution/tests/CustomerFollowUpTimelineApiRoute.test.ts,,vitest,runtime,external_package,institution,vitest,test,external_package,followup,,no,no,low
src/modules/institution/tests/CustomerFollowUpTimelineApiRoute.test.ts,src/app/api/institution/customers/[customerId]/followup-timeline/route.ts,@/app/api/institution/customers/[customerId]/followup-timeline/route,runtime,cross_module_internal,institution,app,test,other,followup,followup,no,no,medium
src/modules/institution/tests/CustomerFollowUpTimelineApiRoute.test.ts,src/modules/institution/client/tenant-business-client.ts,@/modules/institution/client/tenant-business-client,runtime,institution_internal,institution,institution,test,client,followup,shared,no,no,low
src/modules/institution/tests/CustomerImportApiRoute.test.ts,,node:fs,runtime,external_package,institution,node:fs,test,external_package,customer,,no,no,low
src/modules/institution/tests/CustomerImportApiRoute.test.ts,,node:path,runtime,external_package,institution,node:path,test,external_package,customer,,no,no,low
src/modules/institution/tests/CustomerImportApiRoute.test.ts,,vitest,runtime,external_package,institution,vitest,test,external_package,customer,,no,no,low
src/modules/institution/tests/CustomerImportApiRoute.test.ts,src/app/api/institution/customers/import/route.ts,@/app/api/institution/customers/import/route,runtime,cross_module_internal,institution,app,test,other,customer,customer,no,no,medium
src/modules/institution/tests/CustomerImportBoundary.test.ts,,vitest,runtime,external_package,institution,vitest,test,external_package,customer,,no,no,low
src/modules/institution/tests/CustomerImportBoundary.test.ts,src/modules/institution/server/customer-import.ts,@/modules/institution/server/customer-import,runtime,institution_internal,institution,institution,test,server_service,customer,customer,no,no,low
src/modules/institution/tests/CustomerImportDomain.test.ts,,vitest,runtime,external_package,institution,vitest,test,external_package,customer,,no,no,low
src/modules/institution/tests/CustomerImportDomain.test.ts,src/modules/institution/domain/customer-import.ts,@/modules/institution/domain/customer-import,runtime,institution_internal,institution,institution,test,domain,customer,customer,no,no,low
src/modules/institution/tests/CustomerImportDomain.test.ts,src/modules/institution/domain/customer-records.ts,@/modules/institution/domain/customer-records,type,institution_internal,institution,institution,test,domain,customer,customer,no,no,low
src/modules/institution/tests/CustomerImportDomain.test.ts,src/modules/institution/server/customer-import.ts,@/modules/institution/server/customer-import,runtime,institution_internal,institution,institution,test,server_service,customer,customer,no,no,low
src/modules/institution/tests/CustomerTimelineApiRoutes.test.ts,,vitest,runtime,external_package,institution,vitest,test,external_package,customer,,no,no,low
src/modules/institution/tests/CustomerTimelineApiRoutes.test.ts,src/app/api/institution/customers/[customerId]/timeline/route.ts,@/app/api/institution/customers/[customerId]/timeline/route,runtime,cross_module_internal,institution,app,test,other,customer,customer,no,no,medium
src/modules/institution/tests/CustomerTimelineApiRoutes.test.ts,src/modules/institution/client/tenant-business-client.ts,@/modules/institution/client/tenant-business-client,runtime,institution_internal,institution,institution,test,client,customer,shared,no,no,low
src/modules/institution/tests/CustomerTimelineDomain.test.ts,,vitest,runtime,external_package,institution,vitest,test,external_package,customer,,no,no,low
src/modules/institution/tests/CustomerTimelineDomain.test.ts,src/modules/institution/domain/appointment-records.ts,@/modules/institution/domain/appointment-records,type,institution_internal,institution,institution,test,domain,customer,appointment,no,no,low
src/modules/institution/tests/CustomerTimelineDomain.test.ts,src/modules/institution/domain/customer-records.ts,@/modules/institution/domain/customer-records,type,institution_internal,institution,institution,test,domain,customer,customer,no,no,low
src/modules/institution/tests/CustomerTimelineDomain.test.ts,src/modules/institution/domain/customer-timeline.ts,@/modules/institution/domain/customer-timeline,runtime,institution_internal,institution,institution,test,domain,customer,customer,no,no,low
src/modules/institution/tests/CustomerTimelineDomain.test.ts,src/modules/institution/domain/followup-workflow.ts,@/modules/institution/domain/followup-workflow,type,institution_internal,institution,institution,test,domain,customer,followup,no,no,low
src/modules/institution/tests/CustomerTimelineDomain.test.ts,src/modules/institution/domain/treatment-summaries.ts,@/modules/institution/domain/treatment-summaries,type,institution_internal,institution,institution,test,domain,customer,treatment,no,no,low
src/modules/institution/tests/CustomerTimelineDrawer.test.tsx,,@testing-library/react,runtime,external_package,institution,@testing-library,test,external_package,customer,,no,no,low
src/modules/institution/tests/CustomerTimelineDrawer.test.tsx,,vitest,runtime,external_package,institution,vitest,test,external_package,customer,,no,no,low
src/modules/institution/tests/CustomerTimelineDrawer.test.tsx,src/modules/institution/components/CustomerTimelineDrawer.tsx,@/modules/institution/components/CustomerTimelineDrawer,runtime,institution_internal,institution,institution,test,component,customer,customer,no,no,low
src/modules/institution/tests/CustomerTimelineDrawer.test.tsx,src/modules/institution/domain/customer-timeline.ts,@/modules/institution/domain/customer-timeline,type,institution_internal,institution,institution,test,domain,customer,customer,no,no,low
src/modules/institution/tests/DashboardStatsLegacyApiRoute.test.ts,,node:fs,runtime,external_package,institution,node:fs,test,external_package,dashboard,,no,no,low
src/modules/institution/tests/DashboardStatsLegacyApiRoute.test.ts,,node:path,runtime,external_package,institution,node:path,test,external_package,dashboard,,no,no,low
src/modules/institution/tests/DashboardStatsLegacyApiRoute.test.ts,,vitest,runtime,external_package,institution,vitest,test,external_package,dashboard,,no,no,low
src/modules/institution/tests/DashboardStatsLegacyApiRoute.test.ts,src/app/api/institution/dashboard-stats/route.ts,@/app/api/institution/dashboard-stats/route,runtime,cross_module_internal,institution,app,test,other,dashboard,dashboard,no,no,medium
src/modules/institution/tests/DashboardStatsLegacyApiRoute.test.ts,src/modules/auth/domain/session.ts,@/modules/auth/domain/session,type,cross_module_internal,institution,auth,test,domain,dashboard,shared,no,no,medium
src/modules/institution/tests/DashboardStatsLegacyApiRoute.test.ts,src/modules/auth/server/demo-session.ts,@/modules/auth/server/demo-session,runtime,cross_module_internal,institution,auth,test,server_service,dashboard,shared,no,no,medium
src/modules/institution/tests/EntitlementUsageView.test.ts,,vitest,runtime,external_package,institution,vitest,test,external_package,entitlement,,no,no,low
src/modules/institution/tests/EntitlementUsageView.test.ts,src/modules/institution/domain/entitlement-usage-view.ts,@/modules/institution/domain/entitlement-usage-view,runtime,institution_internal,institution,institution,test,domain,entitlement,entitlement,no,no,low
src/modules/institution/tests/FollowUpContactSafetyDomain.test.ts,,vitest,runtime,external_package,institution,vitest,test,external_package,followup,,no,no,low
src/modules/institution/tests/FollowUpContactSafetyDomain.test.ts,src/modules/institution/domain/followup-contact-safety.ts,@/modules/institution/domain/followup-contact-safety,runtime,institution_internal,institution,institution,test,domain,followup,followup,no,no,low
src/modules/institution/tests/FollowUpCustomerTimelineDomain.test.ts,,vitest,runtime,external_package,institution,vitest,test,external_package,followup,,no,no,low
src/modules/institution/tests/FollowUpCustomerTimelineDomain.test.ts,src/modules/institution/domain/customer-records.ts,@/modules/institution/domain/customer-records,type,institution_internal,institution,institution,test,domain,followup,customer,no,no,low
src/modules/institution/tests/FollowUpCustomerTimelineDomain.test.ts,src/modules/institution/domain/followup-customer-timeline.ts,@/modules/institution/domain/followup-customer-timeline,runtime,institution_internal,institution,institution,test,domain,followup,followup,no,no,low
src/modules/institution/tests/FollowUpCustomerTimelineDomain.test.ts,src/modules/institution/server/followup-customer-timeline-service.ts,@/modules/institution/server/followup-customer-timeline-service,runtime,institution_internal,institution,institution,test,server_service,followup,followup,no,no,low
src/modules/institution/tests/FollowUpCustomerTimelineDomain.test.ts,src/modules/security/domain/access-control.ts,@/modules/security/domain/access-control,type,cross_module_internal,institution,security,test,domain,followup,shared,no,no,medium
src/modules/institution/tests/FollowUpMessageDeliveryDomain.test.ts,,vitest,runtime,external_package,institution,vitest,test,external_package,followup,,no,no,low
src/modules/institution/tests/FollowUpMessageDeliveryDomain.test.ts,src/modules/institution/domain/followup-message-deliveries.ts,@/modules/institution/domain/followup-message-deliveries,runtime,institution_internal,institution,institution,test,domain,followup,followup,no,no,low
src/modules/institution/tests/FollowUpMessageDeliveryDomain.test.ts,src/modules/institution/domain/followup-message-drafts.ts,@/modules/institution/domain/followup-message-drafts,type,institution_internal,institution,institution,test,domain,followup,followup,no,no,low
src/modules/institution/tests/FollowUpMessageDeliveryDomain.test.ts,src/modules/institution/domain/wecom-authorization.ts,@/modules/institution/domain/wecom-authorization,runtime,institution_internal,institution,institution,test,domain,followup,wecom,no,no,low
src/modules/institution/tests/FollowUpMessageDeliveryDomain.test.ts,src/modules/institution/domain/wecom-customer-contact.ts,@/modules/institution/domain/wecom-customer-contact,runtime,institution_internal,institution,institution,test,domain,followup,wecom,no,no,low
src/modules/institution/tests/FollowUpMessageDraftApiRoutes.test.ts,,node:fs,runtime,external_package,institution,node:fs,test,external_package,followup,,no,no,low
src/modules/institution/tests/FollowUpMessageDraftApiRoutes.test.ts,,node:path,runtime,external_package,institution,node:path,test,external_package,followup,,no,no,low
src/modules/institution/tests/FollowUpMessageDraftApiRoutes.test.ts,,vitest,runtime,external_package,institution,vitest,test,external_package,followup,,no,no,low
src/modules/institution/tests/FollowUpMessageDraftApiRoutes.test.ts,src/app/api/institution/followup-message-drafts/[draftId]/approve/route.ts,@/app/api/institution/followup-message-drafts/[draftId]/approve/route,runtime,cross_module_internal,institution,app,test,other,followup,followup,no,no,medium
src/modules/institution/tests/FollowUpMessageDraftApiRoutes.test.ts,src/app/api/institution/followup-message-drafts/[draftId]/mark-sent/route.ts,@/app/api/institution/followup-message-drafts/[draftId]/mark-sent/route,runtime,cross_module_internal,institution,app,test,other,followup,followup,no,no,medium
src/modules/institution/tests/FollowUpMessageDraftApiRoutes.test.ts,src/app/api/institution/followup-message-drafts/[draftId]/reject/route.ts,@/app/api/institution/followup-message-drafts/[draftId]/reject/route,runtime,cross_module_internal,institution,app,test,other,followup,followup,no,no,medium
src/modules/institution/tests/FollowUpMessageDraftApiRoutes.test.ts,src/app/api/institution/followup-message-drafts/[draftId]/route.ts,@/app/api/institution/followup-message-drafts/[draftId]/route,runtime,cross_module_internal,institution,app,test,other,followup,followup,no,no,medium
src/modules/institution/tests/FollowUpMessageDraftApiRoutes.test.ts,src/app/api/institution/followup-message-drafts/route.ts,@/app/api/institution/followup-message-drafts/route,runtime,cross_module_internal,institution,app,test,other,followup,followup,no,no,medium
src/modules/institution/tests/FollowUpMessageDraftApiRoutes.test.ts,src/app/api/institution/followup-message-templates/route.ts,@/app/api/institution/followup-message-templates/route,runtime,cross_module_internal,institution,app,test,other,followup,followup,no,no,medium
src/modules/institution/tests/FollowUpMessageDraftDomain.test.ts,,vitest,runtime,external_package,institution,vitest,test,external_package,followup,,no,no,low
src/modules/institution/tests/FollowUpMessageDraftDomain.test.ts,src/modules/institution/domain/followup-message-drafts.ts,@/modules/institution/domain/followup-message-drafts,runtime,institution_internal,institution,institution,test,domain,followup,followup,no,no,low
src/modules/institution/tests/FollowUpMessageDraftDomain.test.ts,src/modules/institution/domain/followup-workflow.ts,@/modules/institution/domain/followup-workflow,type,institution_internal,institution,institution,test,domain,followup,followup,no,no,low
src/modules/institution/tests/FollowUpMessageDraftService.test.ts,,vitest,runtime,external_package,institution,vitest,test,external_package,followup,,no,no,low
src/modules/institution/tests/FollowUpMessageDraftService.test.ts,src/modules/audit/domain/audit-events.ts,@/modules/audit/domain/audit-events,type,cross_module_internal,institution,audit,test,domain,followup,audit,no,no,medium
src/modules/institution/tests/FollowUpMessageDraftService.test.ts,src/modules/institution/domain/customer-records.ts,@/modules/institution/domain/customer-records,type,institution_internal,institution,institution,test,domain,followup,customer,no,no,low
src/modules/institution/tests/FollowUpMessageDraftService.test.ts,src/modules/institution/domain/followup-message-drafts.ts,@/modules/institution/domain/followup-message-drafts,type,institution_internal,institution,institution,test,domain,followup,followup,no,no,low
src/modules/institution/tests/FollowUpMessageDraftService.test.ts,src/modules/institution/server/followup-message-draft-service.ts,@/modules/institution/server/followup-message-draft-service,runtime,institution_internal,institution,institution,test,server_service,followup,followup,no,no,low
src/modules/institution/tests/FollowUpMessageDraftService.test.ts,src/modules/security/domain/access-control.ts,@/modules/security/domain/access-control,type,cross_module_internal,institution,security,test,domain,followup,shared,no,no,medium
src/modules/institution/tests/FollowUpOperationsDashboardApiRoutes.test.ts,,@testing-library/react,runtime,external_package,institution,@testing-library,test,external_package,followup,,no,no,low
src/modules/institution/tests/FollowUpOperationsDashboardApiRoutes.test.ts,,node:fs/promises,runtime,external_package,institution,node:fs,test,external_package,followup,,no,no,low
src/modules/institution/tests/FollowUpOperationsDashboardApiRoutes.test.ts,,node:path,runtime,external_package,institution,node:path,test,external_package,followup,,no,no,low
src/modules/institution/tests/FollowUpOperationsDashboardApiRoutes.test.ts,,react,runtime,external_package,institution,react,test,external_package,followup,,no,no,low
src/modules/institution/tests/FollowUpOperationsDashboardApiRoutes.test.ts,,vitest,runtime,external_package,institution,vitest,test,external_package,followup,,no,no,low
src/modules/institution/tests/FollowUpOperationsDashboardApiRoutes.test.ts,src/app/api/institution/followup-operations/dashboard/route.ts,@/app/api/institution/followup-operations/dashboard/route,runtime,cross_module_internal,institution,app,test,other,followup,followup,no,no,medium
src/modules/institution/tests/FollowUpOperationsDashboardApiRoutes.test.ts,src/modules/institution/client/tenant-business-client.ts,@/modules/institution/client/tenant-business-client,runtime,institution_internal,institution,institution,test,client,followup,shared,no,no,low
src/modules/institution/tests/FollowUpOperationsDashboardApiRoutes.test.ts,src/modules/institution/components/SmartFollowUpShell.tsx,@/modules/institution/components/SmartFollowUpShell,runtime,institution_internal,institution,institution,test,component,followup,followup,no,no,low
src/modules/institution/tests/FollowUpOperationsDashboardDomain.test.ts,,vitest,runtime,external_package,institution,vitest,test,external_package,followup,,no,no,low
src/modules/institution/tests/FollowUpOperationsDashboardDomain.test.ts,src/modules/institution/domain/followup-operations-dashboard.ts,@/modules/institution/domain/followup-operations-dashboard,runtime,institution_internal,institution,institution,test,domain,followup,followup,no,no,low
src/modules/institution/tests/FollowUpOperationsDashboardDomain.test.ts,src/modules/institution/domain/wecom-authorization.ts,@/modules/institution/domain/wecom-authorization,runtime,institution_internal,institution,institution,test,domain,followup,wecom,no,no,low
src/modules/institution/tests/FollowUpOperationsDashboardDomain.test.ts,src/modules/institution/domain/wecom-customer-contact.ts,@/modules/institution/domain/wecom-customer-contact,runtime,institution_internal,institution,institution,test,domain,followup,wecom,no,no,low
src/modules/institution/tests/FollowUpOperationsDashboardRepository.test.ts,,vitest,runtime,external_package,institution,vitest,test,external_package,followup,,no,no,low
src/modules/institution/tests/FollowUpOperationsDashboardRepository.test.ts,src/modules/institution/server/tenant-business-repository.ts,@/modules/institution/server/tenant-business-repository,runtime,institution_internal,institution,institution,test,server_repository,followup,shared,no,no,low
src/modules/institution/tests/FollowUpOperationsDashboardRepository.test.ts,src/server/db/client.ts,@/server/db/client,type,cross_module_internal,institution,server,test,client,followup,shared,no,no,medium
src/modules/institution/tests/FollowUpOperationsDashboardRepository.test.ts,src/server/db/schema.ts,@/server/db/schema,runtime,cross_module_internal,institution,server,test,server_service,followup,shared,no,no,medium
src/modules/institution/tests/FollowUpPathAnalysis.test.ts,,node:fs,runtime,external_package,institution,node:fs,test,external_package,followup,,no,no,low
src/modules/institution/tests/FollowUpPathAnalysis.test.ts,,node:path,runtime,external_package,institution,node:path,test,external_package,followup,,no,no,low
src/modules/institution/tests/FollowUpPathAnalysis.test.ts,,vitest,runtime,external_package,institution,vitest,test,external_package,followup,,no,no,low
src/modules/institution/tests/FollowUpPathAnalysis.test.ts,src/modules/institution/domain/followup-path-analysis.ts,@/modules/institution/domain/followup-path-analysis,runtime,institution_internal,institution,institution,test,domain,followup,followup,no,no,low
src/modules/institution/tests/FollowUpPathAnalysisApiRoutes.test.ts,,node:fs,runtime,external_package,institution,node:fs,test,external_package,followup,,no,no,low
src/modules/institution/tests/FollowUpPathAnalysisApiRoutes.test.ts,,node:path,runtime,external_package,institution,node:path,test,external_package,followup,,no,no,low
src/modules/institution/tests/FollowUpPathAnalysisApiRoutes.test.ts,,vitest,runtime,external_package,institution,vitest,test,external_package,followup,,no,no,low
src/modules/institution/tests/FollowUpPathAnalysisApiRoutes.test.ts,src/app/api/institution/follow-up-path-analysis/route.ts,@/app/api/institution/follow-up-path-analysis/route,runtime,cross_module_internal,institution,app,test,other,followup,followup,no,no,medium
src/modules/institution/tests/FollowUpPathEnrollmentApiRoutes.test.ts,,node:fs,runtime,external_package,institution,node:fs,test,external_package,followup,,no,no,low
src/modules/institution/tests/FollowUpPathEnrollmentApiRoutes.test.ts,,node:path,runtime,external_package,institution,node:path,test,external_package,followup,,no,no,low
src/modules/institution/tests/FollowUpPathEnrollmentApiRoutes.test.ts,,vitest,runtime,external_package,institution,vitest,test,external_package,followup,,no,no,low
src/modules/institution/tests/FollowUpPathEnrollmentApiRoutes.test.ts,src/app/api/institution/followup-paths/enrollments/[enrollmentId]/cancel/route.ts,@/app/api/institution/followup-paths/enrollments/[enrollmentId]/cancel/route,runtime,cross_module_internal,institution,app,test,other,followup,followup,no,no,medium
src/modules/institution/tests/FollowUpPathEnrollmentApiRoutes.test.ts,src/app/api/institution/followup-paths/enrollments/[enrollmentId]/route.ts,@/app/api/institution/followup-paths/enrollments/[enrollmentId]/route,runtime,cross_module_internal,institution,app,test,other,followup,followup,no,no,medium
src/modules/institution/tests/FollowUpPathEnrollmentApiRoutes.test.ts,src/app/api/institution/followup-paths/enrollments/route.ts,@/app/api/institution/followup-paths/enrollments/route,runtime,cross_module_internal,institution,app,test,other,followup,followup,no,no,medium
src/modules/institution/tests/FollowUpPathEnrollmentApiRoutes.test.ts,src/app/api/institution/followup-paths/templates/route.ts,@/app/api/institution/followup-paths/templates/route,runtime,cross_module_internal,institution,app,test,other,followup,followup,no,no,medium
src/modules/institution/tests/FollowUpPathEnrollmentDomain.test.ts,,vitest,runtime,external_package,institution,vitest,test,external_package,followup,,no,no,low
src/modules/institution/tests/FollowUpPathEnrollmentDomain.test.ts,src/modules/institution/domain/followup-path-enrollment.ts,@/modules/institution/domain/followup-path-enrollment,runtime,institution_internal,institution,institution,test,domain,followup,followup,no,no,low
src/modules/institution/tests/FollowUpPathEnrollmentDomain.test.ts,src/modules/institution/domain/treatment-summaries.ts,@/modules/institution/domain/treatment-summaries,type,institution_internal,institution,institution,test,domain,followup,treatment,no,no,low
src/modules/institution/tests/FollowUpPathEnrollmentService.test.ts,,vitest,runtime,external_package,institution,vitest,test,external_package,followup,,no,no,low
src/modules/institution/tests/FollowUpPathEnrollmentService.test.ts,src/modules/institution/domain/followup-path-enrollment.ts,@/modules/institution/domain/followup-path-enrollment,type,institution_internal,institution,institution,test,domain,followup,followup,no,no,low
src/modules/institution/tests/FollowUpPathEnrollmentService.test.ts,src/modules/institution/domain/treatment-summaries.ts,@/modules/institution/domain/treatment-summaries,type,institution_internal,institution,institution,test,domain,followup,treatment,no,no,low
src/modules/institution/tests/FollowUpPathEnrollmentService.test.ts,src/modules/institution/server/followup-path-enrollment-service.ts,@/modules/institution/server/followup-path-enrollment-service,runtime,institution_internal,institution,institution,test,server_service,followup,followup,no,no,low
src/modules/institution/tests/FollowUpPathEnrollmentService.test.ts,src/modules/security/domain/access-control.ts,@/modules/security/domain/access-control,type,cross_module_internal,institution,security,test,domain,followup,shared,no,no,medium
src/modules/institution/tests/HisConnectionApiRoutes.test.ts,,node:fs,runtime,external_package,institution,node:fs,test,external_package,his,,no,no,low
src/modules/institution/tests/HisConnectionApiRoutes.test.ts,,node:path,runtime,external_package,institution,node:path,test,external_package,his,,no,no,low
src/modules/institution/tests/HisConnectionApiRoutes.test.ts,,vitest,runtime,external_package,institution,vitest,test,external_package,his,,no,no,low
src/modules/institution/tests/HisConnectionApiRoutes.test.ts,src/app/api/institution/his-connections/[connectionId]/pause/route.ts,@/app/api/institution/his-connections/[connectionId]/pause/route,runtime,cross_module_internal,institution,app,test,other,his,his,no,no,medium
src/modules/institution/tests/HisConnectionApiRoutes.test.ts,src/app/api/institution/his-connections/[connectionId]/resume/route.ts,@/app/api/institution/his-connections/[connectionId]/resume/route,runtime,cross_module_internal,institution,app,test,other,his,his,no,no,medium
src/modules/institution/tests/HisConnectionApiRoutes.test.ts,src/app/api/institution/his-connections/[connectionId]/revoke/route.ts,@/app/api/institution/his-connections/[connectionId]/revoke/route,runtime,cross_module_internal,institution,app,test,other,his,his,no,no,medium
src/modules/institution/tests/HisConnectionApiRoutes.test.ts,src/app/api/institution/his-connections/[connectionId]/route.ts,@/app/api/institution/his-connections/[connectionId]/route,runtime,cross_module_internal,institution,app,test,other,his,his,no,no,medium
src/modules/institution/tests/HisConnectionApiRoutes.test.ts,src/app/api/institution/his-connections/route.ts,@/app/api/institution/his-connections/route,runtime,cross_module_internal,institution,app,test,other,his,his,no,no,medium
src/modules/institution/tests/HisConnectionCredentialApiRoutes.test.ts,,node:fs,runtime,external_package,institution,node:fs,test,external_package,his,,no,no,low
src/modules/institution/tests/HisConnectionCredentialApiRoutes.test.ts,,node:path,runtime,external_package,institution,node:path,test,external_package,his,,no,no,low
src/modules/institution/tests/HisConnectionCredentialApiRoutes.test.ts,,vitest,runtime,external_package,institution,vitest,test,external_package,his,,no,no,low
src/modules/institution/tests/HisConnectionCredentialApiRoutes.test.ts,src/app/api/institution/his-connections/[connectionId]/credentials/clear/route.ts,@/app/api/institution/his-connections/[connectionId]/credentials/clear/route,runtime,cross_module_internal,institution,app,test,other,his,his,no,no,medium
src/modules/institution/tests/HisConnectionCredentialApiRoutes.test.ts,src/app/api/institution/his-connections/[connectionId]/credentials/revoke/route.ts,@/app/api/institution/his-connections/[connectionId]/credentials/revoke/route,runtime,cross_module_internal,institution,app,test,other,his,his,no,no,medium
src/modules/institution/tests/HisConnectionCredentialApiRoutes.test.ts,src/app/api/institution/his-connections/[connectionId]/credentials/rotate/route.ts,@/app/api/institution/his-connections/[connectionId]/credentials/rotate/route,runtime,cross_module_internal,institution,app,test,other,his,his,no,no,medium
src/modules/institution/tests/HisConnectionCredentialApiRoutes.test.ts,src/app/api/institution/his-connections/[connectionId]/credentials/route.ts,@/app/api/institution/his-connections/[connectionId]/credentials/route,runtime,cross_module_internal,institution,app,test,other,his,his,no,no,medium
src/modules/institution/tests/HisConnectionCredentialCompensationJobQueueRepository.test.ts,,node:fs,runtime,external_package,institution,node:fs,test,external_package,his,,no,no,low
src/modules/institution/tests/HisConnectionCredentialCompensationJobQueueRepository.test.ts,,vitest,runtime,external_package,institution,vitest,test,external_package,his,,no,no,low
src/modules/institution/tests/HisConnectionCredentialCompensationJobQueueRepository.test.ts,src/modules/institution/server/his-connection-credential-compensation-job-queue-repository.ts,@/modules/institution/server/his-connection-credential-compensation-job-queue-repository,runtime,institution_internal,institution,institution,test,server_repository,his,his,no,no,low
src/modules/institution/tests/HisConnectionCredentialCompensationJobQueueRepository.test.ts,src/server/db/client.ts,@/server/db/client,type,cross_module_internal,institution,server,test,client,his,shared,no,no,medium
src/modules/institution/tests/HisConnectionCredentialCompensationJobQueueRepository.test.ts,src/server/db/schema.ts,@/server/db/schema,runtime,cross_module_internal,institution,server,test,server_service,his,shared,no,no,medium
src/modules/institution/tests/HisConnectionCredentialCompensationOperationRepository.test.ts,,node:fs,runtime,external_package,institution,node:fs,test,external_package,his,,no,no,low
src/modules/institution/tests/HisConnectionCredentialCompensationOperationRepository.test.ts,,vitest,runtime,external_package,institution,vitest,test,external_package,his,,no,no,low
src/modules/institution/tests/HisConnectionCredentialCompensationOperationRepository.test.ts,src/modules/institution/server/his-connection-credential-compensation-operation-repository.ts,@/modules/institution/server/his-connection-credential-compensation-operation-repository,runtime,institution_internal,institution,institution,test,server_repository,his,his,no,no,low
src/modules/institution/tests/HisConnectionCredentialCompensationOperationRepository.test.ts,src/server/db/client.ts,@/server/db/client,type,cross_module_internal,institution,server,test,client,his,shared,no,no,medium
src/modules/institution/tests/HisConnectionCredentialCompensationOperationRepository.test.ts,src/server/db/schema.ts,@/server/db/schema,runtime,cross_module_internal,institution,server,test,server_service,his,shared,no,no,medium
src/modules/institution/tests/HisConnectionCredentialCompensationRetryPolicy.test.ts,,vitest,runtime,external_package,institution,vitest,test,external_package,his,,no,no,low
src/modules/institution/tests/HisConnectionCredentialCompensationRetryPolicy.test.ts,src/modules/institution/server/his-connection-credential-compensation-retry-policy.ts,@/modules/institution/server/his-connection-credential-compensation-retry-policy,runtime,institution_internal,institution,institution,test,server_service,his,his,no,no,low
src/modules/institution/tests/HisConnectionCredentialCompensationWorker.test.ts,,node:fs,runtime,external_package,institution,node:fs,test,external_package,his,,no,no,low
src/modules/institution/tests/HisConnectionCredentialCompensationWorker.test.ts,,vitest,runtime,external_package,institution,vitest,test,external_package,his,,no,no,low
src/modules/institution/tests/HisConnectionCredentialCompensationWorker.test.ts,src/modules/institution/server/his-connection-credential-compensation-job-queue-repository.ts,@/modules/institution/server/his-connection-credential-compensation-job-queue-repository,type,institution_internal,institution,institution,test,server_repository,his,his,no,no,low
src/modules/institution/tests/HisConnectionCredentialCompensationWorker.test.ts,src/modules/institution/server/his-connection-credential-compensation-operation-repository.ts,@/modules/institution/server/his-connection-credential-compensation-operation-repository,type,institution_internal,institution,institution,test,server_repository,his,his,no,no,low
src/modules/institution/tests/HisConnectionCredentialCompensationWorker.test.ts,src/modules/institution/server/his-connection-credential-compensation-worker.ts,@/modules/institution/server/his-connection-credential-compensation-worker,runtime,institution_internal,institution,institution,test,server_service,his,his,no,no,low
src/modules/institution/tests/HisConnectionCredentialInput.test.ts,,vitest,runtime,external_package,institution,vitest,test,external_package,his,,no,no,low
src/modules/institution/tests/HisConnectionCredentialInput.test.ts,src/modules/institution/server/his-connection-credential-dto.ts,@/modules/institution/server/his-connection-credential-dto,runtime,institution_internal,institution,institution,test,server_service,his,his,no,no,low
src/modules/institution/tests/HisConnectionCredentialInput.test.ts,src/modules/institution/server/his-connection-credential-input.ts,@/modules/institution/server/his-connection-credential-input,runtime,institution_internal,institution,institution,test,server_service,his,his,no,no,low
src/modules/institution/tests/HisConnectionCredentialProviderFailure.test.ts,,node:fs,runtime,external_package,institution,node:fs,test,external_package,his,,no,no,low
src/modules/institution/tests/HisConnectionCredentialProviderFailure.test.ts,,vitest,runtime,external_package,institution,vitest,test,external_package,his,,no,no,low
src/modules/institution/tests/HisConnectionCredentialProviderFailure.test.ts,src/modules/institution/server/his-connection-credential-provider-failure.ts,@/modules/institution/server/his-connection-credential-provider-failure,runtime,institution_internal,institution,institution,test,server_service,his,his,no,no,low
src/modules/institution/tests/HisConnectionCredentialService.test.ts,,vitest,runtime,external_package,institution,vitest,test,external_package,his,,no,no,low
src/modules/institution/tests/HisConnectionCredentialService.test.ts,src/modules/audit/domain/audit-events.ts,@/modules/audit/domain/audit-events,type,cross_module_internal,institution,audit,test,domain,his,audit,no,no,medium
src/modules/institution/tests/HisConnectionCredentialService.test.ts,src/modules/institution/server/his-connection-credential-provider-failure.ts,@/modules/institution/server/his-connection-credential-provider-failure,runtime,institution_internal,institution,institution,test,server_service,his,his,no,no,low
src/modules/institution/tests/HisConnectionCredentialService.test.ts,src/modules/institution/server/his-connection-credential-service.ts,@/modules/institution/server/his-connection-credential-service,runtime,institution_internal,institution,institution,test,server_service,his,his,no,no,low
src/modules/institution/tests/HisConnectionCredentialService.test.ts,src/modules/institution/server/his-connection-credential-storage.ts,@/modules/institution/server/his-connection-credential-storage,type,institution_internal,institution,institution,test,server_service,his,his,no,no,low
src/modules/institution/tests/HisConnectionCredentialService.test.ts,src/modules/institution/server/his-connection-repository.ts,@/modules/institution/server/his-connection-repository,type,institution_internal,institution,institution,test,server_repository,his,his,no,no,low
src/modules/institution/tests/HisConnectionCredentialService.test.ts,src/modules/security/domain/access-control.ts,@/modules/security/domain/access-control,type,cross_module_internal,institution,security,test,domain,his,shared,no,no,medium
src/modules/institution/tests/HisConnectionCredentialService.test.ts,src/server/db/client.ts,@/server/db/client,type,cross_module_internal,institution,server,test,client,his,shared,no,no,medium
src/modules/institution/tests/HisConnectionCredentialStorage.test.ts,,vitest,runtime,external_package,institution,vitest,test,external_package,his,,no,no,low
src/modules/institution/tests/HisConnectionCredentialStorage.test.ts,src/modules/institution/server/his-connection-credential-storage.ts,@/modules/institution/server/his-connection-credential-storage,runtime,institution_internal,institution,institution,test,server_service,his,his,no,no,low
src/modules/institution/tests/HisConnectionReadOnlyPanel.test.tsx,,@testing-library/react,runtime,external_package,institution,@testing-library,test,external_package,his,,no,no,low
src/modules/institution/tests/HisConnectionReadOnlyPanel.test.tsx,,vitest,runtime,external_package,institution,vitest,test,external_package,his,,no,no,low
src/modules/institution/tests/HisConnectionReadOnlyPanel.test.tsx,src/modules/institution/components/HisConnectionReadOnlyPanel.tsx,@/modules/institution/components/HisConnectionReadOnlyPanel,runtime,institution_internal,institution,institution,test,component,his,his,no,no,low
src/modules/institution/tests/HisConnectionRepository.test.ts,,node:fs,runtime,external_package,institution,node:fs,test,external_package,his,,no,no,low
src/modules/institution/tests/HisConnectionRepository.test.ts,,node:path,runtime,external_package,institution,node:path,test,external_package,his,,no,no,low
src/modules/institution/tests/HisConnectionRepository.test.ts,,vitest,runtime,external_package,institution,vitest,test,external_package,his,,no,no,low
src/modules/institution/tests/HisConnectionRepository.test.ts,src/modules/institution/server/his-connection-repository.ts,@/modules/institution/server/his-connection-repository,runtime,institution_internal,institution,institution,test,server_repository,his,his,no,no,low
src/modules/institution/tests/HisConnectionRepository.test.ts,src/server/db/client.ts,@/server/db/client,type,cross_module_internal,institution,server,test,client,his,shared,no,no,medium
src/modules/institution/tests/HisConnectionRepository.test.ts,src/server/db/schema.ts,@/server/db/schema,runtime,cross_module_internal,institution,server,test,server_service,his,shared,no,no,medium
src/modules/institution/tests/HisConnectionStatusService.test.ts,,node:fs,runtime,external_package,institution,node:fs,test,external_package,his,,no,no,low
src/modules/institution/tests/HisConnectionStatusService.test.ts,,node:path,runtime,external_package,institution,node:path,test,external_package,his,,no,no,low
src/modules/institution/tests/HisConnectionStatusService.test.ts,,vitest,runtime,external_package,institution,vitest,test,external_package,his,,no,no,low
src/modules/institution/tests/HisConnectionStatusService.test.ts,src/modules/audit/domain/audit-events.ts,@/modules/audit/domain/audit-events,type,cross_module_internal,institution,audit,test,domain,his,audit,no,no,medium
src/modules/institution/tests/HisConnectionStatusService.test.ts,src/modules/institution/server/his-connection-repository.ts,@/modules/institution/server/his-connection-repository,type,institution_internal,institution,institution,test,server_repository,his,his,no,no,low
src/modules/institution/tests/HisConnectionStatusService.test.ts,src/modules/institution/server/his-connection-status-service.ts,@/modules/institution/server/his-connection-status-service,runtime,institution_internal,institution,institution,test,server_service,his,his,no,no,low
src/modules/institution/tests/HisConnectionStatusService.test.ts,src/modules/security/domain/access-control.ts,@/modules/security/domain/access-control,type,cross_module_internal,institution,security,test,domain,his,shared,no,no,medium
src/modules/institution/tests/HisConnectionStatusService.test.ts,src/server/db/client.ts,@/server/db/client,type,cross_module_internal,institution,server,test,client,his,shared,no,no,medium
src/modules/institution/tests/HisConnectionTestConnectionApiRoute.test.ts,,node:fs,runtime,external_package,institution,node:fs,test,external_package,his,,no,no,low
src/modules/institution/tests/HisConnectionTestConnectionApiRoute.test.ts,,node:path,runtime,external_package,institution,node:path,test,external_package,his,,no,no,low
src/modules/institution/tests/HisConnectionTestConnectionApiRoute.test.ts,,vitest,runtime,external_package,institution,vitest,test,external_package,his,,no,no,low
src/modules/institution/tests/HisConnectionTestConnectionApiRoute.test.ts,src/app/api/institution/his-connections/[connectionId]/test-connection/route.ts,@/app/api/institution/his-connections/[connectionId]/test-connection/route,runtime,cross_module_internal,institution,app,test,other,his,his,no,no,medium
src/modules/institution/tests/HisConnectionTestConnectionService.test.ts,,vitest,runtime,external_package,institution,vitest,test,external_package,his,,no,no,low
src/modules/institution/tests/HisConnectionTestConnectionService.test.ts,src/modules/audit/domain/audit-events.ts,@/modules/audit/domain/audit-events,type,cross_module_internal,institution,audit,test,domain,his,audit,no,no,medium
src/modules/institution/tests/HisConnectionTestConnectionService.test.ts,src/modules/institution/server/his-connection-repository.ts,@/modules/institution/server/his-connection-repository,type,institution_internal,institution,institution,test,server_repository,his,his,no,no,low
src/modules/institution/tests/HisConnectionTestConnectionService.test.ts,src/modules/institution/server/his-connection-test-connection-fake-provider.ts,@/modules/institution/server/his-connection-test-connection-fake-provider,runtime,institution_internal,institution,institution,test,server_service,his,his,no,no,low
src/modules/institution/tests/HisConnectionTestConnectionService.test.ts,src/modules/institution/server/his-connection-test-connection-service.ts,@/modules/institution/server/his-connection-test-connection-service,runtime,institution_internal,institution,institution,test,server_service,his,his,no,no,low
src/modules/institution/tests/HisConnectionTestConnectionService.test.ts,src/modules/security/domain/access-control.ts,@/modules/security/domain/access-control,type,cross_module_internal,institution,security,test,domain,his,shared,no,no,medium
src/modules/institution/tests/HisConnectionTestConnectionService.test.ts,src/server/db/client.ts,@/server/db/client,type,cross_module_internal,institution,server,test,client,his,shared,no,no,medium
src/modules/institution/tests/HisConnectionWriteInput.test.ts,,vitest,runtime,external_package,institution,vitest,test,external_package,his,,no,no,low
src/modules/institution/tests/HisConnectionWriteInput.test.ts,src/modules/institution/server/his-connection-write-input.ts,@/modules/institution/server/his-connection-write-input,runtime,institution_internal,institution,institution,test,server_service,his,his,no,no,low
src/modules/institution/tests/HisConnectionWriteService.test.ts,,node:fs,runtime,external_package,institution,node:fs,test,external_package,his,,no,no,low
src/modules/institution/tests/HisConnectionWriteService.test.ts,,node:path,runtime,external_package,institution,node:path,test,external_package,his,,no,no,low
src/modules/institution/tests/HisConnectionWriteService.test.ts,,vitest,runtime,external_package,institution,vitest,test,external_package,his,,no,no,low
src/modules/institution/tests/HisConnectionWriteService.test.ts,src/modules/audit/domain/audit-events.ts,@/modules/audit/domain/audit-events,type,cross_module_internal,institution,audit,test,domain,his,audit,no,no,medium
src/modules/institution/tests/HisConnectionWriteService.test.ts,src/modules/institution/server/his-connection-repository.ts,@/modules/institution/server/his-connection-repository,type,institution_internal,institution,institution,test,server_repository,his,his,no,no,low
src/modules/institution/tests/HisConnectionWriteService.test.ts,src/modules/institution/server/his-connection-write-input.ts,@/modules/institution/server/his-connection-write-input,type,institution_internal,institution,institution,test,server_service,his,his,no,no,low
src/modules/institution/tests/HisConnectionWriteService.test.ts,src/modules/institution/server/his-connection-write-service.ts,@/modules/institution/server/his-connection-write-service,runtime,institution_internal,institution,institution,test,server_service,his,his,no,no,low
src/modules/institution/tests/HisConnectionWriteService.test.ts,src/modules/security/domain/access-control.ts,@/modules/security/domain/access-control,type,cross_module_internal,institution,security,test,domain,his,shared,no,no,medium
src/modules/institution/tests/HisConnectionWriteService.test.ts,src/server/db/client.ts,@/server/db/client,type,cross_module_internal,institution,server,test,client,his,shared,no,no,medium
src/modules/institution/tests/InstitutionAiCallApiRoute.test.ts,,node:fs,runtime,external_package,institution,node:fs,test,external_package,shared,,no,no,low
src/modules/institution/tests/InstitutionAiCallApiRoute.test.ts,,node:path,runtime,external_package,institution,node:path,test,external_package,shared,,no,no,low
src/modules/institution/tests/InstitutionAiCallApiRoute.test.ts,,vitest,runtime,external_package,institution,vitest,test,external_package,shared,,no,no,low
src/modules/institution/tests/InstitutionAiCallApiRoute.test.ts,src/app/api/institution/knowledge-management/ai-call/usage/route.ts,@/app/api/institution/knowledge-management/ai-call/usage/route,runtime,cross_module_internal,institution,app,test,other,shared,knowledge,no,no,medium
src/modules/institution/tests/InstitutionAiCallApiRoute.test.ts,src/app/api/v1/open-platform/ai-usage/route.ts,@/app/api/v1/open-platform/ai-usage/route,runtime,cross_module_internal,institution,app,test,other,shared,entitlement,no,no,medium
src/modules/institution/tests/InstitutionAiCallCapabilityRoute.test.ts,,vitest,runtime,external_package,institution,vitest,test,external_package,shared,,no,no,low
src/modules/institution/tests/InstitutionAiCallKeywordDerivation.test.ts,,vitest,runtime,external_package,institution,vitest,test,external_package,shared,,no,no,low
src/modules/institution/tests/InstitutionAiCallKeywordDerivation.test.ts,src/modules/institution/domain/institution-knowledge-management.ts,@/modules/institution/domain/institution-knowledge-management,runtime,institution_internal,institution,institution,test,domain,shared,knowledge,no,no,low
src/modules/institution/tests/InstitutionAiCallMeteringService.test.ts,,vitest,runtime,external_package,institution,vitest,test,external_package,shared,,no,no,low
src/modules/institution/tests/InstitutionAiCallMeteringService.test.ts,src/modules/institution/domain/quota-enforcement.ts,@/modules/institution/domain/quota-enforcement,runtime,institution_internal,institution,institution,test,domain,shared,entitlement,no,no,low
src/modules/institution/tests/InstitutionAiCallMeteringService.test.ts,src/modules/institution/server/ai-credit-metering-rules-repository.ts,@/modules/institution/server/ai-credit-metering-rules-repository,type,institution_internal,institution,institution,test,server_repository,shared,ai,no,no,low
src/modules/institution/tests/InstitutionAiCallMeteringService.test.ts,src/modules/institution/server/institution-ai-call-service.ts,@/modules/institution/server/institution-ai-call-service,runtime,institution_internal,institution,institution,test,server_service,shared,ai,no,no,low
src/modules/institution/tests/InstitutionAiCallService.test.ts,,vitest,runtime,external_package,institution,vitest,test,external_package,shared,,no,no,low
src/modules/institution/tests/InstitutionAiCallService.test.ts,src/modules/institution/server/institution-ai-call-service.ts,@/modules/institution/server/institution-ai-call-service,runtime,institution_internal,institution,institution,test,server_service,shared,ai,no,no,low
src/modules/institution/tests/InstitutionAiCallService.test.ts,src/modules/institution/server/institution-ai-call-service.ts,@/modules/institution/server/institution-ai-call-service,type,institution_internal,institution,institution,test,server_service,shared,ai,no,no,low
src/modules/institution/tests/InstitutionAiCallUsageRepository.test.ts,,drizzle-orm,type,external_package,institution,drizzle-orm,test,external_package,entitlement,,no,no,low
src/modules/institution/tests/InstitutionAiCallUsageRepository.test.ts,,drizzle-orm/pg-core,runtime,external_package,institution,drizzle-orm,test,external_package,entitlement,,no,no,low
src/modules/institution/tests/InstitutionAiCallUsageRepository.test.ts,,vitest,runtime,external_package,institution,vitest,test,external_package,entitlement,,no,no,low
src/modules/institution/tests/InstitutionAiCallUsageRepository.test.ts,src/modules/institution/domain/ai-credits-metering.ts,@/modules/institution/domain/ai-credits-metering,type,institution_internal,institution,institution,test,domain,entitlement,ai,no,no,low
src/modules/institution/tests/InstitutionAiCallUsageRepository.test.ts,src/modules/institution/server/institution-ai-call-usage-repository.ts,@/modules/institution/server/institution-ai-call-usage-repository,runtime,institution_internal,institution,institution,test,server_repository,entitlement,entitlement,no,no,low
src/modules/institution/tests/InstitutionAiCallUsageRepository.test.ts,src/server/db/client.ts,@/server/db/client,type,cross_module_internal,institution,server,test,client,entitlement,shared,no,no,medium
src/modules/institution/tests/InstitutionAiCallUsageRepository.test.ts,src/server/db/schema.ts,@/server/db/schema,runtime,cross_module_internal,institution,server,test,server_service,entitlement,shared,no,no,medium
src/modules/institution/tests/InstitutionAiModelsRoute.test.ts,,vitest,runtime,external_package,institution,vitest,test,external_package,ai,,no,no,low
src/modules/institution/tests/InstitutionAiModelsRoute.test.ts,src/modules/security/server/access-context.ts,@/modules/security/server/access-context,runtime,cross_module_internal,institution,security,test,server_service,ai,shared,no,no,medium
src/modules/institution/tests/InstitutionAiServiceUsageApiRoute.test.ts,,@testing-library/react,runtime,external_package,institution,@testing-library,test,external_package,entitlement,,no,no,low
src/modules/institution/tests/InstitutionAiServiceUsageApiRoute.test.ts,,react,runtime,external_package,institution,react,test,external_package,entitlement,,no,no,low
src/modules/institution/tests/InstitutionAiServiceUsageApiRoute.test.ts,,vitest,runtime,external_package,institution,vitest,test,external_package,entitlement,,no,no,low
src/modules/institution/tests/InstitutionAiServiceUsageApiRoute.test.ts,src/app/api/institution/ai-service-usage/route.ts,@/app/api/institution/ai-service-usage/route,runtime,cross_module_internal,institution,app,test,other,entitlement,entitlement,no,no,medium
src/modules/institution/tests/InstitutionAiServiceUsageApiRoute.test.ts,src/modules/institution/components/InstitutionAiServiceUsageShell.tsx,@/modules/institution/components/InstitutionAiServiceUsageShell,runtime,institution_internal,institution,institution,test,component,entitlement,entitlement,no,no,low
src/modules/institution/tests/InstitutionAiServiceUsageService.test.ts,,vitest,runtime,external_package,institution,vitest,test,external_package,entitlement,,no,no,low
src/modules/institution/tests/InstitutionAiServiceUsageService.test.ts,src/modules/institution/domain/package-ai-quota-contract.ts,@/modules/institution/domain/package-ai-quota-contract,runtime,institution_internal,institution,institution,test,domain,entitlement,entitlement,no,no,low
src/modules/institution/tests/InstitutionAiServiceUsageService.test.ts,src/modules/institution/server/institution-ai-service-usage.ts,@/modules/institution/server/institution-ai-service-usage,runtime,institution_internal,institution,institution,test,server_service,entitlement,entitlement,no,no,low
src/modules/institution/tests/InstitutionAiServiceUsageService.test.ts,src/server/db/client.ts,@/server/db/client,type,cross_module_internal,institution,server,test,client,entitlement,shared,no,no,medium
src/modules/institution/tests/InstitutionBusinessDomain.test.ts,,vitest,runtime,external_package,institution,vitest,test,external_package,shared,,no,no,low
src/modules/institution/tests/InstitutionBusinessDomain.test.ts,src/modules/institution/domain/appointments.ts,@/modules/institution/domain/appointments,runtime,institution_internal,institution,institution,test,domain,shared,appointment,no,no,low
src/modules/institution/tests/InstitutionBusinessDomain.test.ts,src/modules/institution/domain/customers.ts,@/modules/institution/domain/customers,runtime,institution_internal,institution,institution,test,domain,shared,customer,no,no,low
src/modules/institution/tests/InstitutionBusinessDomain.test.ts,src/modules/institution/domain/followups.ts,@/modules/institution/domain/followups,runtime,institution_internal,institution,institution,test,domain,shared,followup,no,no,low
src/modules/institution/tests/InstitutionBusinessShells.test.tsx,,@testing-library/react,runtime,external_package,institution,@testing-library,test,external_package,shared,,no,no,low
src/modules/institution/tests/InstitutionBusinessShells.test.tsx,,vitest,runtime,external_package,institution,vitest,test,external_package,shared,,no,no,low
src/modules/institution/tests/InstitutionBusinessShells.test.tsx,src/modules/institution/components/AppointmentCenterShell.tsx,@/modules/institution/components/AppointmentCenterShell,runtime,institution_internal,institution,institution,test,component,shared,appointment,no,no,low
src/modules/institution/tests/InstitutionBusinessShells.test.tsx,src/modules/institution/components/CustomerCenterShell.tsx,@/modules/institution/components/CustomerCenterShell,runtime,institution_internal,institution,institution,test,component,shared,customer,no,no,low
src/modules/institution/tests/InstitutionBusinessShells.test.tsx,src/modules/institution/components/InstitutionAuditEventsShell.tsx,@/modules/institution/components/InstitutionAuditEventsShell,runtime,institution_internal,institution,institution,test,component,shared,audit,no,no,low
src/modules/institution/tests/InstitutionBusinessShells.test.tsx,src/modules/institution/components/SmartFollowUpShell.tsx,@/modules/institution/components/SmartFollowUpShell,runtime,institution_internal,institution,institution,test,component,shared,followup,no,no,low
src/modules/institution/tests/InstitutionBusinessShells.test.tsx,src/modules/institution/domain/wecom-authorization.ts,@/modules/institution/domain/wecom-authorization,runtime,institution_internal,institution,institution,test,domain,shared,wecom,no,no,low
src/modules/institution/tests/InstitutionBusinessShells.test.tsx,src/modules/institution/domain/wecom-customer-contact.ts,@/modules/institution/domain/wecom-customer-contact,runtime,institution_internal,institution,institution,test,domain,shared,wecom,no,no,low
src/modules/institution/tests/InstitutionBusinessShells.test.tsx,src/modules/institution/domain/wecom-reachout-mock.ts,@/modules/institution/domain/wecom-reachout-mock,runtime,institution_internal,institution,institution,test,domain,shared,wecom,no,no,low
src/modules/institution/tests/InstitutionCapabilityStatusEvaluator.test.ts,,vitest,runtime,external_package,institution,vitest,test,external_package,shared,,no,no,low
src/modules/institution/tests/InstitutionCapabilityStatusEvaluator.test.ts,src/modules/institution/server/institution-capability-status-evaluator.ts,@/modules/institution/server/institution-capability-status-evaluator,runtime,institution_internal,institution,institution,test,server_service,shared,shared,no,no,low
src/modules/institution/tests/InstitutionCapabilityStatusEvaluator.test.ts,src/modules/institution/server/institution-capability-status-evaluator.ts,@/modules/institution/server/institution-capability-status-evaluator,runtime,institution_internal,institution,institution,test,server_service,shared,shared,no,no,low
src/modules/institution/tests/InstitutionCapabilityStatusEvaluator.test.ts,src/modules/institution/server/strict-input-snapshot.ts,@/modules/institution/server/strict-input-snapshot,runtime,institution_internal,institution,institution,test,server_service,shared,shared,no,no,low
src/modules/institution/tests/InstitutionCapabilityStatusReader.test.ts,,vitest,runtime,external_package,institution,vitest,test,external_package,shared,,no,no,low
src/modules/institution/tests/InstitutionCapabilityStatusReader.test.ts,src/modules/institution-contracts/v1/institution-capability-registry.ts,@/modules/institution-contracts/v1/institution-capability-registry,runtime,cross_module_internal,institution,institution-contracts,test,other,shared,shared,no,no,medium
src/modules/institution/tests/InstitutionCapabilityStatusReader.test.ts,src/modules/institution/server/institution-capability-status-reader.ts,@/modules/institution/server/institution-capability-status-reader,runtime,institution_internal,institution,institution,test,server_service,shared,shared,no,no,low
src/modules/institution/tests/InstitutionCapabilityStatusReader.test.ts,src/modules/institution/server/institution-capability-status-reader.ts,@/modules/institution/server/institution-capability-status-reader,runtime,institution_internal,institution,institution,test,server_service,shared,shared,no,no,low
src/modules/institution/tests/InstitutionCapabilityStatusReader.test.ts,src/modules/institution/server/strict-input-snapshot.ts,@/modules/institution/server/strict-input-snapshot,runtime,institution_internal,institution,institution,test,server_service,shared,shared,no,no,low
src/modules/institution/tests/InstitutionConversationCapabilityOffRoute.test.tsx,,@testing-library/react,runtime,external_package,institution,@testing-library,test,external_package,conversation,,no,no,low
src/modules/institution/tests/InstitutionConversationCapabilityOffRoute.test.tsx,,vitest,runtime,external_package,institution,vitest,test,external_package,conversation,,no,no,low
src/modules/institution/tests/InstitutionConversationCapabilityOffRoute.test.tsx,src/app/hospital/[...slug]/page.tsx,@/app/hospital/[...slug]/page,runtime,cross_module_internal,institution,app,test,component,conversation,his,no,no,medium
src/modules/institution/tests/InstitutionEntitlementUsageApiRoute.test.ts,,node:fs,runtime,external_package,institution,node:fs,test,external_package,entitlement,,no,no,low
src/modules/institution/tests/InstitutionEntitlementUsageApiRoute.test.ts,,node:path,runtime,external_package,institution,node:path,test,external_package,entitlement,,no,no,low
src/modules/institution/tests/InstitutionEntitlementUsageApiRoute.test.ts,,vitest,runtime,external_package,institution,vitest,test,external_package,entitlement,,no,no,low
src/modules/institution/tests/InstitutionEntitlementUsageApiRoute.test.ts,src/app/api/institution/entitlement-usage/route.ts,@/app/api/institution/entitlement-usage/route,runtime,cross_module_internal,institution,app,test,other,entitlement,entitlement,no,no,medium
src/modules/institution/tests/InstitutionKnowledgeAnswerApiRoute.test.ts,,vitest,runtime,external_package,institution,vitest,test,external_package,knowledge,,no,no,low
src/modules/institution/tests/InstitutionKnowledgeBaseCardPanel.test.tsx,,@testing-library/react,runtime,external_package,institution,@testing-library,test,external_package,knowledge,,no,no,low
src/modules/institution/tests/InstitutionKnowledgeBaseCardPanel.test.tsx,,vitest,runtime,external_package,institution,vitest,test,external_package,knowledge,,no,no,low
src/modules/institution/tests/InstitutionKnowledgeBaseCardPanel.test.tsx,src/modules/institution/client/tenant-business-client.ts,@/modules/institution/client/tenant-business-client,runtime,institution_internal,institution,institution,test,client,knowledge,shared,no,no,low
src/modules/institution/tests/InstitutionKnowledgeBaseCardPanel.test.tsx,src/modules/institution/components/InstitutionKnowledgeBaseCardPanel.tsx,@/modules/institution/components/InstitutionKnowledgeBaseCardPanel,runtime,institution_internal,institution,institution,test,component,knowledge,knowledge,no,no,low
src/modules/institution/tests/InstitutionKnowledgeDownloadCapabilityRoute.test.ts,,node:fs,runtime,external_package,institution,node:fs,test,external_package,knowledge,,no,no,low
src/modules/institution/tests/InstitutionKnowledgeDownloadCapabilityRoute.test.ts,,node:path,runtime,external_package,institution,node:path,test,external_package,knowledge,,no,no,low
src/modules/institution/tests/InstitutionKnowledgeDownloadCapabilityRoute.test.ts,,vitest,runtime,external_package,institution,vitest,test,external_package,knowledge,,no,no,low
src/modules/institution/tests/InstitutionKnowledgeItemsCapabilityRoute.test.ts,,vitest,runtime,external_package,institution,vitest,test,external_package,knowledge,,no,no,low
src/modules/institution/tests/InstitutionKnowledgeKeywordSearchService.test.ts,,vitest,runtime,external_package,institution,vitest,test,external_package,knowledge,,no,no,low
src/modules/institution/tests/InstitutionKnowledgeKeywordSearchService.test.ts,src/modules/open-platform/server/platform-knowledge-keyword-search-service.ts,@/modules/open-platform/server/platform-knowledge-keyword-search-service,runtime,cross_module_internal,institution,open-platform,test,server_service,knowledge,knowledge,no,no,medium
src/modules/institution/tests/InstitutionKnowledgeKeywordSearchService.test.ts,src/modules/open-platform/server/platform-knowledge-keyword-search-service.ts,@/modules/open-platform/server/platform-knowledge-keyword-search-service,type,cross_module_internal,institution,open-platform,test,server_service,knowledge,knowledge,no,no,medium
src/modules/institution/tests/InstitutionKnowledgeKeywordSearchService.test.ts,src/modules/open-platform/server/platform-knowledge-management-repository.ts,@/modules/open-platform/server/platform-knowledge-management-repository,type,cross_module_internal,institution,open-platform,test,server_repository,knowledge,knowledge,no,no,medium
src/modules/institution/tests/InstitutionKnowledgeManagementReadonlyApiRoute.test.ts,,node:fs,runtime,external_package,institution,node:fs,test,external_package,knowledge,,no,no,low
src/modules/institution/tests/InstitutionKnowledgeManagementReadonlyApiRoute.test.ts,,node:path,runtime,external_package,institution,node:path,test,external_package,knowledge,,no,no,low
src/modules/institution/tests/InstitutionKnowledgeManagementReadonlyApiRoute.test.ts,,vitest,runtime,external_package,institution,vitest,test,external_package,knowledge,,no,no,low
src/modules/institution/tests/InstitutionKnowledgeManagementReadonlyService.test.ts,,vitest,runtime,external_package,institution,vitest,test,external_package,knowledge,,no,no,low
src/modules/institution/tests/InstitutionKnowledgeManagementReadonlyService.test.ts,src/modules/institution/server/institution-knowledge-management-service.ts,@/modules/institution/server/institution-knowledge-management-service,runtime,institution_internal,institution,institution,test,server_service,knowledge,knowledge,no,no,low
src/modules/institution/tests/InstitutionKnowledgeManagementReadonlyService.test.ts,src/modules/institution/server/institution-knowledge-write-repository.ts,@/modules/institution/server/institution-knowledge-write-repository,type,institution_internal,institution,institution,test,server_repository,knowledge,knowledge,no,no,low
src/modules/institution/tests/InstitutionKnowledgeManagementReadonlyService.test.ts,src/modules/open-platform/server/platform-knowledge-management-repository.ts,@/modules/open-platform/server/platform-knowledge-management-repository,type,cross_module_internal,institution,open-platform,test,server_repository,knowledge,knowledge,no,no,medium
src/modules/institution/tests/InstitutionKnowledgeQaCapabilityRoute.test.ts,,vitest,runtime,external_package,institution,vitest,test,external_package,knowledge,,no,no,low
src/modules/institution/tests/InstitutionKnowledgeRagAnswerService.test.ts,,vitest,runtime,external_package,institution,vitest,test,external_package,knowledge,,no,no,low
src/modules/institution/tests/InstitutionKnowledgeRagAnswerService.test.ts,src/modules/institution/server/institution-knowledge-keyword-search-service.ts,@/modules/institution/server/institution-knowledge-keyword-search-service,type,institution_internal,institution,institution,test,server_service,knowledge,knowledge,no,no,low
src/modules/institution/tests/InstitutionKnowledgeRagAnswerService.test.ts,src/modules/institution/server/institution-knowledge-rag-answer-service.ts,@/modules/institution/server/institution-knowledge-rag-answer-service,runtime,institution_internal,institution,institution,test,server_service,knowledge,knowledge,no,no,low
src/modules/institution/tests/InstitutionKnowledgeRagAnswerService.test.ts,src/modules/institution/server/institution-rag-answer-provider.ts,@/modules/institution/server/institution-rag-answer-provider,type,institution_internal,institution,institution,test,server_service,knowledge,ai,no,no,low
src/modules/institution/tests/InstitutionKnowledgeRagAnswerService.test.ts,src/modules/open-platform/server/platform-knowledge-embedding-vector-search-service.ts,@/modules/open-platform/server/platform-knowledge-embedding-vector-search-service,runtime,cross_module_internal,institution,open-platform,test,server_service,knowledge,knowledge,no,no,medium
src/modules/institution/tests/InstitutionKnowledgeRagAnswerService.test.ts,src/modules/open-platform/server/platform-knowledge-management-repository.ts,@/modules/open-platform/server/platform-knowledge-management-repository,type,cross_module_internal,institution,open-platform,test,server_repository,knowledge,knowledge,no,no,medium
src/modules/institution/tests/InstitutionKnowledgeReadonlyShell.test.tsx,,@testing-library/react,runtime,external_package,institution,@testing-library,test,external_package,knowledge,,no,no,low
src/modules/institution/tests/InstitutionKnowledgeReadonlyShell.test.tsx,,vitest,runtime,external_package,institution,vitest,test,external_package,knowledge,,no,no,low
src/modules/institution/tests/InstitutionKnowledgeReadonlyShell.test.tsx,src/modules/institution/client/tenant-business-client.ts,@/modules/institution/client/tenant-business-client,runtime,institution_internal,institution,institution,test,client,knowledge,shared,no,no,low
src/modules/institution/tests/InstitutionKnowledgeReadonlyShell.test.tsx,src/modules/institution/components/InstitutionKnowledgeReadonlyShell.tsx,@/modules/institution/components/InstitutionKnowledgeReadonlyShell,runtime,institution_internal,institution,institution,test,component,knowledge,knowledge,no,no,low
src/modules/institution/tests/InstitutionKnowledgeRetrievalCapabilityRoute.test.ts,,vitest,runtime,external_package,institution,vitest,test,external_package,knowledge,,no,no,low
src/modules/institution/tests/InstitutionKnowledgeSearchApiRoute.test.ts,,vitest,runtime,external_package,institution,vitest,test,external_package,knowledge,,no,no,low
src/modules/institution/tests/InstitutionKnowledgeSearchApiRoute.test.ts,src/app/api/institution/knowledge-management/search/route.ts,@/app/api/institution/knowledge-management/search/route,runtime,cross_module_internal,institution,app,test,other,knowledge,knowledge,no,no,medium
src/modules/institution/tests/InstitutionKnowledgeSearchCapabilityRoute.test.ts,,vitest,runtime,external_package,institution,vitest,test,external_package,knowledge,,no,no,low
src/modules/institution/tests/InstitutionKnowledgeUploadApiRoute.test.ts,,node:fs,runtime,external_package,institution,node:fs,test,external_package,knowledge,,no,no,low
src/modules/institution/tests/InstitutionKnowledgeUploadApiRoute.test.ts,,node:path,runtime,external_package,institution,node:path,test,external_package,knowledge,,no,no,low
src/modules/institution/tests/InstitutionKnowledgeUploadApiRoute.test.ts,,vitest,runtime,external_package,institution,vitest,test,external_package,knowledge,,no,no,low
src/modules/institution/tests/InstitutionKnowledgeUploadApiRoute.test.ts,src/app/api/institution/knowledge-management/upload/route.ts,@/app/api/institution/knowledge-management/upload/route,runtime,cross_module_internal,institution,app,test,other,knowledge,knowledge,no,no,medium
src/modules/institution/tests/InstitutionKnowledgeUploadService.test.ts,,vitest,runtime,external_package,institution,vitest,test,external_package,knowledge,,no,no,low
src/modules/institution/tests/InstitutionKnowledgeUploadService.test.ts,src/modules/institution/server/institution-knowledge-upload-service.ts,@/modules/institution/server/institution-knowledge-upload-service,runtime,institution_internal,institution,institution,test,server_service,knowledge,knowledge,no,no,low
src/modules/institution/tests/InstitutionKnowledgeUploadService.test.ts,src/modules/open-platform/server/platform-knowledge-indexing-job-service.ts,@/modules/open-platform/server/platform-knowledge-indexing-job-service,type,cross_module_internal,institution,open-platform,test,server_service,knowledge,knowledge,no,no,medium
src/modules/institution/tests/InstitutionKnowledgeVectorSearchCapabilityRoute.test.ts,,vitest,runtime,external_package,institution,vitest,test,external_package,knowledge,,no,no,low
src/modules/institution/tests/InstitutionPageState.test.tsx,,@testing-library/react,runtime,external_package,institution,@testing-library,test,external_package,shared,,no,no,low
src/modules/institution/tests/InstitutionPageState.test.tsx,,vitest,runtime,external_package,institution,vitest,test,external_package,shared,,no,no,low
src/modules/institution/tests/InstitutionPageState.test.tsx,src/modules/institution/client/tenant-business-client.ts,@/modules/institution/client/tenant-business-client,type,institution_internal,institution,institution,test,client,shared,shared,no,no,low
src/modules/institution/tests/InstitutionPageState.test.tsx,src/modules/institution/components/InstitutionPageState.tsx,@/modules/institution/components/InstitutionPageState,runtime,institution_internal,institution,institution,test,component,shared,shared,no,no,low
src/modules/institution/tests/InstitutionPageState.test.tsx,src/modules/institution/components/InstitutionSectionHeader.tsx,@/modules/institution/components/InstitutionSectionHeader,runtime,institution_internal,institution,institution,test,component,shared,shared,no,no,low
src/modules/institution/tests/InstitutionRagAnswerProvider.test.ts,,vitest,runtime,external_package,institution,vitest,test,external_package,ai,,no,no,low
src/modules/institution/tests/InstitutionRagAnswerProvider.test.ts,src/modules/institution/server/institution-rag-answer-provider.ts,@/modules/institution/server/institution-rag-answer-provider,runtime,institution_internal,institution,institution,test,server_service,ai,ai,no,no,low
src/modules/institution/tests/InstitutionRouteShell.test.tsx,,@testing-library/react,runtime,external_package,institution,@testing-library,test,external_package,shared,,no,no,low
src/modules/institution/tests/InstitutionRouteShell.test.tsx,,vitest,runtime,external_package,institution,vitest,test,external_package,shared,,no,no,low
src/modules/institution/tests/InstitutionRouteShell.test.tsx,src/app/hospital/[...slug]/page.tsx,@/app/hospital/[...slug]/page,runtime,cross_module_internal,institution,app,test,component,shared,his,no,no,medium
src/modules/institution/tests/InstitutionRouteShell.test.tsx,src/modules/institution-contracts/v1/institution-navigation.ts,@/modules/institution-contracts/v1/institution-navigation,runtime,cross_module_internal,institution,institution-contracts,test,other,shared,shared,no,no,medium
src/modules/institution/tests/InstitutionRouteShell.test.tsx,src/modules/institution/components/InstitutionCapabilityOffPage.tsx,@/modules/institution/components/InstitutionCapabilityOffPage,runtime,institution_internal,institution,institution,test,component,shared,shared,no,no,low
src/modules/institution/tests/InstitutionRouteShell.test.tsx,src/modules/institution/components/InstitutionNavigationShell.tsx,@/modules/institution/components/InstitutionNavigationShell,runtime,institution_internal,institution,institution,test,component,shared,shared,no,no,low
src/modules/institution/tests/InstitutionServerRuntime.test.ts,,node:crypto,runtime,external_package,institution,node:crypto,test,external_package,shared,,no,no,low
src/modules/institution/tests/InstitutionServerRuntime.test.ts,,vitest,runtime,external_package,institution,vitest,test,external_package,shared,,no,no,low
src/modules/institution/tests/InstitutionServerRuntime.test.ts,src/modules/auth/server/auth-account-repository.ts,@/modules/auth/server/auth-account-repository,type,cross_module_internal,institution,auth,test,server_repository,shared,shared,no,no,medium
src/modules/institution/tests/InstitutionServerRuntime.test.ts,src/modules/auth/server/formal-server-session-provenance-owner.ts,@/modules/auth/server/formal-server-session-provenance-owner,runtime,cross_module_internal,institution,auth,test,server_service,shared,shared,no,no,medium
src/modules/institution/tests/InstitutionServerRuntime.test.ts,src/modules/institution/server/institution-server-runtime.ts,@/modules/institution/server/institution-server-runtime,runtime,institution_internal,institution,institution,test,server_service,shared,shared,no,no,low
src/modules/institution/tests/InstitutionServerRuntime.test.ts,src/modules/security/server/institution-anchor-repository.ts,@/modules/security/server/institution-anchor-repository,type,cross_module_internal,institution,security,test,server_repository,shared,shared,no,no,medium
src/modules/institution/tests/InstitutionServerRuntime.test.ts,src/modules/security/server/institution-request-authorization.ts,@/modules/security/server/institution-request-authorization,runtime,cross_module_internal,institution,security,test,client,shared,shared,no,no,medium
src/modules/institution/tests/InstitutionServerRuntime.test.ts,src/modules/security/server/institution-request-authorization.ts,@/modules/security/server/institution-request-authorization,runtime,cross_module_internal,institution,security,test,client,shared,shared,no,no,medium
src/modules/institution/tests/InstitutionServerRuntime.test.ts,src/modules/security/server/institution-section-guard.ts,@/modules/security/server/institution-section-guard,runtime,cross_module_internal,institution,security,test,server_service,shared,shared,no,no,medium
src/modules/institution/tests/KnowledgeAiReadinessE2EAcceptance.test.ts,,vitest,runtime,external_package,institution,vitest,test,external_package,knowledge,,no,no,low
src/modules/institution/tests/KnowledgeAiReadinessE2EAcceptance.test.ts,src/modules/open-platform/server/platform-knowledge-embedding-vector-search-service.ts,@/modules/open-platform/server/platform-knowledge-embedding-vector-search-service,type,cross_module_internal,institution,open-platform,test,server_service,knowledge,knowledge,no,no,medium
src/modules/institution/tests/KnowledgeAiReadinessE2EAcceptance.test.ts,src/modules/open-platform/server/platform-knowledge-keyword-search-service.ts,@/modules/open-platform/server/platform-knowledge-keyword-search-service,type,cross_module_internal,institution,open-platform,test,server_service,knowledge,knowledge,no,no,medium
src/modules/institution/tests/KnowledgeAiReadinessE2EAcceptance.test.ts,src/modules/open-platform/server/platform-knowledge-management-repository.ts,@/modules/open-platform/server/platform-knowledge-management-repository,type,cross_module_internal,institution,open-platform,test,server_repository,knowledge,knowledge,no,no,medium
src/modules/institution/tests/KnowledgeAiReadinessE2EAcceptance.test.ts,src/modules/open-platform/server/platform-knowledge-production-governance-policy.ts,@/modules/open-platform/server/platform-knowledge-production-governance-policy,runtime,cross_module_internal,institution,open-platform,test,server_service,knowledge,knowledge,no,no,medium
src/modules/institution/tests/KnowledgeAiReadinessE2EAcceptance.test.ts,src/modules/open-platform/server/platform-knowledge-qa-service.ts,@/modules/open-platform/server/platform-knowledge-qa-service,runtime,cross_module_internal,institution,open-platform,test,server_service,knowledge,knowledge,no,no,medium
src/modules/institution/tests/KnowledgeManagementPlatformInstitutionE2EAcceptance.test.ts,,vitest,runtime,external_package,institution,vitest,test,external_package,knowledge,,no,no,low
src/modules/institution/tests/KnowledgeManagementPlatformInstitutionE2EAcceptance.test.ts,src/modules/institution/server/institution-knowledge-management-service.ts,@/modules/institution/server/institution-knowledge-management-service,runtime,institution_internal,institution,institution,test,server_service,knowledge,knowledge,no,no,low
src/modules/institution/tests/KnowledgeManagementPlatformInstitutionE2EAcceptance.test.ts,src/modules/open-platform/server/platform-knowledge-management-repository.ts,@/modules/open-platform/server/platform-knowledge-management-repository,type,cross_module_internal,institution,open-platform,test,server_repository,knowledge,knowledge,no,no,medium
src/modules/institution/tests/KnowledgeManagementPlatformInstitutionE2EAcceptance.test.ts,src/modules/open-platform/server/platform-knowledge-management-service.ts,@/modules/open-platform/server/platform-knowledge-management-service,runtime,cross_module_internal,institution,open-platform,test,server_service,knowledge,knowledge,no,no,medium
src/modules/institution/tests/OpportunityPoolLegacyApiRoute.test.ts,,node:fs,runtime,external_package,institution,node:fs,test,external_package,opportunity,,no,no,low
src/modules/institution/tests/OpportunityPoolLegacyApiRoute.test.ts,,node:path,runtime,external_package,institution,node:path,test,external_package,opportunity,,no,no,low
src/modules/institution/tests/OpportunityPoolLegacyApiRoute.test.ts,,vitest,runtime,external_package,institution,vitest,test,external_package,opportunity,,no,no,low
src/modules/institution/tests/OpportunityPoolLegacyApiRoute.test.ts,src/app/api/institution/opportunities/route.ts,@/app/api/institution/opportunities/route,runtime,cross_module_internal,institution,app,test,other,opportunity,opportunity,no,no,medium
src/modules/institution/tests/OpportunityPoolShell.test.tsx,,@testing-library/react,runtime,external_package,institution,@testing-library,test,external_package,opportunity,,no,no,low
src/modules/institution/tests/OpportunityPoolShell.test.tsx,,vitest,runtime,external_package,institution,vitest,test,external_package,opportunity,,no,no,low
src/modules/institution/tests/OpportunityPoolShell.test.tsx,src/modules/institution/components/OpportunityPoolShell.tsx,@/modules/institution/components/OpportunityPoolShell,runtime,institution_internal,institution,institution,test,component,opportunity,opportunity,no,no,low
src/modules/institution/tests/PackageAiQuotaContract.test.ts,,node:fs,runtime,external_package,institution,node:fs,test,external_package,entitlement,,no,no,low
src/modules/institution/tests/PackageAiQuotaContract.test.ts,,vitest,runtime,external_package,institution,vitest,test,external_package,entitlement,,no,no,low
src/modules/institution/tests/PackageAiQuotaContract.test.ts,src/modules/institution/domain/package-ai-quota-contract.ts,@/modules/institution/domain/package-ai-quota-contract,runtime,institution_internal,institution,institution,test,domain,entitlement,entitlement,no,no,low
src/modules/institution/tests/PackageAiQuotaReadonlySource.test.ts,,vitest,runtime,external_package,institution,vitest,test,external_package,entitlement,,no,no,low
src/modules/institution/tests/PackageAiQuotaReadonlySource.test.ts,src/modules/institution/domain/package-ai-quota-contract.ts,@/modules/institution/domain/package-ai-quota-contract,runtime,institution_internal,institution,institution,test,domain,entitlement,entitlement,no,no,low
src/modules/institution/tests/PackageAiQuotaReadonlySource.test.ts,src/modules/institution/server/package-ai-quota-readonly-source.ts,@/modules/institution/server/package-ai-quota-readonly-source,runtime,institution_internal,institution,institution,test,server_service,entitlement,entitlement,no,no,low
src/modules/institution/tests/RealChannelPreflightApiRoute.test.ts,,node:fs,runtime,external_package,institution,node:fs,test,external_package,shared,,no,no,low
src/modules/institution/tests/RealChannelPreflightApiRoute.test.ts,,node:path,runtime,external_package,institution,node:path,test,external_package,shared,,no,no,low
src/modules/institution/tests/RealChannelPreflightApiRoute.test.ts,,vitest,runtime,external_package,institution,vitest,test,external_package,shared,,no,no,low
src/modules/institution/tests/RealChannelPreflightApiRoute.test.ts,src/app/api/institution/real-channel-preflight/route.ts,@/app/api/institution/real-channel-preflight/route,runtime,cross_module_internal,institution,app,test,other,shared,shared,no,no,medium
src/modules/institution/tests/RealChannelPreflightDomain.test.ts,,vitest,runtime,external_package,institution,vitest,test,external_package,shared,,no,no,low
src/modules/institution/tests/RealChannelPreflightDomain.test.ts,src/modules/institution/domain/real-channel-preflight.ts,@/modules/institution/domain/real-channel-preflight,runtime,institution_internal,institution,institution,test,domain,shared,shared,no,no,low
src/modules/institution/tests/StandardTreatmentEventMapper.test.ts,,node:fs,runtime,external_package,institution,node:fs,test,external_package,treatment,,no,no,low
src/modules/institution/tests/StandardTreatmentEventMapper.test.ts,,node:path,runtime,external_package,institution,node:path,test,external_package,treatment,,no,no,low
src/modules/institution/tests/StandardTreatmentEventMapper.test.ts,,vitest,runtime,external_package,institution,vitest,test,external_package,treatment,,no,no,low
src/modules/institution/tests/StandardTreatmentEventMapper.test.ts,src/modules/institution/domain/standard-treatment-event.ts,@/modules/institution/domain/standard-treatment-event,runtime,institution_internal,institution,institution,test,domain,treatment,treatment,no,no,low
src/modules/institution/tests/StandardTreatmentEventMapper.test.ts,src/modules/institution/server/standard-treatment-event-mapper.ts,@/modules/institution/server/standard-treatment-event-mapper,runtime,institution_internal,institution,institution,test,server_service,treatment,treatment,no,no,low
src/modules/institution/tests/TenantBusinessApiRoutes.test.ts,,node:fs,runtime,external_package,institution,node:fs,test,external_package,shared,,no,no,low
src/modules/institution/tests/TenantBusinessApiRoutes.test.ts,,node:path,runtime,external_package,institution,node:path,test,external_package,shared,,no,no,low
src/modules/institution/tests/TenantBusinessApiRoutes.test.ts,,vitest,runtime,external_package,institution,vitest,test,external_package,shared,,no,no,low
src/modules/institution/tests/TenantBusinessApiRoutes.test.ts,src/app/api/institution/appointments/route.ts,@/app/api/institution/appointments/route,runtime,cross_module_internal,institution,app,test,other,shared,appointment,no,no,medium
src/modules/institution/tests/TenantBusinessApiRoutes.test.ts,src/app/api/institution/customers/route.ts,@/app/api/institution/customers/route,runtime,cross_module_internal,institution,app,test,other,shared,customer,no,no,medium
src/modules/institution/tests/TenantBusinessApiRoutes.test.ts,src/app/api/institution/followups/route.ts,@/app/api/institution/followups/route,runtime,cross_module_internal,institution,app,test,other,shared,followup,no,no,medium
src/modules/institution/tests/TenantBusinessApiRoutes.test.ts,src/modules/institution/server/tenant-business-api.ts,@/modules/institution/server/tenant-business-api,runtime,institution_internal,institution,institution,test,server_service,shared,shared,no,no,low
src/modules/institution/tests/TenantBusinessApiRoutes.test.ts,src/modules/security/domain/access-control.ts,@/modules/security/domain/access-control,type,cross_module_internal,institution,security,test,domain,shared,shared,no,no,medium
src/modules/institution/tests/TenantBusinessClient.test.ts,,vitest,runtime,external_package,institution,vitest,test,external_package,shared,,no,no,low
src/modules/institution/tests/TenantBusinessClient.test.ts,src/modules/institution/client/tenant-business-client.ts,@/modules/institution/client/tenant-business-client,runtime,institution_internal,institution,institution,test,client,shared,shared,no,no,low
src/modules/institution/tests/TenantBusinessDomain.test.ts,,vitest,runtime,external_package,institution,vitest,test,external_package,shared,,no,no,low
src/modules/institution/tests/TenantBusinessDomain.test.ts,src/modules/institution/domain/appointment-records.ts,@/modules/institution/domain/appointment-records,runtime,institution_internal,institution,institution,test,domain,shared,appointment,no,no,low
src/modules/institution/tests/TenantBusinessDomain.test.ts,src/modules/institution/domain/customer-records.ts,@/modules/institution/domain/customer-records,runtime,institution_internal,institution,institution,test,domain,shared,customer,no,no,low
src/modules/institution/tests/TenantBusinessDomain.test.ts,src/modules/institution/domain/followup-workflow.ts,@/modules/institution/domain/followup-workflow,runtime,institution_internal,institution,institution,test,domain,shared,followup,no,no,low
src/modules/institution/tests/TenantBusinessDomain.test.ts,src/modules/security/domain/access-control.ts,@/modules/security/domain/access-control,type,cross_module_internal,institution,security,test,domain,shared,shared,no,no,medium
src/modules/institution/tests/TenantBusinessRepository.test.ts,,node:fs,runtime,external_package,institution,node:fs,test,external_package,shared,,no,no,low
src/modules/institution/tests/TenantBusinessRepository.test.ts,,node:path,runtime,external_package,institution,node:path,test,external_package,shared,,no,no,low
src/modules/institution/tests/TenantBusinessRepository.test.ts,,vitest,runtime,external_package,institution,vitest,test,external_package,shared,,no,no,low
src/modules/institution/tests/TenantBusinessRepository.test.ts,src/modules/institution/server/tenant-business-repository.ts,@/modules/institution/server/tenant-business-repository,runtime,institution_internal,institution,institution,test,server_repository,shared,shared,no,no,low
src/modules/institution/tests/TenantBusinessRepository.test.ts,src/server/db/client.ts,@/server/db/client,type,cross_module_internal,institution,server,test,client,shared,shared,no,no,medium
src/modules/institution/tests/TenantBusinessRepository.test.ts,src/server/db/schema.ts,@/server/db/schema,runtime,cross_module_internal,institution,server,test,server_service,shared,shared,no,no,medium
src/modules/institution/tests/TenantBusinessViewModels.test.ts,,vitest,runtime,external_package,institution,vitest,test,external_package,ai,,no,no,low
src/modules/institution/tests/TenantBusinessViewModels.test.ts,src/modules/institution/domain/appointment-records.ts,@/modules/institution/domain/appointment-records,type,institution_internal,institution,institution,test,domain,ai,appointment,no,no,low
src/modules/institution/tests/TenantBusinessViewModels.test.ts,src/modules/institution/domain/customer-records.ts,@/modules/institution/domain/customer-records,type,institution_internal,institution,institution,test,domain,ai,customer,no,no,low
src/modules/institution/tests/TenantBusinessViewModels.test.ts,src/modules/institution/domain/followup-workflow.ts,@/modules/institution/domain/followup-workflow,type,institution_internal,institution,institution,test,domain,ai,followup,no,no,low
src/modules/institution/tests/TenantBusinessViewModels.test.ts,src/modules/institution/domain/tenant-business-view-models.ts,@/modules/institution/domain/tenant-business-view-models,runtime,institution_internal,institution,institution,test,domain,ai,ai,no,no,low
src/modules/institution/tests/TenantBusinessWriteInput.test.ts,,vitest,runtime,external_package,institution,vitest,test,external_package,shared,,no,no,low
src/modules/institution/tests/TenantBusinessWriteInput.test.ts,src/modules/institution/server/tenant-business-write-input.ts,@/modules/institution/server/tenant-business-write-input,runtime,institution_internal,institution,institution,test,server_service,shared,shared,no,no,low
src/modules/institution/tests/TenantQuotaEnforcement.test.ts,,vitest,runtime,external_package,institution,vitest,test,external_package,entitlement,,no,no,low
src/modules/institution/tests/TenantQuotaEnforcement.test.ts,src/modules/institution/server/tenant-quota-enforcement.ts,@/modules/institution/server/tenant-quota-enforcement,runtime,institution_internal,institution,institution,test,server_service,entitlement,entitlement,no,no,low
src/modules/institution/tests/TenantQuotaEnforcement.test.ts,src/server/db/client.ts,@/server/db/client,type,cross_module_internal,institution,server,test,client,entitlement,shared,no,no,medium
src/modules/institution/tests/TenantQuotaEnforcement.test.ts,src/server/db/schema.ts,@/server/db/schema,runtime,cross_module_internal,institution,server,test,server_service,entitlement,shared,no,no,medium
src/modules/institution/tests/TreatmentFollowUpLinkApiRoutes.test.ts,,node:fs,runtime,external_package,institution,node:fs,test,external_package,followup,,no,no,low
src/modules/institution/tests/TreatmentFollowUpLinkApiRoutes.test.ts,,node:path,runtime,external_package,institution,node:path,test,external_package,followup,,no,no,low
src/modules/institution/tests/TreatmentFollowUpLinkApiRoutes.test.ts,,vitest,runtime,external_package,institution,vitest,test,external_package,followup,,no,no,low
src/modules/institution/tests/TreatmentFollowUpLinkApiRoutes.test.ts,src/app/api/institution/treatment-summaries/[summaryId]/follow-up-suggestions/route.ts,@/app/api/institution/treatment-summaries/[summaryId]/follow-up-suggestions/route,runtime,cross_module_internal,institution,app,test,other,followup,followup,no,no,medium
src/modules/institution/tests/TreatmentFollowUpLinkApiRoutes.test.ts,src/app/api/institution/treatment-summaries/[summaryId]/follow-up-tasks/route.ts,@/app/api/institution/treatment-summaries/[summaryId]/follow-up-tasks/route,runtime,cross_module_internal,institution,app,test,other,followup,followup,no,no,medium
src/modules/institution/tests/TreatmentFollowUpLinkApiRoutes.test.ts,src/modules/security/domain/access-control.ts,@/modules/security/domain/access-control,type,cross_module_internal,institution,security,test,domain,followup,shared,no,no,medium
src/modules/institution/tests/TreatmentFollowUpSuggestionInput.test.ts,,vitest,runtime,external_package,institution,vitest,test,external_package,followup,,no,no,low
src/modules/institution/tests/TreatmentFollowUpSuggestionInput.test.ts,src/modules/institution/domain/treatment-summaries.ts,@/modules/institution/domain/treatment-summaries,type,institution_internal,institution,institution,test,domain,followup,treatment,no,no,low
src/modules/institution/tests/TreatmentFollowUpSuggestionInput.test.ts,src/modules/institution/server/treatment-followup-suggestions.ts,@/modules/institution/server/treatment-followup-suggestions,runtime,institution_internal,institution,institution,test,server_service,followup,followup,no,no,low
src/modules/institution/tests/TreatmentFollowUpSuggestions.test.ts,,node:fs,runtime,external_package,institution,node:fs,test,external_package,followup,,no,no,low
src/modules/institution/tests/TreatmentFollowUpSuggestions.test.ts,,node:path,runtime,external_package,institution,node:path,test,external_package,followup,,no,no,low
src/modules/institution/tests/TreatmentFollowUpSuggestions.test.ts,,vitest,runtime,external_package,institution,vitest,test,external_package,followup,,no,no,low
src/modules/institution/tests/TreatmentFollowUpSuggestions.test.ts,src/modules/institution/domain/treatment-followup-suggestions.ts,@/modules/institution/domain/treatment-followup-suggestions,runtime,institution_internal,institution,institution,test,domain,followup,followup,no,no,low
src/modules/institution/tests/TreatmentFollowUpSuggestionsApiRoute.test.ts,,vitest,runtime,external_package,institution,vitest,test,external_package,followup,,no,no,low
src/modules/institution/tests/TreatmentFollowUpSuggestionsApiRoute.test.ts,src/app/api/institution/treatment-summaries/[summaryId]/follow-up-suggestions/route.ts,@/app/api/institution/treatment-summaries/[summaryId]/follow-up-suggestions/route,runtime,cross_module_internal,institution,app,test,other,followup,followup,no,no,medium
src/modules/institution/tests/TreatmentFollowUpSuggestionsApiRoute.test.ts,src/modules/institution/client/tenant-business-client.ts,@/modules/institution/client/tenant-business-client,runtime,institution_internal,institution,institution,test,client,followup,shared,no,no,low
src/modules/institution/tests/TreatmentPathTemplates.test.ts,,node:fs,runtime,external_package,institution,node:fs,test,external_package,treatment,,no,no,low
src/modules/institution/tests/TreatmentPathTemplates.test.ts,,node:path,runtime,external_package,institution,node:path,test,external_package,treatment,,no,no,low
src/modules/institution/tests/TreatmentPathTemplates.test.ts,,vitest,runtime,external_package,institution,vitest,test,external_package,treatment,,no,no,low
src/modules/institution/tests/TreatmentPathTemplates.test.ts,src/modules/institution/domain/treatment-path-templates.ts,@/modules/institution/domain/treatment-path-templates,runtime,institution_internal,institution,institution,test,domain,treatment,treatment,no,no,low
src/modules/institution/tests/TreatmentSummaryApiRoutes.test.ts,,node:fs,runtime,external_package,institution,node:fs,test,external_package,treatment,,no,no,low
src/modules/institution/tests/TreatmentSummaryApiRoutes.test.ts,,node:path,runtime,external_package,institution,node:path,test,external_package,treatment,,no,no,low
src/modules/institution/tests/TreatmentSummaryApiRoutes.test.ts,,vitest,runtime,external_package,institution,vitest,test,external_package,treatment,,no,no,low
src/modules/institution/tests/TreatmentSummaryApiRoutes.test.ts,src/app/api/institution/customers/[customerId]/treatment-summaries/route.ts,@/app/api/institution/customers/[customerId]/treatment-summaries/route,runtime,cross_module_internal,institution,app,test,other,treatment,treatment,no,no,medium
src/modules/institution/tests/TreatmentSummaryApiRoutes.test.ts,src/app/api/institution/treatment-summaries/[summaryId]/route.ts,@/app/api/institution/treatment-summaries/[summaryId]/route,runtime,cross_module_internal,institution,app,test,other,treatment,treatment,no,no,medium
src/modules/institution/tests/TreatmentSummaryApiRoutes.test.ts,src/app/api/institution/treatment-summaries/[summaryId]/void/route.ts,@/app/api/institution/treatment-summaries/[summaryId]/void/route,runtime,cross_module_internal,institution,app,test,other,treatment,treatment,no,no,medium
src/modules/institution/tests/TreatmentSummaryCreateApiRoute.test.ts,,node:fs,runtime,external_package,institution,node:fs,test,external_package,treatment,,no,no,low
src/modules/institution/tests/TreatmentSummaryCreateApiRoute.test.ts,,node:path,runtime,external_package,institution,node:path,test,external_package,treatment,,no,no,low
src/modules/institution/tests/TreatmentSummaryCreateApiRoute.test.ts,,vitest,runtime,external_package,institution,vitest,test,external_package,treatment,,no,no,low
src/modules/institution/tests/TreatmentSummaryCreateApiRoute.test.ts,src/app/api/institution/customers/[customerId]/treatment-summaries/route.ts,@/app/api/institution/customers/[customerId]/treatment-summaries/route,runtime,cross_module_internal,institution,app,test,other,treatment,treatment,no,no,medium
src/modules/institution/tests/TreatmentSummaryDomain.test.ts,,node:fs,runtime,external_package,institution,node:fs,test,external_package,treatment,,no,no,low
src/modules/institution/tests/TreatmentSummaryDomain.test.ts,,node:path,runtime,external_package,institution,node:path,test,external_package,treatment,,no,no,low
src/modules/institution/tests/TreatmentSummaryDomain.test.ts,,vitest,runtime,external_package,institution,vitest,test,external_package,treatment,,no,no,low
src/modules/institution/tests/TreatmentSummaryDomain.test.ts,src/modules/institution/domain/treatment-summaries.ts,@/modules/institution/domain/treatment-summaries,runtime,institution_internal,institution,institution,test,domain,treatment,treatment,no,no,low
src/modules/institution/tests/TreatmentSummaryListApiRoutes.test.ts,,vitest,runtime,external_package,institution,vitest,test,external_package,treatment,,no,no,low
src/modules/institution/tests/TreatmentSummaryListApiRoutes.test.ts,src/app/api/institution/treatment-summaries/route.ts,@/app/api/institution/treatment-summaries/route,runtime,cross_module_internal,institution,app,test,other,treatment,treatment,no,no,medium
src/modules/institution/tests/TreatmentSummaryManagementShell.test.tsx,,@testing-library/react,runtime,external_package,institution,@testing-library,test,external_package,treatment,,no,no,low
src/modules/institution/tests/TreatmentSummaryManagementShell.test.tsx,,vitest,runtime,external_package,institution,vitest,test,external_package,treatment,,no,no,low
src/modules/institution/tests/TreatmentSummaryManagementShell.test.tsx,src/modules/institution/components/TreatmentSummaryManagementShell.tsx,@/modules/institution/components/TreatmentSummaryManagementShell,runtime,institution_internal,institution,institution,test,component,treatment,treatment,no,no,low
src/modules/institution/tests/TreatmentSummaryQueryParser.test.ts,,vitest,runtime,external_package,institution,vitest,test,external_package,treatment,,no,no,low
src/modules/institution/tests/TreatmentSummaryQueryParser.test.ts,src/modules/institution/server/treatment-summary-query-parser.ts,@/modules/institution/server/treatment-summary-query-parser,runtime,institution_internal,institution,institution,test,server_service,treatment,treatment,no,no,low
src/modules/institution/tests/TreatmentSummaryRepository.test.ts,,vitest,runtime,external_package,institution,vitest,test,external_package,treatment,,no,no,low
src/modules/institution/tests/TreatmentSummaryRepository.test.ts,src/modules/institution/domain/treatment-summaries.ts,@/modules/institution/domain/treatment-summaries,runtime,institution_internal,institution,institution,test,domain,treatment,treatment,no,no,low
src/modules/institution/tests/TreatmentSummaryRepository.test.ts,src/modules/institution/server/treatment-summary-query-parser.ts,@/modules/institution/server/treatment-summary-query-parser,runtime,institution_internal,institution,institution,test,server_service,treatment,treatment,no,no,low
src/modules/institution/tests/TreatmentSummaryRepository.test.ts,src/modules/institution/server/treatment-summary-repository.ts,@/modules/institution/server/treatment-summary-repository,runtime,institution_internal,institution,institution,test,server_repository,treatment,treatment,no,no,low
src/modules/institution/tests/TreatmentSummaryRepository.test.ts,src/server/db/client.ts,@/server/db/client,type,cross_module_internal,institution,server,test,client,treatment,shared,no,no,medium
src/modules/institution/tests/TreatmentSummaryRepository.test.ts,src/server/db/schema.ts,@/server/db/schema,runtime,cross_module_internal,institution,server,test,server_service,treatment,shared,no,no,medium
src/modules/institution/tests/TreatmentSummaryWriteInput.test.ts,,vitest,runtime,external_package,institution,vitest,test,external_package,treatment,,no,no,low
src/modules/institution/tests/TreatmentSummaryWriteInput.test.ts,src/modules/institution/server/treatment-summary-write-input.ts,@/modules/institution/server/treatment-summary-write-input,runtime,institution_internal,institution,institution,test,server_service,treatment,treatment,no,no,low
src/modules/institution/tests/TrustedReachOutSafetyApiRoute.test.ts,,node:fs,runtime,external_package,institution,node:fs,test,external_package,shared,,no,no,low
src/modules/institution/tests/TrustedReachOutSafetyApiRoute.test.ts,,node:path,runtime,external_package,institution,node:path,test,external_package,shared,,no,no,low
src/modules/institution/tests/TrustedReachOutSafetyApiRoute.test.ts,,vitest,runtime,external_package,institution,vitest,test,external_package,shared,,no,no,low
src/modules/institution/tests/TrustedReachOutSafetyApiRoute.test.ts,src/app/api/institution/customers/[customerId]/wecom-reachout-safety/route.ts,@/app/api/institution/customers/[customerId]/wecom-reachout-safety/route,runtime,cross_module_internal,institution,app,test,other,shared,wecom,no,no,medium
src/modules/institution/tests/TrustedReachOutSafetyClient.test.ts,,vitest,runtime,external_package,institution,vitest,test,external_package,shared,,no,no,low
src/modules/institution/tests/TrustedReachOutSafetyClient.test.ts,src/modules/institution/client/trusted-reachout-safety-client.ts,@/modules/institution/client/trusted-reachout-safety-client,runtime,institution_internal,institution,institution,test,client,shared,shared,no,no,low
src/modules/institution/tests/TrustedReachOutSafetyDomain.test.ts,,node:fs,runtime,external_package,institution,node:fs,test,external_package,shared,,no,no,low
src/modules/institution/tests/TrustedReachOutSafetyDomain.test.ts,,node:path,runtime,external_package,institution,node:path,test,external_package,shared,,no,no,low
src/modules/institution/tests/TrustedReachOutSafetyDomain.test.ts,,vitest,runtime,external_package,institution,vitest,test,external_package,shared,,no,no,low
src/modules/institution/tests/TrustedReachOutSafetyDomain.test.ts,src/modules/institution/domain/trusted-reachout-safety.ts,@/modules/institution/domain/trusted-reachout-safety,runtime,institution_internal,institution,institution,test,domain,shared,shared,no,no,low
src/modules/institution/tests/TrustedReachOutSafetyPanel.test.tsx,,@testing-library/react,runtime,external_package,institution,@testing-library,test,external_package,shared,,no,no,low
src/modules/institution/tests/TrustedReachOutSafetyPanel.test.tsx,,vitest,runtime,external_package,institution,vitest,test,external_package,shared,,no,no,low
src/modules/institution/tests/TrustedReachOutSafetyPanel.test.tsx,src/modules/institution/components/TrustedReachOutSafetyPanel.tsx,@/modules/institution/components/TrustedReachOutSafetyPanel,runtime,institution_internal,institution,institution,test,component,shared,shared,no,no,low
src/modules/institution/tests/TrustedReachOutSafetyRepository.test.ts,,drizzle-orm,type,external_package,institution,drizzle-orm,test,external_package,shared,,no,no,low
src/modules/institution/tests/TrustedReachOutSafetyRepository.test.ts,,drizzle-orm/pg-core,runtime,external_package,institution,drizzle-orm,test,external_package,shared,,no,no,low
src/modules/institution/tests/TrustedReachOutSafetyRepository.test.ts,,vitest,runtime,external_package,institution,vitest,test,external_package,shared,,no,no,low
src/modules/institution/tests/TrustedReachOutSafetyRepository.test.ts,src/modules/institution/server/trusted-reachout-safety-repository.ts,@/modules/institution/server/trusted-reachout-safety-repository,runtime,institution_internal,institution,institution,test,server_repository,shared,shared,no,no,low
src/modules/institution/tests/TrustedReachOutSafetyRepository.test.ts,src/server/db/client.ts,@/server/db/client,type,cross_module_internal,institution,server,test,client,shared,shared,no,no,medium
src/modules/institution/tests/TrustedReachOutSafetyRepository.test.ts,src/server/db/schema.ts,@/server/db/schema,runtime,cross_module_internal,institution,server,test,server_service,shared,shared,no,no,medium
src/modules/institution/tests/TrustedReachOutSafetyService.test.ts,,vitest,runtime,external_package,institution,vitest,test,external_package,shared,,no,no,low
src/modules/institution/tests/TrustedReachOutSafetyService.test.ts,src/modules/institution/server/trusted-reachout-safety-service.ts,@/modules/institution/server/trusted-reachout-safety-service,runtime,institution_internal,institution,institution,test,server_service,shared,shared,no,no,low
src/modules/institution/tests/TrustedReachOutSafetyTransaction.test.ts,,vitest,runtime,external_package,institution,vitest,test,external_package,shared,,no,no,low
src/modules/institution/tests/TrustedReachOutSafetyTransaction.test.ts,src/modules/institution/server/trusted-reachout-safety-transaction.ts,@/modules/institution/server/trusted-reachout-safety-transaction,runtime,institution_internal,institution,institution,test,server_service,shared,shared,no,no,low
src/modules/institution/tests/V1WeComOfficialDryRunCompatibilityApiRoute.test.ts,,node:fs,runtime,external_package,institution,node:fs,test,external_package,wecom,,no,no,low
src/modules/institution/tests/V1WeComOfficialDryRunCompatibilityApiRoute.test.ts,,node:path,runtime,external_package,institution,node:path,test,external_package,wecom,,no,no,low
src/modules/institution/tests/V1WeComOfficialDryRunCompatibilityApiRoute.test.ts,,vitest,runtime,external_package,institution,vitest,test,external_package,wecom,,no,no,low
src/modules/institution/tests/V1WeComOfficialDryRunCompatibilityApiRoute.test.ts,src/app/api/institution/wecom-official-dry-run/route.ts,@/app/api/institution/wecom-official-dry-run/route,runtime,cross_module_internal,institution,app,test,other,wecom,wecom,no,no,medium
src/modules/institution/tests/V1WeComOfficialDryRunCompatibilityApiRoute.test.ts,src/app/api/v1/institution/wecom-official-dry-run/route.ts,@/app/api/v1/institution/wecom-official-dry-run/route,runtime,cross_module_internal,institution,app,test,other,wecom,wecom,no,no,medium
src/modules/institution/tests/WeComAuthorizationDomain.test.ts,,vitest,runtime,external_package,institution,vitest,test,external_package,wecom,,no,no,low
src/modules/institution/tests/WeComAuthorizationDomain.test.ts,src/modules/institution/domain/wecom-authorization.ts,@/modules/institution/domain/wecom-authorization,runtime,institution_internal,institution,institution,test,domain,wecom,wecom,no,no,low
src/modules/institution/tests/WeComControlledReachOutApiRoute.test.ts,,node:fs,runtime,external_package,institution,node:fs,test,external_package,wecom,,no,no,low
src/modules/institution/tests/WeComControlledReachOutApiRoute.test.ts,,node:path,runtime,external_package,institution,node:path,test,external_package,wecom,,no,no,low
src/modules/institution/tests/WeComControlledReachOutApiRoute.test.ts,,vitest,runtime,external_package,institution,vitest,test,external_package,wecom,,no,no,low
src/modules/institution/tests/WeComControlledReachOutApiRoute.test.ts,src/app/api/institution/followup-message-drafts/[draftId]/wecom-controlled-reachout/route.ts,@/app/api/institution/followup-message-drafts/[draftId]/wecom-controlled-reachout/route,runtime,cross_module_internal,institution,app,test,other,wecom,wecom,no,no,medium
src/modules/institution/tests/WeComControlledReachOutDomain.test.ts,,vitest,runtime,external_package,institution,vitest,test,external_package,wecom,,no,no,low
src/modules/institution/tests/WeComControlledReachOutDomain.test.ts,src/modules/institution/domain/followup-message-deliveries.ts,@/modules/institution/domain/followup-message-deliveries,runtime,institution_internal,institution,institution,test,domain,wecom,followup,no,no,low
src/modules/institution/tests/WeComControlledReachOutDomain.test.ts,src/modules/institution/domain/followup-message-drafts.ts,@/modules/institution/domain/followup-message-drafts,type,institution_internal,institution,institution,test,domain,wecom,followup,no,no,low
src/modules/institution/tests/WeComControlledReachOutDomain.test.ts,src/modules/institution/domain/wecom-controlled-reachout.ts,@/modules/institution/domain/wecom-controlled-reachout,runtime,institution_internal,institution,institution,test,domain,wecom,wecom,no,no,low
src/modules/institution/tests/WeComControlledReachOutDomain.test.ts,src/modules/institution/server/trusted-reachout-safety-repository.ts,@/modules/institution/server/trusted-reachout-safety-repository,type,institution_internal,institution,institution,test,server_repository,wecom,shared,no,no,low
src/modules/institution/tests/WeComControlledReachOutRepository.test.ts,,vitest,runtime,external_package,institution,vitest,test,external_package,wecom,,no,no,low
src/modules/institution/tests/WeComControlledReachOutRepository.test.ts,src/modules/institution/domain/followup-message-deliveries.ts,@/modules/institution/domain/followup-message-deliveries,runtime,institution_internal,institution,institution,test,domain,wecom,followup,no,no,low
src/modules/institution/tests/WeComControlledReachOutRepository.test.ts,src/modules/institution/server/tenant-business-repository.ts,@/modules/institution/server/tenant-business-repository,runtime,institution_internal,institution,institution,test,server_repository,wecom,shared,no,no,low
src/modules/institution/tests/WeComControlledReachOutRepository.test.ts,src/server/db/client.ts,@/server/db/client,type,cross_module_internal,institution,server,test,client,wecom,shared,no,no,medium
src/modules/institution/tests/WeComControlledReachOutRepository.test.ts,src/server/db/schema.ts,@/server/db/schema,runtime,cross_module_internal,institution,server,test,server_service,wecom,shared,no,no,medium
src/modules/institution/tests/WeComControlledReachOutService.test.ts,,vitest,runtime,external_package,institution,vitest,test,external_package,wecom,,no,no,low
src/modules/institution/tests/WeComControlledReachOutService.test.ts,src/modules/institution/domain/customer-records.ts,@/modules/institution/domain/customer-records,type,institution_internal,institution,institution,test,domain,wecom,customer,no,no,low
src/modules/institution/tests/WeComControlledReachOutService.test.ts,src/modules/institution/domain/followup-message-deliveries.ts,@/modules/institution/domain/followup-message-deliveries,runtime,institution_internal,institution,institution,test,domain,wecom,followup,no,no,low
src/modules/institution/tests/WeComControlledReachOutService.test.ts,src/modules/institution/domain/followup-message-drafts.ts,@/modules/institution/domain/followup-message-drafts,type,institution_internal,institution,institution,test,domain,wecom,followup,no,no,low
src/modules/institution/tests/WeComControlledReachOutService.test.ts,src/modules/institution/server/wecom-controlled-reachout-service.ts,@/modules/institution/server/wecom-controlled-reachout-service,runtime,institution_internal,institution,institution,test,server_service,wecom,wecom,no,no,low
src/modules/institution/tests/WeComControlledReachOutService.test.ts,src/modules/security/domain/access-control.ts,@/modules/security/domain/access-control,type,cross_module_internal,institution,security,test,domain,wecom,shared,no,no,medium
src/modules/institution/tests/WeComCustomerBroadcastTaskApiRoute.test.ts,,node:fs,runtime,external_package,institution,node:fs,test,external_package,wecom,,no,no,low
src/modules/institution/tests/WeComCustomerBroadcastTaskApiRoute.test.ts,,node:path,runtime,external_package,institution,node:path,test,external_package,wecom,,no,no,low
src/modules/institution/tests/WeComCustomerBroadcastTaskApiRoute.test.ts,,vitest,runtime,external_package,institution,vitest,test,external_package,wecom,,no,no,low
src/modules/institution/tests/WeComCustomerBroadcastTaskApiRoute.test.ts,src/app/api/institution/followup-message-drafts/[draftId]/wecom-customer-broadcast-task/route.ts,@/app/api/institution/followup-message-drafts/[draftId]/wecom-customer-broadcast-task/route,runtime,cross_module_internal,institution,app,test,other,wecom,wecom,no,no,medium
src/modules/institution/tests/WeComCustomerBroadcastTaskOutcome.test.ts,,node:fs,runtime,external_package,institution,node:fs,test,external_package,wecom,,no,no,low
src/modules/institution/tests/WeComCustomerBroadcastTaskOutcome.test.ts,,node:path,runtime,external_package,institution,node:path,test,external_package,wecom,,no,no,low
src/modules/institution/tests/WeComCustomerBroadcastTaskOutcome.test.ts,,node:url,runtime,external_package,institution,node:url,test,external_package,wecom,,no,no,low
src/modules/institution/tests/WeComCustomerBroadcastTaskOutcome.test.ts,,vitest,runtime,external_package,institution,vitest,test,external_package,wecom,,no,no,low
src/modules/institution/tests/WeComCustomerBroadcastTaskOutcome.test.ts,src/modules/institution/domain/wecom-customer-broadcast-task-outcome.ts,@/modules/institution/domain/wecom-customer-broadcast-task-outcome,runtime,institution_internal,institution,institution,test,domain,wecom,wecom,no,no,low
src/modules/institution/tests/WeComCustomerBroadcastTaskOutcome.test.ts,src/modules/institution/server/wecom-customer-broadcast-task-outcome-repository.ts,@/modules/institution/server/wecom-customer-broadcast-task-outcome-repository,runtime,institution_internal,institution,institution,test,server_repository,wecom,wecom,no,no,low
src/modules/institution/tests/WeComCustomerBroadcastTaskOutcome.test.ts,src/modules/institution/server/wecom-customer-broadcast-task-outcome-service.ts,@/modules/institution/server/wecom-customer-broadcast-task-outcome-service,runtime,institution_internal,institution,institution,test,server_service,wecom,wecom,no,no,low
src/modules/institution/tests/WeComCustomerBroadcastTaskOutcome.test.ts,src/server/db/client.ts,@/server/db/client,type,cross_module_internal,institution,server,test,client,wecom,shared,no,no,medium
src/modules/institution/tests/WeComCustomerBroadcastTaskProvider.test.ts,,node:fs,runtime,external_package,institution,node:fs,test,external_package,wecom,,no,no,low
src/modules/institution/tests/WeComCustomerBroadcastTaskProvider.test.ts,,vitest,runtime,external_package,institution,vitest,test,external_package,wecom,,no,no,low
src/modules/institution/tests/WeComCustomerBroadcastTaskProvider.test.ts,src/modules/institution/domain/wecom-customer-broadcast-task-provider.ts,@/modules/institution/domain/wecom-customer-broadcast-task-provider,runtime,institution_internal,institution,institution,test,domain,wecom,wecom,no,no,low
src/modules/institution/tests/WeComCustomerBroadcastTaskProvider.test.ts,src/modules/institution/server/wecom-customer-broadcast-task-mock-provider.ts,@/modules/institution/server/wecom-customer-broadcast-task-mock-provider,runtime,institution_internal,institution,institution,test,server_service,wecom,wecom,no,no,low
src/modules/institution/tests/WeComCustomerBroadcastTaskProvider.test.ts,src/modules/institution/server/wecom-customer-broadcast-task-provider-contract.ts,@/modules/institution/server/wecom-customer-broadcast-task-provider-contract,type,institution_internal,institution,institution,test,server_service,wecom,wecom,no,no,low
src/modules/institution/tests/WeComCustomerBroadcastTaskProvider.test.ts,src/modules/institution/server/wecom-customer-broadcast-task-provider-runtime.ts,@/modules/institution/server/wecom-customer-broadcast-task-provider-runtime,runtime,institution_internal,institution,institution,test,server_service,wecom,wecom,no,no,low
src/modules/institution/tests/WeComCustomerBroadcastTaskRecipientResolver.test.ts,,node:fs,runtime,external_package,institution,node:fs,test,external_package,wecom,,no,no,low
src/modules/institution/tests/WeComCustomerBroadcastTaskRecipientResolver.test.ts,,node:path,runtime,external_package,institution,node:path,test,external_package,wecom,,no,no,low
src/modules/institution/tests/WeComCustomerBroadcastTaskRecipientResolver.test.ts,,node:url,runtime,external_package,institution,node:url,test,external_package,wecom,,no,no,low
src/modules/institution/tests/WeComCustomerBroadcastTaskRecipientResolver.test.ts,,vitest,runtime,external_package,institution,vitest,test,external_package,wecom,,no,no,low
src/modules/institution/tests/WeComCustomerBroadcastTaskRecipientResolver.test.ts,src/modules/institution/server/wecom-customer-broadcast-task-recipient-resolver.ts,@/modules/institution/server/wecom-customer-broadcast-task-recipient-resolver,runtime,institution_internal,institution,institution,test,server_service,wecom,wecom,no,no,low
src/modules/institution/tests/WeComCustomerBroadcastTaskRecipientResolver.test.ts,src/server/db/client.ts,@/server/db/client,type,cross_module_internal,institution,server,test,client,wecom,shared,no,no,medium
src/modules/institution/tests/WeComCustomerContactDomain.test.ts,,vitest,runtime,external_package,institution,vitest,test,external_package,wecom,,no,no,low
src/modules/institution/tests/WeComCustomerContactDomain.test.ts,src/modules/institution/domain/wecom-authorization.ts,@/modules/institution/domain/wecom-authorization,runtime,institution_internal,institution,institution,test,domain,wecom,wecom,no,no,low
src/modules/institution/tests/WeComCustomerContactDomain.test.ts,src/modules/institution/domain/wecom-customer-contact.ts,@/modules/institution/domain/wecom-customer-contact,runtime,institution_internal,institution,institution,test,domain,wecom,wecom,no,no,low
src/modules/institution/tests/WeComCustomerContactPrecheckApiRoute.test.ts,,node:fs,runtime,external_package,institution,node:fs,test,external_package,wecom,,no,no,low
src/modules/institution/tests/WeComCustomerContactPrecheckApiRoute.test.ts,,node:path,runtime,external_package,institution,node:path,test,external_package,wecom,,no,no,low
src/modules/institution/tests/WeComCustomerContactPrecheckApiRoute.test.ts,,vitest,runtime,external_package,institution,vitest,test,external_package,wecom,,no,no,low
src/modules/institution/tests/WeComCustomerContactPrecheckApiRoute.test.ts,src/app/api/institution/wecom-customer-contact-precheck/route.ts,@/app/api/institution/wecom-customer-contact-precheck/route,runtime,cross_module_internal,institution,app,test,other,wecom,wecom,no,no,medium
src/modules/institution/tests/WeComCustomerContactPrecheckDomain.test.ts,,vitest,runtime,external_package,institution,vitest,test,external_package,wecom,,no,no,low
src/modules/institution/tests/WeComCustomerContactPrecheckDomain.test.ts,src/modules/institution/domain/wecom-customer-contact-precheck.ts,@/modules/institution/domain/wecom-customer-contact-precheck,runtime,institution_internal,institution,institution,test,domain,wecom,wecom,no,no,low
src/modules/institution/tests/WeComCustomerContactPrecheckDomain.test.ts,src/modules/institution/server/wecom-customer-contact-precheck-runtime.ts,@/modules/institution/server/wecom-customer-contact-precheck-runtime,runtime,institution_internal,institution,institution,test,server_service,wecom,wecom,no,no,low
src/modules/institution/tests/WeComCustomerContactReadonlyProofApiRoute.test.ts,,node:fs,runtime,external_package,institution,node:fs,test,external_package,wecom,,no,no,low
src/modules/institution/tests/WeComCustomerContactReadonlyProofApiRoute.test.ts,,node:path,runtime,external_package,institution,node:path,test,external_package,wecom,,no,no,low
src/modules/institution/tests/WeComCustomerContactReadonlyProofApiRoute.test.ts,,vitest,runtime,external_package,institution,vitest,test,external_package,wecom,,no,no,low
src/modules/institution/tests/WeComCustomerContactReadonlyProofApiRoute.test.ts,src/app/api/institution/wecom-customer-contact-readonly-proof/route.ts,@/app/api/institution/wecom-customer-contact-readonly-proof/route,runtime,cross_module_internal,institution,app,test,other,wecom,wecom,no,no,medium
src/modules/institution/tests/WeComCustomerContactReadonlyProofDomain.test.ts,,vitest,runtime,external_package,institution,vitest,test,external_package,wecom,,no,no,low
src/modules/institution/tests/WeComCustomerContactReadonlyProofDomain.test.ts,src/modules/institution/domain/wecom-customer-contact-readonly-proof.ts,@/modules/institution/domain/wecom-customer-contact-readonly-proof,runtime,institution_internal,institution,institution,test,domain,wecom,wecom,no,no,low
src/modules/institution/tests/WeComCustomerContactReadonlyProofDomain.test.ts,src/modules/institution/server/wecom-customer-contact-readonly-proof-runtime.ts,@/modules/institution/server/wecom-customer-contact-readonly-proof-runtime,runtime,institution_internal,institution,institution,test,server_service,wecom,wecom,no,no,low
src/modules/institution/tests/WeComCustomerContactReadonlyProofMockApiRoute.test.ts,,node:fs,runtime,external_package,institution,node:fs,test,external_package,wecom,,no,no,low
src/modules/institution/tests/WeComCustomerContactReadonlyProofMockApiRoute.test.ts,,vitest,runtime,external_package,institution,vitest,test,external_package,wecom,,no,no,low
src/modules/institution/tests/WeComCustomerContactReadonlyProofMockApiRoute.test.ts,src/app/api/institution/wecom-customer-contact-readonly-proof-mock/route.ts,@/app/api/institution/wecom-customer-contact-readonly-proof-mock/route,runtime,cross_module_internal,institution,app,test,other,wecom,wecom,no,no,medium
src/modules/institution/tests/WeComCustomerContactReadonlyProofMockDomain.test.ts,,vitest,runtime,external_package,institution,vitest,test,external_package,wecom,,no,no,low
src/modules/institution/tests/WeComCustomerContactReadonlyProofMockDomain.test.ts,src/modules/institution/domain/wecom-customer-contact-precheck.ts,@/modules/institution/domain/wecom-customer-contact-precheck,type,institution_internal,institution,institution,test,domain,wecom,wecom,no,no,low
src/modules/institution/tests/WeComCustomerContactReadonlyProofMockDomain.test.ts,src/modules/institution/domain/wecom-customer-contact-readonly-proof-mock.ts,@/modules/institution/domain/wecom-customer-contact-readonly-proof-mock,runtime,institution_internal,institution,institution,test,domain,wecom,wecom,no,no,low
src/modules/institution/tests/WeComCustomerMappingApiRoute.test.ts,,node:fs,runtime,external_package,institution,node:fs,test,external_package,wecom,,no,no,low
src/modules/institution/tests/WeComCustomerMappingApiRoute.test.ts,,node:path,runtime,external_package,institution,node:path,test,external_package,wecom,,no,no,low
src/modules/institution/tests/WeComCustomerMappingApiRoute.test.ts,,vitest,runtime,external_package,institution,vitest,test,external_package,wecom,,no,no,low
src/modules/institution/tests/WeComCustomerMappingApiRoute.test.ts,src/app/api/institution/wecom-customer-mapping/route.ts,@/app/api/institution/wecom-customer-mapping/route,runtime,cross_module_internal,institution,app,test,other,wecom,wecom,no,no,medium
src/modules/institution/tests/WeComCustomerMappingCandidatesApiRoute.test.ts,,node:fs,runtime,external_package,institution,node:fs,test,external_package,wecom,,no,no,low
src/modules/institution/tests/WeComCustomerMappingCandidatesApiRoute.test.ts,,node:path,runtime,external_package,institution,node:path,test,external_package,wecom,,no,no,low
src/modules/institution/tests/WeComCustomerMappingCandidatesApiRoute.test.ts,,vitest,runtime,external_package,institution,vitest,test,external_package,wecom,,no,no,low
src/modules/institution/tests/WeComCustomerMappingCandidatesApiRoute.test.ts,src/app/api/institution/wecom/customer-mapping-candidates/handler.ts,@/app/api/institution/wecom/customer-mapping-candidates/handler,runtime,cross_module_internal,institution,app,test,other,wecom,wecom,no,no,medium
src/modules/institution/tests/WeComCustomerMappingCandidatesApiRoute.test.ts,src/app/api/institution/wecom/customer-mapping-candidates/route.ts,@/app/api/institution/wecom/customer-mapping-candidates/route,runtime,cross_module_internal,institution,app,test,other,wecom,wecom,no,no,medium
src/modules/institution/tests/WeComCustomerMappingCandidatesApiRoute.test.ts,src/app/api/institution/wecom/customer-mapping-reviews/[mappingId]/actions/handler.ts,@/app/api/institution/wecom/customer-mapping-reviews/[mappingId]/actions/handler,runtime,cross_module_internal,institution,app,test,other,wecom,wecom,no,no,medium
src/modules/institution/tests/WeComCustomerMappingCandidatesApiRoute.test.ts,src/modules/institution/domain/wecom-customer-mapping-review-actions.ts,@/modules/institution/domain/wecom-customer-mapping-review-actions,runtime,institution_internal,institution,institution,test,domain,wecom,wecom,no,no,low
src/modules/institution/tests/WeComCustomerMappingCandidatesApiRoute.test.ts,src/modules/institution/server/wecom-customer-mapping-review-action-mock-runtime.ts,@/modules/institution/server/wecom-customer-mapping-review-action-mock-runtime,runtime,institution_internal,institution,institution,test,server_service,wecom,wecom,no,no,low
src/modules/institution/tests/WeComCustomerMappingCandidatesApiRoute.test.ts,src/modules/institution/view-models/wecom-customer-mapping-candidates-reader.ts,@/modules/institution/view-models/wecom-customer-mapping-candidates-reader,runtime,institution_internal,institution,institution,test,other,wecom,wecom,no,no,low
src/modules/institution/tests/WeComCustomerMappingCandidatesApiRoute.test.ts,src/modules/institution/view-models/wecom-customer-mapping-candidates.ts,@/modules/institution/view-models/wecom-customer-mapping-candidates,runtime,institution_internal,institution,institution,test,other,wecom,wecom,no,no,low
src/modules/institution/tests/WeComCustomerMappingCandidatesApiRoute.test.ts,src/modules/security/domain/access-control.ts,@/modules/security/domain/access-control,type,cross_module_internal,institution,security,test,domain,wecom,shared,no,no,medium
src/modules/institution/tests/WeComCustomerMappingCandidatesReadonlyPanel.test.tsx,,@testing-library/react,runtime,external_package,institution,@testing-library,test,external_package,wecom,,no,no,low
src/modules/institution/tests/WeComCustomerMappingCandidatesReadonlyPanel.test.tsx,,vitest,runtime,external_package,institution,vitest,test,external_package,wecom,,no,no,low
src/modules/institution/tests/WeComCustomerMappingCandidatesReadonlyPanel.test.tsx,src/modules/institution/components/WeComCustomerMappingCandidatesReadonlyPanel.tsx,@/modules/institution/components/WeComCustomerMappingCandidatesReadonlyPanel,runtime,institution_internal,institution,institution,test,component,wecom,wecom,no,no,low
src/modules/institution/tests/WeComCustomerMappingCandidatesReadonlyPanel.test.tsx,src/modules/workspace/components/InstitutionWorkspace.tsx,@/modules/workspace/components/InstitutionWorkspace,runtime,cross_module_internal,institution,workspace,test,component,wecom,shared,no,no,medium
src/modules/institution/tests/WeComCustomerMappingClient.test.ts,,vitest,runtime,external_package,institution,vitest,test,external_package,wecom,,no,no,low
src/modules/institution/tests/WeComCustomerMappingClient.test.ts,src/modules/institution/client/wecom-customer-mapping-client.ts,@/modules/institution/client/wecom-customer-mapping-client,runtime,institution_internal,institution,institution,test,client,wecom,wecom,no,no,low
src/modules/institution/tests/WeComCustomerMappingDomain.test.ts,,vitest,runtime,external_package,institution,vitest,test,external_package,wecom,,no,no,low
src/modules/institution/tests/WeComCustomerMappingDomain.test.ts,src/modules/institution/domain/wecom-customer-mapping.ts,@/modules/institution/domain/wecom-customer-mapping,runtime,institution_internal,institution,institution,test,domain,wecom,wecom,no,no,low
src/modules/institution/tests/WeComCustomerMappingPanel.test.tsx,,@testing-library/react,runtime,external_package,institution,@testing-library,test,external_package,wecom,,no,no,low
src/modules/institution/tests/WeComCustomerMappingPanel.test.tsx,,vitest,runtime,external_package,institution,vitest,test,external_package,wecom,,no,no,low
src/modules/institution/tests/WeComCustomerMappingPanel.test.tsx,src/modules/institution/components/WeComCustomerMappingPanel.tsx,@/modules/institution/components/WeComCustomerMappingPanel,runtime,institution_internal,institution,institution,test,component,wecom,wecom,no,no,low
src/modules/institution/tests/WeComCustomerMappingReadWriteBridge.test.ts,,vitest,runtime,external_package,institution,vitest,test,external_package,wecom,,no,no,low
src/modules/institution/tests/WeComCustomerMappingReadWriteBridge.test.ts,src/app/api/institution/wecom/customer-mapping-candidates/route.ts,@/app/api/institution/wecom/customer-mapping-candidates/route,runtime,cross_module_internal,institution,app,test,other,wecom,wecom,no,no,medium
src/modules/institution/tests/WeComCustomerMappingReadWriteBridge.test.ts,src/app/api/institution/wecom/customer-mapping-reviews/[mappingId]/actions/route.ts,@/app/api/institution/wecom/customer-mapping-reviews/[mappingId]/actions/route,runtime,cross_module_internal,institution,app,test,other,wecom,wecom,no,no,medium
src/modules/institution/tests/WeComCustomerMappingReadWriteBridge.test.ts,src/modules/auth/server/demo-session.ts,@/modules/auth/server/demo-session,runtime,cross_module_internal,institution,auth,test,server_service,wecom,shared,no,no,medium
src/modules/institution/tests/WeComCustomerMappingRepository.test.ts,,vitest,runtime,external_package,institution,vitest,test,external_package,wecom,,no,no,low
src/modules/institution/tests/WeComCustomerMappingRepository.test.ts,src/modules/institution/server/wecom-customer-mapping-repository.ts,@/modules/institution/server/wecom-customer-mapping-repository,runtime,institution_internal,institution,institution,test,server_repository,wecom,wecom,no,no,low
src/modules/institution/tests/WeComCustomerMappingRepository.test.ts,src/server/db/client.ts,@/server/db/client,type,cross_module_internal,institution,server,test,client,wecom,shared,no,no,medium
src/modules/institution/tests/WeComCustomerMappingRepository.test.ts,src/server/db/schema.ts,@/server/db/schema,runtime,cross_module_internal,institution,server,test,server_service,wecom,shared,no,no,medium
src/modules/institution/tests/WeComCustomerMappingReviewActionsApiRoute.test.ts,,vitest,runtime,external_package,institution,vitest,test,external_package,wecom,,no,no,low
src/modules/institution/tests/WeComCustomerMappingReviewActionsApiRoute.test.ts,src/app/api/institution/wecom/customer-mapping-reviews/[mappingId]/actions/handler.ts,@/app/api/institution/wecom/customer-mapping-reviews/[mappingId]/actions/handler,runtime,cross_module_internal,institution,app,test,other,wecom,wecom,no,no,medium
src/modules/institution/tests/WeComCustomerMappingReviewActionsApiRoute.test.ts,src/app/api/institution/wecom/customer-mapping-reviews/[mappingId]/actions/route.ts,@/app/api/institution/wecom/customer-mapping-reviews/[mappingId]/actions/route,runtime,cross_module_internal,institution,app,test,other,wecom,wecom,no,no,medium
src/modules/institution/tests/WeComCustomerMappingReviewActionsApiRoute.test.ts,src/modules/auth/server/demo-session.ts,@/modules/auth/server/demo-session,runtime,cross_module_internal,institution,auth,test,server_service,wecom,shared,no,no,medium
src/modules/institution/tests/WeComCustomerMappingReviewActionsApiRoute.test.ts,src/modules/institution/domain/wecom-customer-mapping-review-actions.ts,@/modules/institution/domain/wecom-customer-mapping-review-actions,runtime,institution_internal,institution,institution,test,domain,wecom,wecom,no,no,low
src/modules/institution/tests/WeComCustomerMappingReviewActionsApiRoute.test.ts,src/modules/institution/server/wecom-customer-mapping-review-action-mock-runtime.ts,@/modules/institution/server/wecom-customer-mapping-review-action-mock-runtime,runtime,institution_internal,institution,institution,test,server_service,wecom,wecom,no,no,low
src/modules/institution/tests/WeComCustomerMappingReviewActionsApiRoute.test.ts,src/modules/security/domain/access-control.ts,@/modules/security/domain/access-control,type,cross_module_internal,institution,security,test,domain,wecom,shared,no,no,medium
src/modules/institution/tests/WeComCustomerMappingReviewActionsApiRoute.test.ts,src/modules/security/domain/access-control.ts,@/modules/security/domain/access-control,runtime,cross_module_internal,institution,security,test,domain,wecom,shared,no,no,medium
src/modules/institution/tests/WeComCustomerMappingReviewActionsApiRoute.test.ts,src/modules/security/server/mutation-request-security.ts,@/modules/security/server/mutation-request-security,runtime,cross_module_internal,institution,security,test,client,wecom,shared,no,no,medium
src/modules/institution/tests/WeComCustomerMappingReviewActionsClient.test.ts,,vitest,runtime,external_package,institution,vitest,test,external_package,wecom,,no,no,low
src/modules/institution/tests/WeComCustomerMappingReviewActionsClient.test.ts,src/modules/institution/client/wecom-customer-mapping-review-actions-client.ts,@/modules/institution/client/wecom-customer-mapping-review-actions-client,runtime,institution_internal,institution,institution,test,client,wecom,wecom,no,no,low
src/modules/institution/tests/WeComCustomerMappingReviewActionsDomain.test.ts,,node:crypto,runtime,external_package,institution,node:crypto,test,external_package,wecom,,no,no,low
src/modules/institution/tests/WeComCustomerMappingReviewActionsDomain.test.ts,,vitest,runtime,external_package,institution,vitest,test,external_package,wecom,,no,no,low
src/modules/institution/tests/WeComCustomerMappingReviewActionsDomain.test.ts,src/modules/institution/domain/wecom-customer-mapping-review-actions.ts,@/modules/institution/domain/wecom-customer-mapping-review-actions,runtime,institution_internal,institution,institution,test,domain,wecom,wecom,no,no,low
src/modules/institution/tests/WeComCustomerMappingReviewDomain.test.ts,,node:crypto,runtime,external_package,institution,node:crypto,test,external_package,wecom,,no,no,low
src/modules/institution/tests/WeComCustomerMappingReviewDomain.test.ts,,vitest,runtime,external_package,institution,vitest,test,external_package,wecom,,no,no,low
src/modules/institution/tests/WeComCustomerMappingReviewDomain.test.ts,src/modules/institution/domain/wecom-customer-mapping-review.ts,@/modules/institution/domain/wecom-customer-mapping-review,runtime,institution_internal,institution,institution,test,domain,wecom,wecom,no,no,low
src/modules/institution/tests/WeComCustomerMappingReviewDomain.test.ts,src/modules/institution/domain/wecom-customer-mapping-review.ts,@/modules/institution/domain/wecom-customer-mapping-review,type,institution_internal,institution,institution,test,domain,wecom,wecom,no,no,low
src/modules/institution/tests/WeComCustomerMappingService.test.ts,,vitest,runtime,external_package,institution,vitest,test,external_package,wecom,,no,no,low
src/modules/institution/tests/WeComCustomerMappingService.test.ts,src/modules/audit/domain/audit-events.ts,@/modules/audit/domain/audit-events,type,cross_module_internal,institution,audit,test,domain,wecom,audit,no,no,medium
src/modules/institution/tests/WeComCustomerMappingService.test.ts,src/modules/institution/domain/customer-records.ts,@/modules/institution/domain/customer-records,type,institution_internal,institution,institution,test,domain,wecom,customer,no,no,low
src/modules/institution/tests/WeComCustomerMappingService.test.ts,src/modules/institution/server/wecom-customer-mapping-repository.ts,@/modules/institution/server/wecom-customer-mapping-repository,type,institution_internal,institution,institution,test,server_repository,wecom,wecom,no,no,low
src/modules/institution/tests/WeComCustomerMappingService.test.ts,src/modules/institution/server/wecom-customer-mapping-service.ts,@/modules/institution/server/wecom-customer-mapping-service,runtime,institution_internal,institution,institution,test,server_service,wecom,wecom,no,no,low
src/modules/institution/tests/WeComCustomerMappingService.test.ts,src/modules/security/domain/access-control.ts,@/modules/security/domain/access-control,type,cross_module_internal,institution,security,test,domain,wecom,shared,no,no,medium
src/modules/institution/tests/WeComDryRunSnapshotApiRoute.test.ts,,node:fs,runtime,external_package,institution,node:fs,test,external_package,wecom,,no,no,low
src/modules/institution/tests/WeComDryRunSnapshotApiRoute.test.ts,,node:path,runtime,external_package,institution,node:path,test,external_package,wecom,,no,no,low
src/modules/institution/tests/WeComDryRunSnapshotApiRoute.test.ts,,vitest,runtime,external_package,institution,vitest,test,external_package,wecom,,no,no,low
src/modules/institution/tests/WeComDryRunSnapshotApiRoute.test.ts,src/app/api/institution/wecom-official-dry-run-snapshot/route.ts,@/app/api/institution/wecom-official-dry-run-snapshot/route,runtime,cross_module_internal,institution,app,test,other,wecom,wecom,no,no,medium
src/modules/institution/tests/WeComDryRunSnapshotService.test.ts,,vitest,runtime,external_package,institution,vitest,test,external_package,wecom,,no,no,low
src/modules/institution/tests/WeComDryRunSnapshotService.test.ts,src/modules/institution/server/trusted-reachout-safety-repository.ts,@/modules/institution/server/trusted-reachout-safety-repository,type,institution_internal,institution,institution,test,server_repository,wecom,shared,no,no,low
src/modules/institution/tests/WeComDryRunSnapshotService.test.ts,src/modules/institution/server/wecom-dry-run-snapshot-service.ts,@/modules/institution/server/wecom-dry-run-snapshot-service,runtime,institution_internal,institution,institution,test,server_service,wecom,wecom,no,no,low
src/modules/institution/tests/WeComExternalContactReadonlyApiRoute.test.ts,,node:fs,runtime,external_package,institution,node:fs,test,external_package,wecom,,no,no,low
src/modules/institution/tests/WeComExternalContactReadonlyApiRoute.test.ts,,node:path,runtime,external_package,institution,node:path,test,external_package,wecom,,no,no,low
src/modules/institution/tests/WeComExternalContactReadonlyApiRoute.test.ts,,vitest,runtime,external_package,institution,vitest,test,external_package,wecom,,no,no,low
src/modules/institution/tests/WeComExternalContactReadonlyApiRoute.test.ts,src/app/api/institution/wecom/external-contacts/route.ts,@/app/api/institution/wecom/external-contacts/route,runtime,cross_module_internal,institution,app,test,other,wecom,wecom,no,no,medium
src/modules/institution/tests/WeComExternalContactReadonlyDomain.test.ts,,vitest,runtime,external_package,institution,vitest,test,external_package,wecom,,no,no,low
src/modules/institution/tests/WeComExternalContactReadonlyDomain.test.ts,src/modules/institution/domain/wecom-external-contact-readonly.ts,@/modules/institution/domain/wecom-external-contact-readonly,runtime,institution_internal,institution,institution,test,domain,wecom,wecom,no,no,low
src/modules/institution/tests/WeComExternalContactReadonlyDomain.test.ts,src/modules/institution/domain/wecom-external-contact-readonly.ts,@/modules/institution/domain/wecom-external-contact-readonly,type,institution_internal,institution,institution,test,domain,wecom,wecom,no,no,low
src/modules/institution/tests/WeComExternalContactReadonlyPanel.test.tsx,,@testing-library/react,runtime,external_package,institution,@testing-library,test,external_package,wecom,,no,no,low
src/modules/institution/tests/WeComExternalContactReadonlyPanel.test.tsx,,vitest,runtime,external_package,institution,vitest,test,external_package,wecom,,no,no,low
src/modules/institution/tests/WeComExternalContactReadonlyPanel.test.tsx,src/modules/institution/components/WeComExternalContactReadonlyPanel.tsx,@/modules/institution/components/WeComExternalContactReadonlyPanel,runtime,institution_internal,institution,institution,test,component,wecom,wecom,no,no,low
src/modules/institution/tests/WeComExternalContactReadonlyPanel.test.tsx,src/modules/institution/view-models/wecom-external-contact-readonly-view-model.ts,@/modules/institution/view-models/wecom-external-contact-readonly-view-model,runtime,institution_internal,institution,institution,test,other,wecom,wecom,no,no,low
src/modules/institution/tests/WeComOfficialDryRunApiRoute.test.ts,,node:fs,runtime,external_package,institution,node:fs,test,external_package,wecom,,no,no,low
src/modules/institution/tests/WeComOfficialDryRunApiRoute.test.ts,,node:path,runtime,external_package,institution,node:path,test,external_package,wecom,,no,no,low
src/modules/institution/tests/WeComOfficialDryRunApiRoute.test.ts,,vitest,runtime,external_package,institution,vitest,test,external_package,wecom,,no,no,low
src/modules/institution/tests/WeComOfficialDryRunApiRoute.test.ts,src/app/api/institution/wecom-official-dry-run/evaluate/route.ts,@/app/api/institution/wecom-official-dry-run/evaluate/route,runtime,cross_module_internal,institution,app,test,other,wecom,wecom,no,no,medium
src/modules/institution/tests/WeComOfficialDryRunApiRoute.test.ts,src/app/api/institution/wecom-official-dry-run/route.ts,@/app/api/institution/wecom-official-dry-run/route,runtime,cross_module_internal,institution,app,test,other,wecom,wecom,no,no,medium
src/modules/institution/tests/WeComOfficialDryRunConfigApiRoute.test.ts,,node:fs,runtime,external_package,institution,node:fs,test,external_package,wecom,,no,no,low
src/modules/institution/tests/WeComOfficialDryRunConfigApiRoute.test.ts,,node:path,runtime,external_package,institution,node:path,test,external_package,wecom,,no,no,low
src/modules/institution/tests/WeComOfficialDryRunConfigApiRoute.test.ts,,vitest,runtime,external_package,institution,vitest,test,external_package,wecom,,no,no,low
src/modules/institution/tests/WeComOfficialDryRunConfigApiRoute.test.ts,src/app/api/institution/wecom-official-dry-run-config/route.ts,@/app/api/institution/wecom-official-dry-run-config/route,runtime,cross_module_internal,institution,app,test,other,wecom,wecom,no,no,medium
src/modules/institution/tests/WeComOfficialDryRunConfigDomain.test.ts,,vitest,runtime,external_package,institution,vitest,test,external_package,wecom,,no,no,low
src/modules/institution/tests/WeComOfficialDryRunConfigDomain.test.ts,src/modules/institution/domain/wecom-official-dry-run-config.ts,@/modules/institution/domain/wecom-official-dry-run-config,runtime,institution_internal,institution,institution,test,domain,wecom,wecom,no,no,low
src/modules/institution/tests/WeComOfficialDryRunDomain.test.ts,,vitest,runtime,external_package,institution,vitest,test,external_package,wecom,,no,no,low
src/modules/institution/tests/WeComOfficialDryRunDomain.test.ts,src/modules/institution/domain/wecom-official-dry-run.ts,@/modules/institution/domain/wecom-official-dry-run,runtime,institution_internal,institution,institution,test,domain,wecom,wecom,no,no,low
src/modules/institution/tests/WeComOfficialInternalMessageProofApiRoute.test.ts,,node:fs,runtime,external_package,institution,node:fs,test,external_package,wecom,,no,no,low
src/modules/institution/tests/WeComOfficialInternalMessageProofApiRoute.test.ts,,node:path,runtime,external_package,institution,node:path,test,external_package,wecom,,no,no,low
src/modules/institution/tests/WeComOfficialInternalMessageProofApiRoute.test.ts,,vitest,runtime,external_package,institution,vitest,test,external_package,wecom,,no,no,low
src/modules/institution/tests/WeComOfficialInternalMessageProofApiRoute.test.ts,src/app/api/institution/wecom-official-internal-message-proof/route.ts,@/app/api/institution/wecom-official-internal-message-proof/route,runtime,cross_module_internal,institution,app,test,other,wecom,wecom,no,no,medium
src/modules/institution/tests/WeComOfficialInternalMessageProofDomain.test.ts,,vitest,runtime,external_package,institution,vitest,test,external_package,wecom,,no,no,low
src/modules/institution/tests/WeComOfficialInternalMessageProofDomain.test.ts,src/modules/institution/domain/wecom-official-internal-message-proof.ts,@/modules/institution/domain/wecom-official-internal-message-proof,runtime,institution_internal,institution,institution,test,domain,wecom,wecom,no,no,low
src/modules/institution/tests/WeComOfficialSecretPrecheckApiRoute.test.ts,,node:fs,runtime,external_package,institution,node:fs,test,external_package,wecom,,no,no,low
src/modules/institution/tests/WeComOfficialSecretPrecheckApiRoute.test.ts,,node:path,runtime,external_package,institution,node:path,test,external_package,wecom,,no,no,low
src/modules/institution/tests/WeComOfficialSecretPrecheckApiRoute.test.ts,,vitest,runtime,external_package,institution,vitest,test,external_package,wecom,,no,no,low
src/modules/institution/tests/WeComOfficialSecretPrecheckApiRoute.test.ts,src/app/api/institution/wecom-official-secret-precheck/route.ts,@/app/api/institution/wecom-official-secret-precheck/route,runtime,cross_module_internal,institution,app,test,other,wecom,wecom,no,no,medium
src/modules/institution/tests/WeComOfficialSecretPrecheckDomain.test.ts,,vitest,runtime,external_package,institution,vitest,test,external_package,wecom,,no,no,low
src/modules/institution/tests/WeComOfficialSecretPrecheckDomain.test.ts,src/modules/institution/domain/wecom-official-secret-precheck.ts,@/modules/institution/domain/wecom-official-secret-precheck,runtime,institution_internal,institution,institution,test,domain,wecom,wecom,no,no,low
src/modules/institution/tests/WeComRealSendExecutionShellService.test.ts,,node:fs,runtime,external_package,institution,node:fs,test,external_package,wecom,,no,no,low
src/modules/institution/tests/WeComRealSendExecutionShellService.test.ts,,node:path,runtime,external_package,institution,node:path,test,external_package,wecom,,no,no,low
src/modules/institution/tests/WeComRealSendExecutionShellService.test.ts,,node:url,runtime,external_package,institution,node:url,test,external_package,wecom,,no,no,low
src/modules/institution/tests/WeComRealSendExecutionShellService.test.ts,,vitest,runtime,external_package,institution,vitest,test,external_package,wecom,,no,no,low
src/modules/institution/tests/WeComRealSendExecutionShellService.test.ts,src/modules/institution/domain/wecom-customer-broadcast-task-outcome.ts,@/modules/institution/domain/wecom-customer-broadcast-task-outcome,type,institution_internal,institution,institution,test,domain,wecom,wecom,no,no,low
src/modules/institution/tests/WeComRealSendExecutionShellService.test.ts,src/modules/institution/domain/wecom-customer-broadcast-task-provider.ts,@/modules/institution/domain/wecom-customer-broadcast-task-provider,runtime,institution_internal,institution,institution,test,domain,wecom,wecom,no,no,low
src/modules/institution/tests/WeComRealSendExecutionShellService.test.ts,src/modules/institution/server/wecom-customer-broadcast-task-mock-provider.ts,@/modules/institution/server/wecom-customer-broadcast-task-mock-provider,runtime,institution_internal,institution,institution,test,server_service,wecom,wecom,no,no,low
src/modules/institution/tests/WeComRealSendExecutionShellService.test.ts,src/modules/institution/server/wecom-customer-broadcast-task-outcome-repository.ts,@/modules/institution/server/wecom-customer-broadcast-task-outcome-repository,type,institution_internal,institution,institution,test,server_repository,wecom,wecom,no,no,low
src/modules/institution/tests/WeComRealSendExecutionShellService.test.ts,src/modules/institution/server/wecom-customer-broadcast-task-provider-runtime.ts,@/modules/institution/server/wecom-customer-broadcast-task-provider-runtime,runtime,institution_internal,institution,institution,test,server_service,wecom,wecom,no,no,low
src/modules/institution/tests/WeComRealSendExecutionShellService.test.ts,src/modules/institution/server/wecom-real-send-execution-shell-service.ts,@/modules/institution/server/wecom-real-send-execution-shell-service,runtime,institution_internal,institution,institution,test,server_service,wecom,wecom,no,no,low
src/modules/institution/tests/WeComRealSendExecutionShellService.test.ts,src/modules/institution/server/wecom-real-send-proof-repository.ts,@/modules/institution/server/wecom-real-send-proof-repository,type,institution_internal,institution,institution,test,server_repository,wecom,wecom,no,no,low
src/modules/institution/tests/WeComRealSendExecutionShellService.test.ts,src/modules/institution/server/wecom-real-send-proof-service.ts,@/modules/institution/server/wecom-real-send-proof-service,type,institution_internal,institution,institution,test,server_service,wecom,wecom,no,no,low
src/modules/institution/tests/WeComRealSendExecutionShellService.test.ts,src/modules/security/domain/access-control.ts,@/modules/security/domain/access-control,type,cross_module_internal,institution,security,test,domain,wecom,shared,no,no,medium
src/modules/institution/tests/WeComRealSendProofDomain.test.ts,,vitest,runtime,external_package,institution,vitest,test,external_package,wecom,,no,no,low
src/modules/institution/tests/WeComRealSendProofDomain.test.ts,src/modules/institution/domain/wecom-real-send-proof.ts,@/modules/institution/domain/wecom-real-send-proof,runtime,institution_internal,institution,institution,test,domain,wecom,wecom,no,no,low
src/modules/institution/tests/WeComRealSendProofRepository.test.ts,,drizzle-orm,type,external_package,institution,drizzle-orm,test,external_package,wecom,,no,no,low
src/modules/institution/tests/WeComRealSendProofRepository.test.ts,,drizzle-orm/pg-core,runtime,external_package,institution,drizzle-orm,test,external_package,wecom,,no,no,low
src/modules/institution/tests/WeComRealSendProofRepository.test.ts,,node:fs,runtime,external_package,institution,node:fs,test,external_package,wecom,,no,no,low
src/modules/institution/tests/WeComRealSendProofRepository.test.ts,,node:path,runtime,external_package,institution,node:path,test,external_package,wecom,,no,no,low
src/modules/institution/tests/WeComRealSendProofRepository.test.ts,,vitest,runtime,external_package,institution,vitest,test,external_package,wecom,,no,no,low
src/modules/institution/tests/WeComRealSendProofRepository.test.ts,src/modules/institution/server/wecom-real-send-proof-repository.ts,@/modules/institution/server/wecom-real-send-proof-repository,runtime,institution_internal,institution,institution,test,server_repository,wecom,wecom,no,no,low
src/modules/institution/tests/WeComRealSendProofRepository.test.ts,src/server/db/client.ts,@/server/db/client,type,cross_module_internal,institution,server,test,client,wecom,shared,no,no,medium
src/modules/institution/tests/WeComRealSendProofRepository.test.ts,src/server/db/schema.ts,@/server/db/schema,runtime,cross_module_internal,institution,server,test,server_service,wecom,shared,no,no,medium
src/modules/institution/tests/WeComRealSendProofService.test.ts,,node:fs,runtime,external_package,institution,node:fs,test,external_package,wecom,,no,no,low
src/modules/institution/tests/WeComRealSendProofService.test.ts,,node:path,runtime,external_package,institution,node:path,test,external_package,wecom,,no,no,low
src/modules/institution/tests/WeComRealSendProofService.test.ts,,vitest,runtime,external_package,institution,vitest,test,external_package,wecom,,no,no,low
src/modules/institution/tests/WeComRealSendProofService.test.ts,src/modules/institution/domain/wecom-real-send-proof.ts,@/modules/institution/domain/wecom-real-send-proof,runtime,institution_internal,institution,institution,test,domain,wecom,wecom,no,no,low
src/modules/institution/tests/WeComRealSendProofService.test.ts,src/modules/institution/server/wecom-real-send-proof-repository.ts,@/modules/institution/server/wecom-real-send-proof-repository,type,institution_internal,institution,institution,test,server_repository,wecom,wecom,no,no,low
src/modules/institution/tests/WeComRealSendProofService.test.ts,src/modules/institution/server/wecom-real-send-proof-service.ts,@/modules/institution/server/wecom-real-send-proof-service,runtime,institution_internal,institution,institution,test,server_service,wecom,wecom,no,no,low
src/modules/institution/tests/WeComRealSendProofService.test.ts,src/modules/security/domain/access-control.ts,@/modules/security/domain/access-control,type,cross_module_internal,institution,security,test,domain,wecom,shared,no,no,medium
src/modules/institution/view-models/wecom-customer-mapping-candidates-reader.ts,src/modules/institution/view-models/wecom-customer-mapping-candidates.ts,@/modules/institution/view-models/wecom-customer-mapping-candidates,runtime,institution_internal,institution,institution,other,other,wecom,wecom,no,no,low
src/modules/institution/view-models/wecom-customer-mapping-candidates.ts,src/modules/institution/domain/wecom-customer-mapping-review-actions.ts,@/modules/institution/domain/wecom-customer-mapping-review-actions,runtime,institution_internal,institution,institution,other,domain,wecom,wecom,no,no,low
src/modules/institution/view-models/wecom-customer-mapping-candidates.ts,src/modules/institution/domain/wecom-customer-mapping-review.ts,@/modules/institution/domain/wecom-customer-mapping-review,type,institution_internal,institution,institution,other,domain,wecom,wecom,no,no,low
src/modules/institution/view-models/wecom-external-contact-readonly-view-model.ts,src/modules/institution/domain/wecom-external-contact-readonly.ts,@/modules/institution/domain/wecom-external-contact-readonly,runtime,institution_internal,institution,institution,other,domain,wecom,wecom,no,no,low
src/modules/institution/view-models/wecom-external-contact-readonly-view-model.ts,src/modules/institution/domain/wecom-external-contact-readonly.ts,@/modules/institution/domain/wecom-external-contact-readonly,type,institution_internal,institution,institution,other,domain,wecom,wecom,no,no,low
src/modules/open-platform/domain/wecom-customer-data-governance.ts,src/modules/institution/domain/wecom-external-contact-readonly.ts,@/modules/institution/domain/wecom-external-contact-readonly,runtime,cross_module_internal,open-platform,institution,domain,domain,wecom,wecom,no,no,medium
src/modules/open-platform/domain/wecom-customer-data-governance.ts,src/modules/institution/domain/wecom-external-contact-readonly.ts,@/modules/institution/domain/wecom-external-contact-readonly,type,cross_module_internal,open-platform,institution,domain,domain,wecom,wecom,no,no,medium
src/modules/open-platform/server/package-ai-quota-readonly.ts,src/modules/institution/domain/package-ai-quota-contract.ts,@/modules/institution/domain/package-ai-quota-contract,runtime,cross_module_internal,open-platform,institution,server_service,domain,entitlement,entitlement,no,no,medium
src/modules/open-platform/server/platform-knowledge-document-parsing-service.ts,src/modules/institution/server/knowledge-quota-usage-service.ts,@/modules/institution/server/knowledge-quota-usage-service,runtime,cross_module_internal,open-platform,institution,server_service,server_service,knowledge,knowledge,no,no,medium
src/modules/open-platform/server/platform-knowledge-document-parsing-service.ts,src/modules/institution/server/tenant-quota-enforcement.ts,@/modules/institution/server/tenant-quota-enforcement,runtime,cross_module_internal,open-platform,institution,server_service,server_service,knowledge,entitlement,no,no,medium
src/modules/open-platform/server/platform-knowledge-indexing-job-service.ts,src/modules/institution/domain/quota-enforcement.ts,@/modules/institution/domain/quota-enforcement,type,cross_module_internal,open-platform,institution,server_service,domain,knowledge,entitlement,no,no,medium
src/modules/open-platform/server/platform-knowledge-indexing-job-service.ts,src/modules/institution/server/knowledge-quota-usage-service.ts,@/modules/institution/server/knowledge-quota-usage-service,runtime,cross_module_internal,open-platform,institution,server_service,server_service,knowledge,knowledge,no,no,medium
src/modules/open-platform/server/platform-knowledge-indexing-job-service.ts,src/modules/institution/server/tenant-quota-enforcement.ts,@/modules/institution/server/tenant-quota-enforcement,runtime,cross_module_internal,open-platform,institution,server_service,server_service,knowledge,entitlement,no,no,medium
src/modules/open-platform/tests/PlatformKnowledgeDocumentParsingService.test.ts,src/modules/institution/server/institution-knowledge-file-parsing-service.ts,@/modules/institution/server/institution-knowledge-file-parsing-service,runtime,cross_module_internal,open-platform,institution,test,server_service,knowledge,knowledge,no,no,medium
src/modules/open-platform/tests/PlatformKnowledgeFileManagementService.test.ts,src/modules/institution/server/institution-knowledge-file-management-service.ts,@/modules/institution/server/institution-knowledge-file-management-service,runtime,cross_module_internal,open-platform,institution,test,server_service,knowledge,knowledge,no,no,medium
src/modules/open-platform/tests/TenantAccountManagementApiRoute.test.ts,src/modules/institution/server/tenant-quota-enforcement.ts,@/modules/institution/server/tenant-quota-enforcement,runtime,cross_module_internal,open-platform,institution,test,server_service,shared,entitlement,no,no,medium
src/modules/open-platform/tests/TenantPlanBindingApiRoute.test.ts,src/modules/institution/domain/quota-enforcement.ts,@/modules/institution/domain/quota-enforcement,runtime,cross_module_internal,open-platform,institution,test,domain,shared,entitlement,no,no,medium
src/modules/workspace/components/InstitutionWorkspace.tsx,src/modules/institution/client/tenant-business-client.ts,@/modules/institution/client/tenant-business-client,runtime,cross_module_internal,workspace,institution,component,client,shared,shared,no,no,medium
src/modules/workspace/components/InstitutionWorkspace.tsx,src/modules/institution/components/AppointmentCenterShell.tsx,@/modules/institution/components/AppointmentCenterShell,runtime,cross_module_internal,workspace,institution,component,component,shared,appointment,no,no,medium
src/modules/workspace/components/InstitutionWorkspace.tsx,src/modules/institution/components/CustomerCenterShell.tsx,@/modules/institution/components/CustomerCenterShell,runtime,cross_module_internal,workspace,institution,component,component,shared,customer,no,no,medium
src/modules/workspace/components/InstitutionWorkspace.tsx,src/modules/institution/components/HisConnectionReadOnlyPanel.tsx,@/modules/institution/components/HisConnectionReadOnlyPanel,runtime,cross_module_internal,workspace,institution,component,component,shared,his,no,no,medium
src/modules/workspace/components/InstitutionWorkspace.tsx,src/modules/institution/components/InstitutionAiServiceUsageShell.tsx,@/modules/institution/components/InstitutionAiServiceUsageShell,runtime,cross_module_internal,workspace,institution,component,component,shared,entitlement,no,no,medium
src/modules/workspace/components/InstitutionWorkspace.tsx,src/modules/institution/components/InstitutionAuditEventsShell.tsx,@/modules/institution/components/InstitutionAuditEventsShell,runtime,cross_module_internal,workspace,institution,component,component,shared,audit,no,no,medium
src/modules/workspace/components/InstitutionWorkspace.tsx,src/modules/institution/components/InstitutionKnowledgeReadonlyShell.tsx,@/modules/institution/components/InstitutionKnowledgeReadonlyShell,runtime,cross_module_internal,workspace,institution,component,component,shared,knowledge,no,no,medium
src/modules/workspace/components/InstitutionWorkspace.tsx,src/modules/institution/components/InstitutionPageState.tsx,@/modules/institution/components/InstitutionPageState,runtime,cross_module_internal,workspace,institution,component,component,shared,shared,no,no,medium
src/modules/workspace/components/InstitutionWorkspace.tsx,src/modules/institution/components/OpportunityPoolShell.tsx,@/modules/institution/components/OpportunityPoolShell,runtime,cross_module_internal,workspace,institution,component,component,shared,opportunity,no,no,medium
src/modules/workspace/components/InstitutionWorkspace.tsx,src/modules/institution/components/SmartFollowUpShell.tsx,@/modules/institution/components/SmartFollowUpShell,runtime,cross_module_internal,workspace,institution,component,component,shared,followup,no,no,medium
src/modules/workspace/components/InstitutionWorkspace.tsx,src/modules/institution/components/TreatmentSummaryManagementShell.tsx,@/modules/institution/components/TreatmentSummaryManagementShell,runtime,cross_module_internal,workspace,institution,component,component,shared,treatment,no,no,medium
src/modules/workspace/components/InstitutionWorkspace.tsx,src/modules/institution/components/WeComCustomerMappingCandidatesReadonlyPanel.tsx,@/modules/institution/components/WeComCustomerMappingCandidatesReadonlyPanel,runtime,cross_module_internal,workspace,institution,component,component,shared,wecom,no,no,medium
src/modules/workspace/components/InstitutionWorkspace.tsx,src/modules/institution/components/WeComExternalContactReadonlyPanel.tsx,@/modules/institution/components/WeComExternalContactReadonlyPanel,runtime,cross_module_internal,workspace,institution,component,component,shared,wecom,no,no,medium
src/modules/workspace/domain/institution-dashboard-view-models.ts,src/modules/institution/domain/appointment-records.ts,@/modules/institution/domain/appointment-records,type,cross_module_internal,workspace,institution,domain,domain,dashboard,appointment,no,no,medium
src/modules/workspace/domain/institution-dashboard-view-models.ts,src/modules/institution/domain/customer-records.ts,@/modules/institution/domain/customer-records,type,cross_module_internal,workspace,institution,domain,domain,dashboard,customer,no,no,medium
src/modules/workspace/domain/institution-dashboard-view-models.ts,src/modules/institution/domain/followup-workflow.ts,@/modules/institution/domain/followup-workflow,type,cross_module_internal,workspace,institution,domain,domain,dashboard,followup,no,no,medium
src/modules/workspace/domain/institution-dashboard-view-models.ts,src/modules/institution/domain/tenant-business-view-models.ts,@/modules/institution/domain/tenant-business-view-models,runtime,cross_module_internal,workspace,institution,domain,domain,dashboard,ai,no,no,medium
src/modules/workspace/tests/V1BusinessClosedLoopReadonly.test.ts,src/modules/institution/domain/treatment-followup-suggestions.ts,@/modules/institution/domain/treatment-followup-suggestions,runtime,cross_module_internal,workspace,institution,test,domain,shared,followup,no,no,medium
src/modules/workspace/tests/WorkspaceDashboardDomain.test.ts,src/modules/institution/domain/appointment-records.ts,@/modules/institution/domain/appointment-records,type,cross_module_internal,workspace,institution,test,domain,dashboard,appointment,no,no,medium
src/modules/workspace/tests/WorkspaceDashboardDomain.test.ts,src/modules/institution/domain/customer-records.ts,@/modules/institution/domain/customer-records,type,cross_module_internal,workspace,institution,test,domain,dashboard,customer,no,no,medium
src/modules/workspace/tests/WorkspaceDashboardDomain.test.ts,src/modules/institution/domain/followup-workflow.ts,@/modules/institution/domain/followup-workflow,type,cross_module_internal,workspace,institution,test,domain,dashboard,followup,no,no,medium
src/modules/workspace/tests/WorkspaceEntryPages.test.tsx,src/modules/institution/domain/appointment-records.ts,@/modules/institution/domain/appointment-records,type,cross_module_internal,workspace,institution,test,domain,shared,appointment,no,no,medium
src/modules/workspace/tests/WorkspaceEntryPages.test.tsx,src/modules/institution/domain/customer-records.ts,@/modules/institution/domain/customer-records,type,cross_module_internal,workspace,institution,test,domain,shared,customer,no,no,medium
src/modules/workspace/tests/WorkspaceEntryPages.test.tsx,src/modules/institution/domain/customer-timeline.ts,@/modules/institution/domain/customer-timeline,runtime,cross_module_internal,workspace,institution,test,domain,shared,customer,no,no,medium
src/modules/workspace/tests/WorkspaceEntryPages.test.tsx,src/modules/institution/domain/followup-workflow.ts,@/modules/institution/domain/followup-workflow,type,cross_module_internal,workspace,institution,test,domain,shared,followup,no,no,medium
src/modules/workspace/tests/WorkspaceEntryPages.test.tsx,src/modules/institution/domain/treatment-summaries.ts,@/modules/institution/domain/treatment-summaries,runtime,cross_module_internal,workspace,institution,test,domain,shared,treatment,no,no,medium
src/server/db/schema.ts,src/modules/institution/domain/treatment-summaries.ts,@/modules/institution/domain/treatment-summaries,type,cross_module_internal,server,institution,server_service,domain,shared,treatment,no,no,medium
src/server/db/schema.ts,src/modules/institution/server/his-connection-credential-provider-failure.ts,@/modules/institution/server/his-connection-credential-provider-failure,type,cross_module_internal,server,institution,server_service,server_service,shared,his,no,no,medium
