original_path,current_path,role,owner,loc,import_count,inbound_consumer_count,test_consumer_count,cross_module_outbound_count,cross_module_inbound_count,reverse_dependency_count,cycle_member,runtime_boundary_tokens,governance_category,classification_reason,recommended_action,stable_entry_suggestion
src/modules/institution/client/institution-ai-service-usage-client.ts,src/modules/institution/client/institution-ai-service-usage-client.ts,client,entitlement,224,0,1,0,0,0,0,no,,keep_current,client_managed_in_place,keep_current_until_dedicated_ui_or_test_governance,src/modules/institution/entitlement/index.ts
src/modules/institution/client/tenant-business-client.ts,src/modules/institution/client/tenant-business-client.ts,client,shared,1287,13,18,9,0,1,0,no,environment,keep_current,client_managed_in_place,keep_current_until_dedicated_ui_or_test_governance,src/modules/institution/shared/index.ts
src/modules/institution/client/trusted-reachout-safety-client.ts,src/modules/institution/client/trusted-reachout-safety-client.ts,client,shared,138,1,2,1,0,0,0,no,,keep_current,client_managed_in_place,keep_current_until_dedicated_ui_or_test_governance,src/modules/institution/shared/index.ts
src/modules/institution/client/wecom-customer-mapping-client.ts,src/modules/institution/client/wecom-customer-mapping-client.ts,client,wecom,215,2,2,1,0,0,0,no,,keep_current,client_managed_in_place,keep_current_until_dedicated_ui_or_test_governance,src/modules/institution/wecom/index.ts
src/modules/institution/client/wecom-customer-mapping-review-actions-client.ts,src/modules/institution/client/wecom-customer-mapping-review-actions-client.ts,client,wecom,390,2,2,1,0,0,0,no,,keep_current,client_managed_in_place,keep_current_until_dedicated_ui_or_test_governance,src/modules/institution/wecom/index.ts
src/modules/institution/components/AiConversationWorkbenchShell.tsx,src/modules/institution/components/AiConversationWorkbenchShell.tsx,component,conversation,1016,6,1,1,1,0,0,no,react；external_channel,keep_current,component_managed_in_place,keep_current_until_dedicated_ui_or_test_governance,src/modules/institution/conversation/index.ts
src/modules/institution/components/AppointmentCenterShell.tsx,src/modules/institution/components/AppointmentCenterShell.tsx,component,appointment,604,8,3,2,0,1,0,no,react,keep_current,component_managed_in_place,keep_current_until_dedicated_ui_or_test_governance,src/modules/institution/appointment/index.ts
src/modules/institution/components/CustomerCenterShell.tsx,src/modules/institution/components/CustomerCenterShell.tsx,component,customer,1474,11,3,2,1,1,0,no,react；browser_runtime,keep_current,component_managed_in_place,keep_current_until_dedicated_ui_or_test_governance,src/modules/institution/customer/index.ts
src/modules/institution/components/CustomerTimelineDrawer.tsx,src/modules/institution/components/CustomerTimelineDrawer.tsx,component,customer,1650,10,2,1,0,0,0,no,environment；network；react,keep_current,component_managed_in_place,keep_current_until_dedicated_ui_or_test_governance,src/modules/institution/customer/index.ts
src/modules/institution/components/HisConnectionReadOnlyPanel.tsx,src/modules/institution/components/HisConnectionReadOnlyPanel.tsx,component,his,581,5,2,1,1,1,0,no,network；react,keep_current,component_managed_in_place,keep_current_until_dedicated_ui_or_test_governance,src/modules/institution/his/index.ts
src/modules/institution/components/InstitutionAiServiceUsageShell.tsx,src/modules/institution/components/InstitutionAiServiceUsageShell.tsx,component,entitlement,464,6,2,1,1,1,0,no,react,keep_current,component_managed_in_place,keep_current_until_dedicated_ui_or_test_governance,src/modules/institution/entitlement/index.ts
src/modules/institution/components/InstitutionAuditEventsShell.tsx,src/modules/institution/components/InstitutionAuditEventsShell.tsx,component,audit,558,7,2,1,3,1,0,no,react,keep_current,component_managed_in_place,keep_current_until_dedicated_ui_or_test_governance,src/modules/institution/audit/index.ts
src/modules/institution/components/InstitutionCapabilityOffPage.tsx,src/modules/institution/components/InstitutionCapabilityOffPage.tsx,component,shared,182,4,2,1,2,1,0,no,,keep_current,component_managed_in_place,keep_current_until_dedicated_ui_or_test_governance,src/modules/institution/shared/index.ts
src/modules/institution/components/InstitutionKnowledgeBaseCardPanel.tsx,src/modules/institution/components/InstitutionKnowledgeBaseCardPanel.tsx,component,knowledge,1587,5,2,1,1,0,0,no,network；react；browser_runtime,keep_current,component_managed_in_place,keep_current_until_dedicated_ui_or_test_governance,src/modules/institution/knowledge/index.ts
src/modules/institution/components/InstitutionKnowledgeReadonlyShell.tsx,src/modules/institution/components/InstitutionKnowledgeReadonlyShell.tsx,component,knowledge,2334,8,2,1,2,1,0,no,network；react；browser_runtime,keep_current,component_managed_in_place,keep_current_until_dedicated_ui_or_test_governance,src/modules/institution/knowledge/index.ts
src/modules/institution/components/InstitutionNavigationShell.tsx,src/modules/institution/components/InstitutionNavigationShell.tsx,component,shared,341,5,3,1,2,2,0,no,react；browser_runtime,keep_current,component_managed_in_place,keep_current_until_dedicated_ui_or_test_governance,src/modules/institution/shared/index.ts
src/modules/institution/components/InstitutionPageState.tsx,src/modules/institution/components/InstitutionPageState.tsx,component,shared,162,5,14,1,1,2,0,no,react,keep_current,component_managed_in_place,keep_current_until_dedicated_ui_or_test_governance,src/modules/institution/shared/index.ts
src/modules/institution/components/InstitutionSectionHeader.tsx,src/modules/institution/components/InstitutionSectionHeader.tsx,component,shared,48,2,9,1,1,0,0,no,react,keep_current,component_managed_in_place,keep_current_until_dedicated_ui_or_test_governance,src/modules/institution/shared/index.ts
src/modules/institution/components/OpportunityPoolShell.tsx,src/modules/institution/components/OpportunityPoolShell.tsx,component,opportunity,28,0,2,1,0,1,0,no,react,keep_current,component_managed_in_place,keep_current_until_dedicated_ui_or_test_governance,src/modules/institution/opportunity/index.ts
src/modules/institution/components/SmartFollowUpShell.tsx,src/modules/institution/components/SmartFollowUpShell.tsx,component,followup,1472,15,4,3,0,1,0,no,react,keep_current,component_managed_in_place,keep_current_until_dedicated_ui_or_test_governance,src/modules/institution/followup/index.ts
src/modules/institution/components/TreatmentSummaryManagementShell.tsx,src/modules/institution/components/TreatmentSummaryManagementShell.tsx,component,treatment,1563,10,2,1,1,1,0,no,environment；react,keep_current,component_managed_in_place,keep_current_until_dedicated_ui_or_test_governance,src/modules/institution/treatment/index.ts
src/modules/institution/components/TrustedReachOutSafetyPanel.tsx,src/modules/institution/components/TrustedReachOutSafetyPanel.tsx,component,shared,92,3,2,1,0,0,0,no,network；react,keep_current,component_managed_in_place,keep_current_until_dedicated_ui_or_test_governance,src/modules/institution/shared/index.ts
src/modules/institution/components/WeComCustomerMappingCandidatesReadonlyPanel.tsx,src/modules/institution/components/WeComCustomerMappingCandidatesReadonlyPanel.tsx,component,wecom,681,5,2,1,0,1,0,no,network；react,keep_current,component_managed_in_place,keep_current_until_dedicated_ui_or_test_governance,src/modules/institution/wecom/index.ts
src/modules/institution/components/WeComCustomerMappingPanel.tsx,src/modules/institution/components/WeComCustomerMappingPanel.tsx,component,wecom,265,5,2,1,0,0,0,no,network；react,keep_current,component_managed_in_place,keep_current_until_dedicated_ui_or_test_governance,src/modules/institution/wecom/index.ts
src/modules/institution/components/WeComExternalContactReadonlyPanel.tsx,src/modules/institution/components/WeComExternalContactReadonlyPanel.tsx,component,wecom,463,5,2,1,0,1,0,no,network；react,keep_current,component_managed_in_place,keep_current_until_dedicated_ui_or_test_governance,src/modules/institution/wecom/index.ts
src/modules/institution/domain/ai-auto-strategy.ts,src/modules/institution/domain/ai-auto-strategy.ts,domain,ai,594,3,4,1,2,0,0,yes,environment；external_channel,protected_boundary,runtime_boundary:environment；external_channel；cross_module_outbound；cycle_member,change_only_under_separate_runtime_or_dependency_review,src/modules/institution/domain/ai/index.ts
src/modules/institution/domain/ai-conversation-workbench.ts,src/modules/institution/domain/ai-conversation-workbench.ts,domain,ai,1383,7,4,1,1,0,0,yes,environment；network；external_channel,protected_boundary,runtime_boundary:environment；network；external_channel；cross_module_outbound；cycle_member,change_only_under_separate_runtime_or_dependency_review,src/modules/institution/domain/ai/index.ts
src/modules/institution/domain/ai-credits-metering.ts,src/modules/institution/domain/ai-credits-metering.ts,domain,ai,277,0,5,2,0,0,0,no,,migrate_candidate,owned_core_file_without_runtime_or_dependency_hazard,future_single_file_pilot_after_separate_authorization,src/modules/institution/domain/ai/index.ts
src/modules/institution/domain/appointment-records.ts,src/modules/institution/domain/appointment-records.ts,domain,appointment,53,2,13,5,2,3,0,no,,protected_boundary,cross_module_outbound；cross_module_inbound,change_only_under_separate_runtime_or_dependency_review,src/modules/institution/domain/appointment/index.ts
src/modules/institution/domain/appointments.ts,src/modules/institution/domain/appointment/appointments.ts,domain,appointment,24,0,1,1,0,0,0,no,,completed_pilot,completed_phase_23_pure_domain_pilot,preserve_traceability_and_rollback_path,src/modules/institution/domain/appointment/index.ts
src/modules/institution/domain/customer-import.ts,src/modules/institution/domain/customer-import.ts,domain,customer,31,1,4,1,0,0,0,no,,migrate_candidate,owned_core_file_without_runtime_or_dependency_hazard,future_single_file_pilot_after_separate_authorization,src/modules/institution/domain/customer/index.ts
src/modules/institution/domain/customer-records.ts,src/modules/institution/domain/customer-records.ts,domain,customer,104,2,25,10,2,3,0,no,,protected_boundary,cross_module_outbound；cross_module_inbound,change_only_under_separate_runtime_or_dependency_review,src/modules/institution/domain/customer/index.ts
src/modules/institution/domain/customer-timeline.ts,src/modules/institution/domain/customer-timeline.ts,domain,customer,275,7,6,3,2,1,0,no,,protected_boundary,cross_module_outbound；cross_module_inbound,change_only_under_separate_runtime_or_dependency_review,src/modules/institution/domain/customer/index.ts
src/modules/institution/domain/customers.ts,src/modules/institution/domain/customers.ts,domain,customer,31,0,1,1,0,0,0,no,,migrate_candidate,owned_core_file_without_runtime_or_dependency_hazard,future_single_file_pilot_after_separate_authorization,src/modules/institution/domain/customer/index.ts
src/modules/institution/domain/entitlement-usage-view.ts,src/modules/institution/domain/entitlement-usage-view.ts,domain,entitlement,220,1,2,1,0,0,0,no,,migrate_candidate,owned_core_file_without_runtime_or_dependency_hazard,future_single_file_pilot_after_separate_authorization,src/modules/institution/domain/entitlement/index.ts
src/modules/institution/domain/followup-contact-safety.ts,src/modules/institution/domain/followup-contact-safety.ts,domain,followup,254,1,4,1,0,0,0,yes,,protected_boundary,cycle_member,change_only_under_separate_runtime_or_dependency_review,src/modules/institution/domain/followup/index.ts
src/modules/institution/domain/followup-customer-timeline.ts,src/modules/institution/domain/followup-customer-timeline.ts,domain,followup,132,1,7,1,0,0,0,no,,defer,many_consumers,revisit_after_open_platform_and_cross_module_phases,src/modules/institution/domain/followup/index.ts
src/modules/institution/domain/followup-message-deliveries.ts,src/modules/institution/domain/followup-message-deliveries.ts,domain,followup,545,7,14,4,0,0,0,yes,,protected_boundary,cycle_member,change_only_under_separate_runtime_or_dependency_review,src/modules/institution/domain/followup/index.ts
src/modules/institution/domain/followup-message-drafts.ts,src/modules/institution/domain/followup-message-drafts.ts,domain,followup,520,2,16,5,0,0,0,no,,defer,many_consumers,revisit_after_open_platform_and_cross_module_phases,src/modules/institution/domain/followup/index.ts
src/modules/institution/domain/followup-operations-dashboard.ts,src/modules/institution/domain/followup-operations-dashboard.ts,domain,followup,467,11,5,1,0,0,0,no,,defer,high_import_count,revisit_after_open_platform_and_cross_module_phases,src/modules/institution/domain/followup/index.ts
src/modules/institution/domain/followup-path-analysis.ts,src/modules/institution/domain/followup-path-analysis.ts,domain,followup,274,3,3,1,0,1,0,no,,protected_boundary,cross_module_inbound,change_only_under_separate_runtime_or_dependency_review,src/modules/institution/domain/followup/index.ts
src/modules/institution/domain/followup-path-enrollment.ts,src/modules/institution/domain/followup-path-enrollment.ts,domain,followup,296,3,7,2,0,0,0,no,,defer,many_consumers,revisit_after_open_platform_and_cross_module_phases,src/modules/institution/domain/followup/index.ts
src/modules/institution/domain/followup-workflow.ts,src/modules/institution/domain/followup-workflow.ts,domain,followup,112,2,30,6,2,3,0,no,,protected_boundary,cross_module_outbound；cross_module_inbound,change_only_under_separate_runtime_or_dependency_review,src/modules/institution/domain/followup/index.ts
src/modules/institution/domain/followups.ts,src/modules/institution/domain/followups.ts,domain,followup,27,0,2,1,0,0,0,no,,migrate_candidate,owned_core_file_without_runtime_or_dependency_hazard,future_single_file_pilot_after_separate_authorization,src/modules/institution/domain/followup/index.ts
src/modules/institution/domain/institution-knowledge-management.ts,src/modules/institution/domain/institution-knowledge-management.ts,domain,knowledge,125,2,6,1,2,0,1,no,,protected_boundary,cross_module_outbound；reverse_dependency,change_only_under_separate_runtime_or_dependency_review,src/modules/institution/domain/knowledge/index.ts
src/modules/institution/domain/opportunity-pool.ts,src/modules/institution/domain/opportunity-pool.ts,domain,opportunity,54,1,1,0,0,0,0,no,,migrate_candidate,owned_core_file_without_runtime_or_dependency_hazard,future_single_file_pilot_after_separate_authorization,src/modules/institution/domain/opportunity/index.ts
src/modules/institution/domain/package-ai-quota-contract.ts,src/modules/institution/domain/package-ai-quota-contract.ts,domain,entitlement,714,0,6,3,0,1,0,no,,protected_boundary,cross_module_inbound,change_only_under_separate_runtime_or_dependency_review,src/modules/institution/domain/entitlement/index.ts
src/modules/institution/domain/quota-enforcement.ts,src/modules/institution/domain/quota-enforcement.ts,domain,entitlement,323,0,9,3,0,3,0,no,,protected_boundary,cross_module_inbound,change_only_under_separate_runtime_or_dependency_review,src/modules/institution/domain/entitlement/index.ts
src/modules/institution/domain/real-channel-preflight.ts,src/modules/institution/domain/real-channel-preflight.ts,domain,shared,435,5,5,1,3,0,0,yes,external_channel,protected_boundary,runtime_boundary:external_channel；cross_module_outbound；cycle_member；shared_owner,change_only_under_separate_boundary_review,src/modules/institution/domain/shared/index.ts
src/modules/institution/domain/standard-treatment-event.ts,src/modules/institution/domain/standard-treatment-event.ts,domain,treatment,169,1,3,1,0,0,0,no,,migrate_candidate,owned_core_file_without_runtime_or_dependency_hazard,future_single_file_pilot_after_separate_authorization,src/modules/institution/domain/treatment/index.ts
src/modules/institution/domain/tenant-business-view-models.ts,src/modules/institution/domain/tenant-business-view-models.ts,domain,ai,183,3,7,1,0,1,0,no,,protected_boundary,cross_module_inbound,change_only_under_separate_runtime_or_dependency_review,src/modules/institution/domain/ai/index.ts
src/modules/institution/domain/treatment-followup-suggestions.ts,src/modules/institution/domain/treatment-followup-suggestions.ts,domain,followup,448,2,10,2,0,1,0,no,environment,protected_boundary,runtime_boundary:environment；cross_module_inbound,change_only_under_separate_runtime_or_dependency_review,src/modules/institution/domain/followup/index.ts
src/modules/institution/domain/treatment-path-templates.ts,src/modules/institution/domain/treatment-path-templates.ts,domain,treatment,482,1,9,1,0,0,0,no,,defer,many_consumers,revisit_after_open_platform_and_cross_module_phases,src/modules/institution/domain/treatment/index.ts
src/modules/institution/domain/treatment-summaries.ts,src/modules/institution/domain/treatment-summaries.ts,domain,treatment,159,1,21,7,0,2,0,no,,protected_boundary,cross_module_inbound,change_only_under_separate_runtime_or_dependency_review,src/modules/institution/domain/treatment/index.ts
src/modules/institution/domain/trusted-reachout-safety.ts,src/modules/institution/domain/trusted-reachout-safety.ts,domain,shared,94,0,7,1,0,0,0,no,,keep_current,shared_owner_requires_explicit_ownership_decision,keep_current_until_owner_is_resolved,src/modules/institution/domain/shared/index.ts
src/modules/institution/domain/wecom-authorization.ts,src/modules/institution/domain/wecom-authorization.ts,domain,wecom,372,0,16,6,0,0,0,no,,defer,many_consumers,revisit_after_open_platform_and_cross_module_phases,src/modules/institution/domain/wecom/index.ts
src/modules/institution/domain/wecom-controlled-reachout.ts,src/modules/institution/domain/wecom-controlled-reachout.ts,domain,wecom,336,7,5,1,1,0,2,no,external_channel,protected_boundary,runtime_boundary:external_channel；cross_module_outbound；reverse_dependency,change_only_under_separate_runtime_or_dependency_review,src/modules/institution/domain/wecom/index.ts
src/modules/institution/domain/wecom-customer-broadcast-task-outcome.ts,src/modules/institution/domain/wecom-customer-broadcast-task-outcome.ts,domain,wecom,283,0,4,2,0,0,0,no,,migrate_candidate,owned_core_file_without_runtime_or_dependency_hazard,future_single_file_pilot_after_separate_authorization,src/modules/institution/domain/wecom/index.ts
src/modules/institution/domain/wecom-customer-broadcast-task-provider.ts,src/modules/institution/domain/wecom-customer-broadcast-task-provider.ts,domain,wecom,88,0,6,2,0,0,0,no,,migrate_candidate,owned_core_file_without_runtime_or_dependency_hazard,future_single_file_pilot_after_separate_authorization,src/modules/institution/domain/wecom/index.ts
src/modules/institution/domain/wecom-customer-contact-precheck.ts,src/modules/institution/domain/wecom-customer-contact-precheck.ts,domain,wecom,71,0,4,2,0,0,0,no,external_channel,protected_boundary,runtime_boundary:external_channel,change_only_under_separate_runtime_or_dependency_review,src/modules/institution/domain/wecom/index.ts
src/modules/institution/domain/wecom-customer-contact-readonly-proof-mock.ts,src/modules/institution/domain/wecom-customer-contact-readonly-proof-mock.ts,domain,wecom,159,1,1,1,0,0,0,no,external_channel,protected_boundary,runtime_boundary:external_channel,change_only_under_separate_runtime_or_dependency_review,src/modules/institution/domain/wecom/index.ts
src/modules/institution/domain/wecom-customer-contact-readonly-proof.ts,src/modules/institution/domain/wecom-customer-contact-readonly-proof.ts,domain,wecom,325,0,2,1,0,0,0,no,environment；external_channel,protected_boundary,runtime_boundary:environment；external_channel,change_only_under_separate_runtime_or_dependency_review,src/modules/institution/domain/wecom/index.ts
src/modules/institution/domain/wecom-customer-contact.ts,src/modules/institution/domain/wecom-customer-contact.ts,domain,wecom,425,2,11,5,0,0,0,no,,defer,many_consumers,revisit_after_open_platform_and_cross_module_phases,src/modules/institution/domain/wecom/index.ts
src/modules/institution/domain/wecom-customer-mapping-review-actions.ts,src/modules/institution/domain/wecom-customer-mapping-review-actions.ts,domain,wecom,1114,2,8,3,0,1,0,no,external_channel,protected_boundary,runtime_boundary:external_channel；cross_module_inbound,change_only_under_separate_runtime_or_dependency_review,src/modules/institution/domain/wecom/index.ts
src/modules/institution/domain/wecom-customer-mapping-review.ts,src/modules/institution/domain/wecom-customer-mapping-review.ts,domain,wecom,5111,2,4,2,0,0,0,no,external_channel,protected_boundary,runtime_boundary:external_channel,change_only_under_separate_runtime_or_dependency_review,src/modules/institution/domain/wecom/index.ts
src/modules/institution/domain/wecom-customer-mapping.ts,src/modules/institution/domain/wecom-customer-mapping.ts,domain,wecom,112,0,5,1,0,0,0,no,,migrate_candidate,owned_core_file_without_runtime_or_dependency_hazard,future_single_file_pilot_after_separate_authorization,src/modules/institution/domain/wecom/index.ts
src/modules/institution/domain/wecom-external-contact-readonly.ts,src/modules/institution/domain/wecom-external-contact-readonly.ts,domain,wecom,647,0,6,2,0,2,0,no,,protected_boundary,cross_module_inbound,change_only_under_separate_runtime_or_dependency_review,src/modules/institution/domain/wecom/index.ts
src/modules/institution/domain/wecom-official-dry-run-config.ts,src/modules/institution/domain/wecom-official-dry-run-config.ts,domain,wecom,413,3,5,1,2,0,0,yes,environment；network；external_channel,protected_boundary,runtime_boundary:environment；network；external_channel；cross_module_outbound；cycle_member,change_only_under_separate_runtime_or_dependency_review,src/modules/institution/domain/wecom/index.ts
src/modules/institution/domain/wecom-official-dry-run.ts,src/modules/institution/domain/wecom-official-dry-run.ts,domain,wecom,426,4,2,1,2,0,0,yes,environment；external_channel,protected_boundary,runtime_boundary:environment；external_channel；cross_module_outbound；cycle_member,change_only_under_separate_runtime_or_dependency_review,src/modules/institution/domain/wecom/index.ts
src/modules/institution/domain/wecom-official-internal-message-proof.ts,src/modules/institution/domain/wecom-official-internal-message-proof.ts,domain,wecom,313,0,2,1,0,0,0,no,environment；external_channel,protected_boundary,runtime_boundary:environment；external_channel,change_only_under_separate_runtime_or_dependency_review,src/modules/institution/domain/wecom/index.ts
src/modules/institution/domain/wecom-official-secret-precheck.ts,src/modules/institution/domain/wecom-official-secret-precheck.ts,domain,wecom,244,0,2,1,0,0,0,no,environment；external_channel,protected_boundary,runtime_boundary:environment；external_channel,change_only_under_separate_runtime_or_dependency_review,src/modules/institution/domain/wecom/index.ts
src/modules/institution/domain/wecom-reachout-mock.ts,src/modules/institution/domain/wecom-reachout-mock.ts,domain,wecom,418,6,8,2,0,0,0,yes,,protected_boundary,cycle_member,change_only_under_separate_runtime_or_dependency_review,src/modules/institution/domain/wecom/index.ts
src/modules/institution/domain/wecom-real-send-proof.ts,src/modules/institution/domain/wecom-real-send-proof.ts,domain,wecom,371,2,5,2,1,0,0,no,external_channel,protected_boundary,runtime_boundary:external_channel；cross_module_outbound,change_only_under_separate_runtime_or_dependency_review,src/modules/institution/domain/wecom/index.ts
src/modules/institution/server/package-ai-quota-readonly-source.ts,src/modules/institution/entitlement/package-ai-quota-readonly-source.ts,server_service,entitlement,287,1,2,1,0,0,0,no,,completed_pilot,completed_phase_24_service_boundary_pilot,preserve_traceability_and_rollback_path,src/modules/institution/entitlement/index.ts
src/modules/institution/server/ai-credit-metering-rules-repository.ts,src/modules/institution/server/ai-credit-metering-rules-repository.ts,server_repository,ai,156,4,3,2,2,0,0,no,database,protected_boundary,server_repository；runtime_boundary:database；cross_module_outbound,change_only_under_separate_runtime_or_dependency_review,src/modules/institution/ai/index.ts
src/modules/institution/server/customer-import.ts,src/modules/institution/server/customer-import.ts,server_service,customer,144,3,2,2,0,0,0,no,,migrate_candidate,owned_core_file_without_runtime_or_dependency_hazard,future_single_file_pilot_after_separate_authorization,src/modules/institution/customer/index.ts
src/modules/institution/server/entitlement-usage-service.ts,src/modules/institution/server/entitlement-usage-service.ts,server_service,entitlement,118,3,1,0,1,1,0,no,database,protected_boundary,runtime_boundary:database；cross_module_outbound；cross_module_inbound,change_only_under_separate_runtime_or_dependency_review,src/modules/institution/entitlement/index.ts
src/modules/institution/server/follow-up-task-query-parser.ts,src/modules/institution/server/follow-up-task-query-parser.ts,server_service,followup,83,0,1,0,0,0,0,no,,migrate_candidate,owned_core_file_without_runtime_or_dependency_hazard,future_single_file_pilot_after_separate_authorization,src/modules/institution/followup/index.ts
src/modules/institution/server/followup-customer-timeline-service.ts,src/modules/institution/server/followup-customer-timeline-service.ts,server_service,followup,464,10,3,1,2,0,0,no,,protected_boundary,cross_module_outbound,change_only_under_separate_runtime_or_dependency_review,src/modules/institution/followup/index.ts
src/modules/institution/server/followup-message-draft-api.ts,src/modules/institution/server/followup-message-draft-api.ts,server_service,followup,110,3,0,0,2,0,0,no,next_runtime,protected_boundary,runtime_boundary:next_runtime；cross_module_outbound,change_only_under_separate_runtime_or_dependency_review,src/modules/institution/followup/index.ts
src/modules/institution/server/followup-message-draft-service.ts,src/modules/institution/server/followup-message-draft-service.ts,server_service,followup,505,8,1,1,4,0,0,no,,protected_boundary,cross_module_outbound,change_only_under_separate_runtime_or_dependency_review,src/modules/institution/followup/index.ts
src/modules/institution/server/followup-operations-dashboard-service.ts,src/modules/institution/server/followup-operations-dashboard-service.ts,server_service,followup,176,4,0,0,2,0,0,no,,protected_boundary,cross_module_outbound,change_only_under_separate_runtime_or_dependency_review,src/modules/institution/followup/index.ts
src/modules/institution/server/followup-path-analysis-service.ts,src/modules/institution/server/followup-path-analysis-service.ts,server_service,followup,77,5,0,0,1,0,0,no,,protected_boundary,cross_module_outbound,change_only_under_separate_runtime_or_dependency_review,src/modules/institution/followup/index.ts
src/modules/institution/server/followup-path-enrollment-service.ts,src/modules/institution/server/followup-path-enrollment-service.ts,server_service,followup,336,9,1,1,2,0,0,no,,protected_boundary,cross_module_outbound,change_only_under_separate_runtime_or_dependency_review,src/modules/institution/followup/index.ts
src/modules/institution/server/his-connection-credential-compensation-job-queue-repository.ts,src/modules/institution/server/his-connection-credential-compensation-job-queue-repository.ts,server_repository,his,848,5,3,2,2,0,0,no,database；environment,protected_boundary,server_repository；runtime_boundary:database；environment；cross_module_outbound,change_only_under_separate_runtime_or_dependency_review,src/modules/institution/his/index.ts
src/modules/institution/server/his-connection-credential-compensation-operation-repository.ts,src/modules/institution/server/his-connection-credential-compensation-operation-repository.ts,server_repository,his,630,5,3,2,2,0,0,no,database；environment,protected_boundary,server_repository；runtime_boundary:database；environment；cross_module_outbound,change_only_under_separate_runtime_or_dependency_review,src/modules/institution/his/index.ts
src/modules/institution/server/his-connection-credential-compensation-retry-policy.ts,src/modules/institution/server/his-connection-credential-compensation-retry-policy.ts,server_service,his,236,0,2,1,0,0,0,no,,migrate_candidate,owned_core_file_without_runtime_or_dependency_hazard,future_single_file_pilot_after_separate_authorization,src/modules/institution/his/index.ts
src/modules/institution/server/his-connection-credential-compensation-worker.ts,src/modules/institution/server/his-connection-credential-compensation-worker.ts,server_service,his,924,4,1,1,0,0,0,no,,defer,large_file,revisit_after_open_platform_and_cross_module_phases,src/modules/institution/his/index.ts
src/modules/institution/server/his-connection-credential-dto.ts,src/modules/institution/server/his-connection-credential-dto.ts,server_service,his,42,0,2,1,0,0,0,no,,migrate_candidate,owned_core_file_without_runtime_or_dependency_hazard,future_single_file_pilot_after_separate_authorization,src/modules/institution/his/index.ts
src/modules/institution/server/his-connection-credential-input.ts,src/modules/institution/server/his-connection-credential-input.ts,server_service,his,267,0,2,1,0,0,0,no,environment,protected_boundary,runtime_boundary:environment,change_only_under_separate_runtime_or_dependency_review,src/modules/institution/his/index.ts
src/modules/institution/server/his-connection-credential-provider-failure.ts,src/modules/institution/server/his-connection-credential-provider-failure.ts,server_service,his,329,1,6,2,0,1,0,no,environment,protected_boundary,runtime_boundary:environment；cross_module_inbound,change_only_under_separate_runtime_or_dependency_review,src/modules/institution/his/index.ts
src/modules/institution/server/his-connection-credential-service.ts,src/modules/institution/server/his-connection-credential-service.ts,server_service,his,426,9,1,1,4,0,0,no,database,protected_boundary,runtime_boundary:database；cross_module_outbound,change_only_under_separate_runtime_or_dependency_review,src/modules/institution/his/index.ts
src/modules/institution/server/his-connection-credential-storage.ts,src/modules/institution/server/his-connection-credential-storage.ts,server_service,his,305,1,3,2,0,0,0,no,environment,protected_boundary,runtime_boundary:environment,change_only_under_separate_runtime_or_dependency_review,src/modules/institution/his/index.ts
src/modules/institution/server/his-connection-repository.ts,src/modules/institution/server/his-connection-repository.ts,server_repository,his,982,4,10,5,2,0,0,no,database；environment,protected_boundary,server_repository；runtime_boundary:database；environment；cross_module_outbound,change_only_under_separate_runtime_or_dependency_review,src/modules/institution/his/index.ts
src/modules/institution/server/his-connection-status-service.ts,src/modules/institution/server/his-connection-status-service.ts,server_service,his,242,5,1,1,4,0,0,no,database,protected_boundary,runtime_boundary:database；cross_module_outbound,change_only_under_separate_runtime_or_dependency_review,src/modules/institution/his/index.ts
src/modules/institution/server/his-connection-test-connection-fake-provider.ts,src/modules/institution/server/his-connection-test-connection-fake-provider.ts,server_service,his,199,1,2,1,0,0,0,no,,migrate_candidate,owned_core_file_without_runtime_or_dependency_hazard,future_single_file_pilot_after_separate_authorization,src/modules/institution/his/index.ts
src/modules/institution/server/his-connection-test-connection-service.ts,src/modules/institution/server/his-connection-test-connection-service.ts,server_service,his,344,6,1,1,4,0,0,no,database,protected_boundary,runtime_boundary:database；cross_module_outbound,change_only_under_separate_runtime_or_dependency_review,src/modules/institution/his/index.ts
src/modules/institution/server/his-connection-write-input.ts,src/modules/institution/server/his-connection-write-input.ts,server_service,his,210,0,3,2,0,0,0,no,environment,protected_boundary,runtime_boundary:environment,change_only_under_separate_runtime_or_dependency_review,src/modules/institution/his/index.ts
src/modules/institution/server/his-connection-write-service.ts,src/modules/institution/server/his-connection-write-service.ts,server_service,his,325,6,1,1,4,0,0,no,database,protected_boundary,runtime_boundary:database；cross_module_outbound,change_only_under_separate_runtime_or_dependency_review,src/modules/institution/his/index.ts
src/modules/institution/server/institution-ai-call-service.ts,src/modules/institution/server/institution-ai-call-service.ts,server_service,ai,1013,8,6,3,3,1,0,no,environment；network,protected_boundary,runtime_boundary:environment；network；cross_module_outbound；cross_module_inbound,change_only_under_separate_runtime_or_dependency_review,src/modules/institution/ai/index.ts
src/modules/institution/server/institution-ai-call-usage-repository.ts,src/modules/institution/server/institution-ai-call-usage-repository.ts,server_repository,entitlement,231,7,2,1,4,1,0,no,database,protected_boundary,server_repository；runtime_boundary:database；cross_module_outbound；cross_module_inbound,change_only_under_separate_runtime_or_dependency_review,src/modules/institution/entitlement/index.ts
src/modules/institution/server/institution-ai-service-usage.ts,src/modules/institution/server/institution-ai-service-usage.ts,server_service,entitlement,465,6,1,1,2,0,0,no,database,protected_boundary,runtime_boundary:database；cross_module_outbound,change_only_under_separate_runtime_or_dependency_review,src/modules/institution/entitlement/index.ts
src/modules/institution/server/institution-capability-status-evaluator.ts,src/modules/institution/server/institution-capability-status-evaluator.ts,server_service,shared,187,3,3,2,2,0,0,no,,protected_boundary,cross_module_outbound；shared_owner,change_only_under_separate_boundary_review,src/modules/institution/shared/index.ts
src/modules/institution/server/institution-capability-status-reader.ts,src/modules/institution/server/institution-capability-status-reader.ts,server_service,shared,416,5,2,2,3,0,0,no,,protected_boundary,cross_module_outbound；shared_owner,change_only_under_separate_boundary_review,src/modules/institution/shared/index.ts
src/modules/institution/server/institution-knowledge-file-management-service.ts,src/modules/institution/server/institution-knowledge-file-management-service.ts,server_service,knowledge,105,1,1,1,1,1,0,no,,protected_boundary,cross_module_outbound；cross_module_inbound,change_only_under_separate_runtime_or_dependency_review,src/modules/institution/knowledge/index.ts
src/modules/institution/server/institution-knowledge-file-parsing-service.ts,src/modules/institution/server/institution-knowledge-file-parsing-service.ts,server_service,knowledge,124,2,1,1,2,1,0,no,,protected_boundary,cross_module_outbound；cross_module_inbound,change_only_under_separate_runtime_or_dependency_review,src/modules/institution/knowledge/index.ts
src/modules/institution/server/institution-knowledge-keyword-search-service.ts,src/modules/institution/server/institution-knowledge-keyword-search-service.ts,server_service,knowledge,13,1,3,1,1,0,0,no,,protected_boundary,cross_module_outbound,change_only_under_separate_runtime_or_dependency_review,src/modules/institution/knowledge/index.ts
src/modules/institution/server/institution-knowledge-management-service.ts,src/modules/institution/server/institution-knowledge-management-service.ts,server_service,knowledge,314,3,2,2,1,0,0,no,,protected_boundary,cross_module_outbound,change_only_under_separate_runtime_or_dependency_review,src/modules/institution/knowledge/index.ts
src/modules/institution/server/institution-knowledge-qa-service.ts,src/modules/institution/server/institution-knowledge-qa-service.ts,server_service,knowledge,7,1,0,0,1,0,0,no,,protected_boundary,cross_module_outbound,change_only_under_separate_runtime_or_dependency_review,src/modules/institution/knowledge/index.ts
src/modules/institution/server/institution-knowledge-rag-answer-service.ts,src/modules/institution/server/institution-knowledge-rag-answer-service.ts,server_service,knowledge,522,5,1,1,2,0,0,no,,protected_boundary,cross_module_outbound,change_only_under_separate_runtime_or_dependency_review,src/modules/institution/knowledge/index.ts
src/modules/institution/server/institution-knowledge-upload-service.ts,src/modules/institution/server/institution-knowledge-upload-service.ts,server_service,knowledge,426,8,1,1,5,0,0,no,database；browser_runtime,protected_boundary,runtime_boundary:database；browser_runtime；cross_module_outbound,change_only_under_separate_runtime_or_dependency_review,src/modules/institution/knowledge/index.ts
src/modules/institution/server/institution-knowledge-vector-search-service.ts,src/modules/institution/server/institution-knowledge-vector-search-service.ts,server_service,knowledge,21,1,0,0,1,0,0,no,,protected_boundary,cross_module_outbound,change_only_under_separate_runtime_or_dependency_review,src/modules/institution/knowledge/index.ts
src/modules/institution/server/institution-knowledge-write-repository.ts,src/modules/institution/server/institution-knowledge-write-repository.ts,server_repository,knowledge,299,5,2,1,3,0,0,no,database；browser_runtime,protected_boundary,server_repository；runtime_boundary:database；browser_runtime；cross_module_outbound,change_only_under_separate_runtime_or_dependency_review,src/modules/institution/knowledge/index.ts
src/modules/institution/server/institution-rag-answer-provider.ts,src/modules/institution/server/institution-rag-answer-provider.ts,server_service,ai,254,1,3,2,1,0,0,no,,protected_boundary,cross_module_outbound,change_only_under_separate_runtime_or_dependency_review,src/modules/institution/ai/index.ts
src/modules/institution/server/institution-server-runtime.ts,src/modules/institution/server/institution-server-runtime.ts,server_service,shared,428,12,5,2,10,4,0,no,database,protected_boundary,runtime_boundary:database；cross_module_outbound；cross_module_inbound；shared_owner,change_only_under_separate_boundary_review,src/modules/institution/shared/index.ts
src/modules/institution/server/knowledge-quota-usage-service.ts,src/modules/institution/server/knowledge-quota-usage-service.ts,server_service,knowledge,109,4,3,0,2,2,0,no,database,protected_boundary,runtime_boundary:database；cross_module_outbound；cross_module_inbound,change_only_under_separate_runtime_or_dependency_review,src/modules/institution/knowledge/index.ts
src/modules/institution/server/opportunity-pool-service.ts,src/modules/institution/server/opportunity-pool-service.ts,server_service,opportunity,67,2,0,0,0,0,0,no,,migrate_candidate,owned_core_file_without_runtime_or_dependency_hazard,future_single_file_pilot_after_separate_authorization,src/modules/institution/opportunity/index.ts
src/modules/institution/server/standard-treatment-event-mapper.ts,src/modules/institution/server/standard-treatment-event-mapper.ts,server_service,treatment,632,2,1,1,0,0,0,no,environment,protected_boundary,runtime_boundary:environment,change_only_under_separate_runtime_or_dependency_review,src/modules/institution/treatment/index.ts
src/modules/institution/server/strict-input-snapshot.ts,src/modules/institution/server/strict-input-snapshot.ts,server_service,shared,182,1,4,2,0,0,0,no,,keep_current,shared_owner_requires_explicit_ownership_decision,keep_current_until_owner_is_resolved,src/modules/institution/shared/index.ts
src/modules/institution/server/tenant-business-api.ts,src/modules/institution/server/tenant-business-api.ts,server_service,shared,275,5,1,1,3,0,0,no,next_runtime,protected_boundary,runtime_boundary:next_runtime；cross_module_outbound；shared_owner,change_only_under_separate_boundary_review,src/modules/institution/shared/index.ts
src/modules/institution/server/tenant-business-audit-transaction.ts,src/modules/institution/server/tenant-business-audit-transaction.ts,server_service,audit,28,3,0,0,2,0,0,no,database,protected_boundary,runtime_boundary:database；cross_module_outbound,change_only_under_separate_runtime_or_dependency_review,src/modules/institution/audit/index.ts
src/modules/institution/server/tenant-business-repository.ts,src/modules/institution/server/tenant-business-repository.ts,server_repository,shared,2284,16,17,3,2,0,0,no,database,protected_boundary,server_repository；runtime_boundary:database；cross_module_outbound；shared_owner,change_only_under_separate_boundary_review,src/modules/institution/shared/index.ts
src/modules/institution/server/tenant-business-write-input.ts,src/modules/institution/server/tenant-business-write-input.ts,server_service,shared,600,3,1,1,0,0,0,no,,keep_current,shared_owner_requires_explicit_ownership_decision,keep_current_until_owner_is_resolved,src/modules/institution/shared/index.ts
src/modules/institution/server/tenant-quota-enforcement.ts,src/modules/institution/server/tenant-quota-enforcement.ts,server_service,entitlement,470,5,7,2,3,4,0,no,database,protected_boundary,runtime_boundary:database；cross_module_outbound；cross_module_inbound,change_only_under_separate_runtime_or_dependency_review,src/modules/institution/entitlement/index.ts
src/modules/institution/server/treatment-followup-confirmation.ts,src/modules/institution/server/treatment-followup-confirmation.ts,server_service,followup,159,8,0,0,0,0,0,no,,migrate_candidate,owned_core_file_without_runtime_or_dependency_hazard,future_single_file_pilot_after_separate_authorization,src/modules/institution/followup/index.ts
src/modules/institution/server/treatment-followup-suggestions.ts,src/modules/institution/server/treatment-followup-suggestions.ts,server_service,followup,98,4,2,1,0,0,0,no,,migrate_candidate,owned_core_file_without_runtime_or_dependency_hazard,future_single_file_pilot_after_separate_authorization,src/modules/institution/followup/index.ts
src/modules/institution/server/treatment-summary-query-parser.ts,src/modules/institution/server/treatment-summary-query-parser.ts,server_service,treatment,244,2,3,2,0,0,0,no,environment,protected_boundary,runtime_boundary:environment,change_only_under_separate_runtime_or_dependency_review,src/modules/institution/treatment/index.ts
src/modules/institution/server/treatment-summary-repository.ts,src/modules/institution/server/treatment-summary-repository.ts,server_repository,treatment,540,5,4,1,2,0,0,no,database,protected_boundary,server_repository；runtime_boundary:database；cross_module_outbound,change_only_under_separate_runtime_or_dependency_review,src/modules/institution/treatment/index.ts
src/modules/institution/server/treatment-summary-write-input.ts,src/modules/institution/server/treatment-summary-write-input.ts,server_service,treatment,505,3,1,1,0,0,0,no,environment,protected_boundary,runtime_boundary:environment,change_only_under_separate_runtime_or_dependency_review,src/modules/institution/treatment/index.ts
src/modules/institution/server/trial-provisioning-service.ts,src/modules/institution/server/trial-provisioning-service.ts,server_service,shared,426,5,0,0,2,0,0,no,database,protected_boundary,runtime_boundary:database；cross_module_outbound；shared_owner,change_only_under_separate_boundary_review,src/modules/institution/shared/index.ts
src/modules/institution/server/trusted-reachout-safety-repository.ts,src/modules/institution/server/trusted-reachout-safety-repository.ts,server_repository,shared,341,6,9,3,2,0,0,no,database；external_channel,protected_boundary,server_repository；runtime_boundary:database；external_channel；cross_module_outbound；shared_owner,change_only_under_separate_boundary_review,src/modules/institution/shared/index.ts
src/modules/institution/server/trusted-reachout-safety-service.ts,src/modules/institution/server/trusted-reachout-safety-service.ts,server_service,shared,224,6,2,1,3,0,0,no,browser_runtime,protected_boundary,runtime_boundary:browser_runtime；cross_module_outbound；shared_owner,change_only_under_separate_boundary_review,src/modules/institution/shared/index.ts
src/modules/institution/server/trusted-reachout-safety-transaction.ts,src/modules/institution/server/trusted-reachout-safety-transaction.ts,server_service,shared,33,4,1,1,2,0,0,no,database,protected_boundary,runtime_boundary:database；cross_module_outbound；shared_owner,change_only_under_separate_boundary_review,src/modules/institution/shared/index.ts
src/modules/institution/server/wecom-controlled-reachout-service.ts,src/modules/institution/server/wecom-controlled-reachout-service.ts,server_service,wecom,405,9,1,1,2,0,0,no,,protected_boundary,cross_module_outbound,change_only_under_separate_runtime_or_dependency_review,src/modules/institution/wecom/index.ts
src/modules/institution/server/wecom-controlled-reachout-transaction.ts,src/modules/institution/server/wecom-controlled-reachout-transaction.ts,server_service,wecom,39,5,0,0,2,0,0,no,database,protected_boundary,runtime_boundary:database；cross_module_outbound,change_only_under_separate_runtime_or_dependency_review,src/modules/institution/wecom/index.ts
src/modules/institution/server/wecom-customer-broadcast-task-mock-provider.ts,src/modules/institution/server/wecom-customer-broadcast-task-mock-provider.ts,server_service,wecom,101,2,2,2,0,0,0,no,,migrate_candidate,owned_core_file_without_runtime_or_dependency_hazard,future_single_file_pilot_after_separate_authorization,src/modules/institution/wecom/index.ts
src/modules/institution/server/wecom-customer-broadcast-task-outcome-repository.ts,src/modules/institution/server/wecom-customer-broadcast-task-outcome-repository.ts,server_repository,wecom,290,4,4,2,2,0,0,no,database,protected_boundary,server_repository；runtime_boundary:database；cross_module_outbound,change_only_under_separate_runtime_or_dependency_review,src/modules/institution/wecom/index.ts
src/modules/institution/server/wecom-customer-broadcast-task-outcome-service.ts,src/modules/institution/server/wecom-customer-broadcast-task-outcome-service.ts,server_service,wecom,281,2,2,1,0,0,0,no,,migrate_candidate,owned_core_file_without_runtime_or_dependency_hazard,future_single_file_pilot_after_separate_authorization,src/modules/institution/wecom/index.ts
src/modules/institution/server/wecom-customer-broadcast-task-provider-contract.ts,src/modules/institution/server/wecom-customer-broadcast-task-provider-contract.ts,contract_types,wecom,61,1,3,1,0,0,1,no,,protected_boundary,reverse_dependency,change_only_under_separate_runtime_or_dependency_review,src/modules/institution/contracts/wecom/index.ts
src/modules/institution/server/wecom-customer-broadcast-task-provider-runtime.ts,src/modules/institution/server/wecom-customer-broadcast-task-provider-runtime.ts,server_service,wecom,114,1,3,2,0,0,0,no,,migrate_candidate,owned_core_file_without_runtime_or_dependency_hazard,future_single_file_pilot_after_separate_authorization,src/modules/institution/wecom/index.ts
src/modules/institution/server/wecom-customer-broadcast-task-recipient-resolver.ts,src/modules/institution/server/wecom-customer-broadcast-task-recipient-resolver.ts,server_service,wecom,224,3,1,1,2,0,0,no,database,protected_boundary,runtime_boundary:database；cross_module_outbound,change_only_under_separate_runtime_or_dependency_review,src/modules/institution/wecom/index.ts
src/modules/institution/server/wecom-customer-contact-precheck-runtime.ts,src/modules/institution/server/wecom-customer-contact-precheck-runtime.ts,server_service,wecom,29,1,1,1,0,0,0,no,environment；external_channel,protected_boundary,runtime_boundary:environment；external_channel,change_only_under_separate_runtime_or_dependency_review,src/modules/institution/wecom/index.ts
src/modules/institution/server/wecom-customer-contact-readonly-proof-runtime.ts,src/modules/institution/server/wecom-customer-contact-readonly-proof-runtime.ts,server_service,wecom,277,1,1,1,0,0,0,no,environment；network；external_channel,protected_boundary,runtime_boundary:environment；network；external_channel,change_only_under_separate_runtime_or_dependency_review,src/modules/institution/wecom/index.ts
src/modules/institution/server/wecom-customer-mapping-candidates-reader.ts,src/modules/institution/server/wecom-customer-mapping-candidates-reader.ts,server_service,wecom,380,3,2,0,0,1,0,no,,protected_boundary,cross_module_inbound,change_only_under_separate_runtime_or_dependency_review,src/modules/institution/wecom/index.ts
src/modules/institution/server/wecom-customer-mapping-repository.ts,src/modules/institution/server/wecom-customer-mapping-repository.ts,server_repository,wecom,163,4,7,2,2,0,0,no,database,protected_boundary,server_repository；runtime_boundary:database；cross_module_outbound,change_only_under_separate_runtime_or_dependency_review,src/modules/institution/wecom/index.ts
src/modules/institution/server/wecom-customer-mapping-review-action-default-runtime.ts,src/modules/institution/server/wecom-customer-mapping-review-action-default-runtime.ts,server_service,wecom,48,2,0,0,0,0,0,no,,migrate_candidate,owned_core_file_without_runtime_or_dependency_hazard,future_single_file_pilot_after_separate_authorization,src/modules/institution/wecom/index.ts
src/modules/institution/server/wecom-customer-mapping-review-action-mock-runtime.ts,src/modules/institution/server/wecom-customer-mapping-review-action-mock-runtime.ts,server_service,wecom,762,3,6,2,1,2,0,no,,protected_boundary,cross_module_outbound；cross_module_inbound,change_only_under_separate_runtime_or_dependency_review,src/modules/institution/wecom/index.ts
src/modules/institution/server/wecom-customer-mapping-service.ts,src/modules/institution/server/wecom-customer-mapping-service.ts,server_service,wecom,245,8,1,1,4,0,0,no,,protected_boundary,cross_module_outbound,change_only_under_separate_runtime_or_dependency_review,src/modules/institution/wecom/index.ts
src/modules/institution/server/wecom-customer-mapping-transaction.ts,src/modules/institution/server/wecom-customer-mapping-transaction.ts,server_service,wecom,33,4,0,0,2,0,0,no,database,protected_boundary,runtime_boundary:database；cross_module_outbound,change_only_under_separate_runtime_or_dependency_review,src/modules/institution/wecom/index.ts
src/modules/institution/server/wecom-dry-run-snapshot-service.ts,src/modules/institution/server/wecom-dry-run-snapshot-service.ts,server_service,wecom,132,5,1,1,3,0,0,no,external_channel,protected_boundary,runtime_boundary:external_channel；cross_module_outbound,change_only_under_separate_runtime_or_dependency_review,src/modules/institution/wecom/index.ts
src/modules/institution/server/wecom-official-internal-message-proof-runtime.ts,src/modules/institution/server/wecom-official-internal-message-proof-runtime.ts,server_service,wecom,121,1,0,0,0,0,0,no,environment；network；external_channel,protected_boundary,runtime_boundary:environment；network；external_channel,change_only_under_separate_runtime_or_dependency_review,src/modules/institution/wecom/index.ts
src/modules/institution/server/wecom-official-secret-precheck-runtime.ts,src/modules/institution/server/wecom-official-secret-precheck-runtime.ts,server_service,wecom,63,1,0,0,0,0,0,no,environment；network；external_channel,protected_boundary,runtime_boundary:environment；network；external_channel,change_only_under_separate_runtime_or_dependency_review,src/modules/institution/wecom/index.ts
src/modules/institution/server/wecom-real-send-execution-shell-service.ts,src/modules/institution/server/wecom-real-send-execution-shell-service.ts,server_service,wecom,442,9,1,1,1,0,0,no,,protected_boundary,cross_module_outbound,change_only_under_separate_runtime_or_dependency_review,src/modules/institution/wecom/index.ts
src/modules/institution/server/wecom-real-send-proof-repository.ts,src/modules/institution/server/wecom-real-send-proof-repository.ts,server_repository,wecom,523,7,5,3,3,0,0,no,database；external_channel,protected_boundary,server_repository；runtime_boundary:database；external_channel；cross_module_outbound,change_only_under_separate_runtime_or_dependency_review,src/modules/institution/wecom/index.ts
src/modules/institution/server/wecom-real-send-proof-service.ts,src/modules/institution/server/wecom-real-send-proof-service.ts,server_service,wecom,565,4,3,2,2,0,0,no,,protected_boundary,cross_module_outbound,change_only_under_separate_runtime_or_dependency_review,src/modules/institution/wecom/index.ts
src/modules/institution/tests/AiConversationWorkbench.test.tsx,src/modules/institution/tests/AiConversationWorkbench.test.tsx,test,conversation,763,5,0,0,0,0,0,no,environment；external_channel,keep_current,test_managed_in_place,keep_current_until_dedicated_ui_or_test_governance,src/modules/institution/conversation/index.ts
src/modules/institution/tests/AiCreditMeteringRulesRepository.test.ts,src/modules/institution/tests/AiCreditMeteringRulesRepository.test.ts,test,shared,285,5,0,0,2,0,0,no,database；network,keep_current,test_managed_in_place,keep_current_until_dedicated_ui_or_test_governance,src/modules/institution/shared/index.ts
src/modules/institution/tests/AiCreditsMetering.test.ts,src/modules/institution/tests/AiCreditsMetering.test.ts,test,shared,304,3,0,0,0,0,0,no,network,keep_current,test_managed_in_place,keep_current_until_dedicated_ui_or_test_governance,src/modules/institution/shared/index.ts
src/modules/institution/tests/CareMutationAccessibility.test.tsx,src/modules/institution/tests/CareMutationAccessibility.test.tsx,test,shared,308,7,0,0,0,0,0,no,browser_runtime,keep_current,test_managed_in_place,keep_current_until_dedicated_ui_or_test_governance,src/modules/institution/shared/index.ts
src/modules/institution/tests/CustomerCenterShellAccessibility.test.tsx,src/modules/institution/tests/CustomerCenterShellAccessibility.test.tsx,test,customer,184,3,0,0,0,0,0,no,environment,keep_current,test_managed_in_place,keep_current_until_dedicated_ui_or_test_governance,src/modules/institution/customer/index.ts
src/modules/institution/tests/CustomerFollowUpFeedbackApiRoute.test.ts,src/modules/institution/tests/CustomerFollowUpFeedbackApiRoute.test.ts,test,followup,164,4,0,0,1,0,0,no,database；network,keep_current,test_managed_in_place,keep_current_until_dedicated_ui_or_test_governance,src/modules/institution/followup/index.ts
src/modules/institution/tests/CustomerFollowUpOverviewApiRoute.test.ts,src/modules/institution/tests/CustomerFollowUpOverviewApiRoute.test.ts,test,followup,142,3,0,0,1,0,0,no,database；network,keep_current,test_managed_in_place,keep_current_until_dedicated_ui_or_test_governance,src/modules/institution/followup/index.ts
src/modules/institution/tests/CustomerFollowUpTimelineApiRoute.test.ts,src/modules/institution/tests/CustomerFollowUpTimelineApiRoute.test.ts,test,followup,140,3,0,0,1,0,0,no,database；network,keep_current,test_managed_in_place,keep_current_until_dedicated_ui_or_test_governance,src/modules/institution/followup/index.ts
src/modules/institution/tests/CustomerImportApiRoute.test.ts,src/modules/institution/tests/CustomerImportApiRoute.test.ts,test,customer,344,4,0,0,1,0,0,no,database；environment；network；next_runtime,keep_current,test_managed_in_place,keep_current_until_dedicated_ui_or_test_governance,src/modules/institution/customer/index.ts
src/modules/institution/tests/CustomerImportBoundary.test.ts,src/modules/institution/tests/CustomerImportBoundary.test.ts,test,customer,183,2,0,0,0,0,0,no,,keep_current,test_managed_in_place,keep_current_until_dedicated_ui_or_test_governance,src/modules/institution/customer/index.ts
src/modules/institution/tests/CustomerImportDomain.test.ts,src/modules/institution/tests/CustomerImportDomain.test.ts,test,customer,193,4,0,0,0,0,0,no,environment,keep_current,test_managed_in_place,keep_current_until_dedicated_ui_or_test_governance,src/modules/institution/customer/index.ts
src/modules/institution/tests/CustomerTimelineApiRoutes.test.ts,src/modules/institution/tests/CustomerTimelineApiRoutes.test.ts,test,customer,126,3,0,0,1,0,0,no,database；network,keep_current,test_managed_in_place,keep_current_until_dedicated_ui_or_test_governance,src/modules/institution/customer/index.ts
src/modules/institution/tests/CustomerTimelineDomain.test.ts,src/modules/institution/tests/CustomerTimelineDomain.test.ts,test,customer,394,6,0,0,0,0,0,no,environment,keep_current,test_managed_in_place,keep_current_until_dedicated_ui_or_test_governance,src/modules/institution/customer/index.ts
src/modules/institution/tests/CustomerTimelineDrawer.test.tsx,src/modules/institution/tests/CustomerTimelineDrawer.test.tsx,test,customer,234,4,0,0,0,0,0,no,environment,keep_current,test_managed_in_place,keep_current_until_dedicated_ui_or_test_governance,src/modules/institution/customer/index.ts
src/modules/institution/tests/DashboardStatsLegacyApiRoute.test.ts,src/modules/institution/tests/DashboardStatsLegacyApiRoute.test.ts,test,dashboard,186,6,0,0,3,0,0,no,database；network；next_runtime,keep_current,test_managed_in_place,keep_current_until_dedicated_ui_or_test_governance,src/modules/institution/dashboard/index.ts
src/modules/institution/tests/EntitlementUsageView.test.ts,src/modules/institution/tests/EntitlementUsageView.test.ts,test,entitlement,348,2,0,0,0,0,0,no,,keep_current,test_managed_in_place,keep_current_until_dedicated_ui_or_test_governance,src/modules/institution/entitlement/index.ts
src/modules/institution/tests/FollowUpContactSafetyDomain.test.ts,src/modules/institution/tests/FollowUpContactSafetyDomain.test.ts,test,followup,161,2,0,0,0,0,0,no,,keep_current,test_managed_in_place,keep_current_until_dedicated_ui_or_test_governance,src/modules/institution/followup/index.ts
src/modules/institution/tests/FollowUpCustomerTimelineDomain.test.ts,src/modules/institution/tests/FollowUpCustomerTimelineDomain.test.ts,test,followup,154,5,0,0,1,0,0,no,,keep_current,test_managed_in_place,keep_current_until_dedicated_ui_or_test_governance,src/modules/institution/followup/index.ts
src/modules/institution/tests/FollowUpMessageDeliveryDomain.test.ts,src/modules/institution/tests/FollowUpMessageDeliveryDomain.test.ts,test,followup,589,5,0,0,0,0,0,no,environment；external_channel,keep_current,test_managed_in_place,keep_current_until_dedicated_ui_or_test_governance,src/modules/institution/followup/index.ts
src/modules/institution/tests/FollowUpMessageDraftApiRoutes.test.ts,src/modules/institution/tests/FollowUpMessageDraftApiRoutes.test.ts,test,followup,333,9,0,0,6,0,0,no,database；network；next_runtime,keep_current,test_managed_in_place,keep_current_until_dedicated_ui_or_test_governance,src/modules/institution/followup/index.ts
src/modules/institution/tests/FollowUpMessageDraftDomain.test.ts,src/modules/institution/tests/FollowUpMessageDraftDomain.test.ts,test,followup,221,3,0,0,0,0,0,no,,keep_current,test_managed_in_place,keep_current_until_dedicated_ui_or_test_governance,src/modules/institution/followup/index.ts
src/modules/institution/tests/FollowUpMessageDraftService.test.ts,src/modules/institution/tests/FollowUpMessageDraftService.test.ts,test,followup,483,6,0,0,2,0,0,no,environment,keep_current,test_managed_in_place,keep_current_until_dedicated_ui_or_test_governance,src/modules/institution/followup/index.ts
src/modules/institution/tests/FollowUpOperationsDashboardApiRoutes.test.ts,src/modules/institution/tests/FollowUpOperationsDashboardApiRoutes.test.ts,test,followup,182,8,0,0,1,0,0,no,database；network；react；next_runtime,keep_current,test_managed_in_place,keep_current_until_dedicated_ui_or_test_governance,src/modules/institution/followup/index.ts
src/modules/institution/tests/FollowUpOperationsDashboardDomain.test.ts,src/modules/institution/tests/FollowUpOperationsDashboardDomain.test.ts,test,followup,465,4,0,0,0,0,0,no,environment,keep_current,test_managed_in_place,keep_current_until_dedicated_ui_or_test_governance,src/modules/institution/followup/index.ts
src/modules/institution/tests/FollowUpOperationsDashboardRepository.test.ts,src/modules/institution/tests/FollowUpOperationsDashboardRepository.test.ts,test,followup,143,4,0,0,2,0,0,no,database,keep_current,test_managed_in_place,keep_current_until_dedicated_ui_or_test_governance,src/modules/institution/followup/index.ts
src/modules/institution/tests/FollowUpPathAnalysis.test.ts,src/modules/institution/tests/FollowUpPathAnalysis.test.ts,test,followup,395,4,0,0,0,0,0,no,network,keep_current,test_managed_in_place,keep_current_until_dedicated_ui_or_test_governance,src/modules/institution/followup/index.ts
src/modules/institution/tests/FollowUpPathAnalysisApiRoutes.test.ts,src/modules/institution/tests/FollowUpPathAnalysisApiRoutes.test.ts,test,followup,131,4,0,0,1,0,0,no,database；network；next_runtime,keep_current,test_managed_in_place,keep_current_until_dedicated_ui_or_test_governance,src/modules/institution/followup/index.ts
src/modules/institution/tests/FollowUpPathEnrollmentApiRoutes.test.ts,src/modules/institution/tests/FollowUpPathEnrollmentApiRoutes.test.ts,test,followup,593,7,0,0,4,0,0,no,database；network,keep_current,test_managed_in_place,keep_current_until_dedicated_ui_or_test_governance,src/modules/institution/followup/index.ts
src/modules/institution/tests/FollowUpPathEnrollmentDomain.test.ts,src/modules/institution/tests/FollowUpPathEnrollmentDomain.test.ts,test,followup,238,3,0,0,0,0,0,no,,keep_current,test_managed_in_place,keep_current_until_dedicated_ui_or_test_governance,src/modules/institution/followup/index.ts
src/modules/institution/tests/FollowUpPathEnrollmentService.test.ts,src/modules/institution/tests/FollowUpPathEnrollmentService.test.ts,test,followup,306,5,0,0,1,0,0,no,,keep_current,test_managed_in_place,keep_current_until_dedicated_ui_or_test_governance,src/modules/institution/followup/index.ts
src/modules/institution/tests/HisConnectionApiRoutes.test.ts,src/modules/institution/tests/HisConnectionApiRoutes.test.ts,test,his,202,8,0,0,5,0,0,no,database；network；next_runtime,keep_current,test_managed_in_place,keep_current_until_dedicated_ui_or_test_governance,src/modules/institution/his/index.ts
src/modules/institution/tests/HisConnectionCredentialApiRoutes.test.ts,src/modules/institution/tests/HisConnectionCredentialApiRoutes.test.ts,test,his,275,7,0,0,4,0,0,no,database；network；next_runtime,keep_current,test_managed_in_place,keep_current_until_dedicated_ui_or_test_governance,src/modules/institution/his/index.ts
src/modules/institution/tests/HisConnectionCredentialCompensationJobQueueRepository.test.ts,src/modules/institution/tests/HisConnectionCredentialCompensationJobQueueRepository.test.ts,test,his,909,5,0,0,2,0,0,no,database；environment；browser_runtime,keep_current,test_managed_in_place,keep_current_until_dedicated_ui_or_test_governance,src/modules/institution/his/index.ts
src/modules/institution/tests/HisConnectionCredentialCompensationOperationRepository.test.ts,src/modules/institution/tests/HisConnectionCredentialCompensationOperationRepository.test.ts,test,his,911,5,0,0,2,0,0,no,database；environment；browser_runtime,keep_current,test_managed_in_place,keep_current_until_dedicated_ui_or_test_governance,src/modules/institution/his/index.ts
src/modules/institution/tests/HisConnectionCredentialCompensationRetryPolicy.test.ts,src/modules/institution/tests/HisConnectionCredentialCompensationRetryPolicy.test.ts,test,his,351,2,0,0,0,0,0,no,,keep_current,test_managed_in_place,keep_current_until_dedicated_ui_or_test_governance,src/modules/institution/his/index.ts
src/modules/institution/tests/HisConnectionCredentialCompensationWorker.test.ts,src/modules/institution/tests/HisConnectionCredentialCompensationWorker.test.ts,test,his,1706,5,0,0,0,0,0,no,database；environment；browser_runtime,keep_current,test_managed_in_place,keep_current_until_dedicated_ui_or_test_governance,src/modules/institution/his/index.ts
src/modules/institution/tests/HisConnectionCredentialInput.test.ts,src/modules/institution/tests/HisConnectionCredentialInput.test.ts,test,his,265,3,0,0,0,0,0,no,environment；browser_runtime,keep_current,test_managed_in_place,keep_current_until_dedicated_ui_or_test_governance,src/modules/institution/his/index.ts
src/modules/institution/tests/HisConnectionCredentialProviderFailure.test.ts,src/modules/institution/tests/HisConnectionCredentialProviderFailure.test.ts,test,his,277,3,0,0,0,0,0,no,environment,keep_current,test_managed_in_place,keep_current_until_dedicated_ui_or_test_governance,src/modules/institution/his/index.ts
src/modules/institution/tests/HisConnectionCredentialService.test.ts,src/modules/institution/tests/HisConnectionCredentialService.test.ts,test,his,696,8,0,0,3,0,0,no,database；environment；browser_runtime,keep_current,test_managed_in_place,keep_current_until_dedicated_ui_or_test_governance,src/modules/institution/his/index.ts
src/modules/institution/tests/HisConnectionCredentialStorage.test.ts,src/modules/institution/tests/HisConnectionCredentialStorage.test.ts,test,his,261,2,0,0,0,0,0,no,environment,keep_current,test_managed_in_place,keep_current_until_dedicated_ui_or_test_governance,src/modules/institution/his/index.ts
src/modules/institution/tests/HisConnectionReadOnlyPanel.test.tsx,src/modules/institution/tests/HisConnectionReadOnlyPanel.test.tsx,test,his,267,3,0,0,0,0,0,no,environment,keep_current,test_managed_in_place,keep_current_until_dedicated_ui_or_test_governance,src/modules/institution/his/index.ts
src/modules/institution/tests/HisConnectionRepository.test.ts,src/modules/institution/tests/HisConnectionRepository.test.ts,test,his,1737,6,0,0,2,0,0,no,database；environment,keep_current,test_managed_in_place,keep_current_until_dedicated_ui_or_test_governance,src/modules/institution/his/index.ts
src/modules/institution/tests/HisConnectionStatusService.test.ts,src/modules/institution/tests/HisConnectionStatusService.test.ts,test,his,500,8,0,0,3,0,0,no,database；environment；browser_runtime,keep_current,test_managed_in_place,keep_current_until_dedicated_ui_or_test_governance,src/modules/institution/his/index.ts
src/modules/institution/tests/HisConnectionTestConnectionApiRoute.test.ts,src/modules/institution/tests/HisConnectionTestConnectionApiRoute.test.ts,test,his,163,4,0,0,1,0,0,no,database；network；next_runtime,keep_current,test_managed_in_place,keep_current_until_dedicated_ui_or_test_governance,src/modules/institution/his/index.ts
src/modules/institution/tests/HisConnectionTestConnectionService.test.ts,src/modules/institution/tests/HisConnectionTestConnectionService.test.ts,test,his,583,7,0,0,3,0,0,no,database；environment；network,keep_current,test_managed_in_place,keep_current_until_dedicated_ui_or_test_governance,src/modules/institution/his/index.ts
src/modules/institution/tests/HisConnectionWriteInput.test.ts,src/modules/institution/tests/HisConnectionWriteInput.test.ts,test,his,335,2,0,0,0,0,0,no,environment；browser_runtime,keep_current,test_managed_in_place,keep_current_until_dedicated_ui_or_test_governance,src/modules/institution/his/index.ts
src/modules/institution/tests/HisConnectionWriteService.test.ts,src/modules/institution/tests/HisConnectionWriteService.test.ts,test,his,506,9,0,0,3,0,0,no,database；environment；browser_runtime,keep_current,test_managed_in_place,keep_current_until_dedicated_ui_or_test_governance,src/modules/institution/his/index.ts
src/modules/institution/tests/InstitutionAiCallApiRoute.test.ts,src/modules/institution/tests/InstitutionAiCallApiRoute.test.ts,test,shared,198,5,0,0,2,0,0,no,database；environment；network；next_runtime,keep_current,test_managed_in_place,keep_current_until_dedicated_ui_or_test_governance,src/modules/institution/shared/index.ts
src/modules/institution/tests/InstitutionAiCallCapabilityRoute.test.ts,src/modules/institution/tests/InstitutionAiCallCapabilityRoute.test.ts,test,shared,103,1,0,0,0,0,0,no,database；network,keep_current,test_managed_in_place,keep_current_until_dedicated_ui_or_test_governance,src/modules/institution/shared/index.ts
src/modules/institution/tests/InstitutionAiCallKeywordDerivation.test.ts,src/modules/institution/tests/InstitutionAiCallKeywordDerivation.test.ts,test,shared,43,2,0,0,0,0,0,no,,keep_current,test_managed_in_place,keep_current_until_dedicated_ui_or_test_governance,src/modules/institution/shared/index.ts
src/modules/institution/tests/InstitutionAiCallMeteringService.test.ts,src/modules/institution/tests/InstitutionAiCallMeteringService.test.ts,test,shared,388,4,0,0,0,0,0,no,network,keep_current,test_managed_in_place,keep_current_until_dedicated_ui_or_test_governance,src/modules/institution/shared/index.ts
src/modules/institution/tests/InstitutionAiCallService.test.ts,src/modules/institution/tests/InstitutionAiCallService.test.ts,test,shared,1155,3,0,0,0,0,0,no,environment；network,keep_current,test_managed_in_place,keep_current_until_dedicated_ui_or_test_governance,src/modules/institution/shared/index.ts
src/modules/institution/tests/InstitutionAiCallUsageRepository.test.ts,src/modules/institution/tests/InstitutionAiCallUsageRepository.test.ts,test,entitlement,259,7,0,0,2,0,0,no,database,keep_current,test_managed_in_place,keep_current_until_dedicated_ui_or_test_governance,src/modules/institution/entitlement/index.ts
src/modules/institution/tests/InstitutionAiModelsRoute.test.ts,src/modules/institution/tests/InstitutionAiModelsRoute.test.ts,test,ai,112,2,0,0,1,0,0,no,database；network,keep_current,test_managed_in_place,keep_current_until_dedicated_ui_or_test_governance,src/modules/institution/ai/index.ts
src/modules/institution/tests/InstitutionAiServiceUsageApiRoute.test.ts,src/modules/institution/tests/InstitutionAiServiceUsageApiRoute.test.ts,test,entitlement,181,5,0,0,1,0,0,no,database；network；react,keep_current,test_managed_in_place,keep_current_until_dedicated_ui_or_test_governance,src/modules/institution/entitlement/index.ts
src/modules/institution/tests/InstitutionAiServiceUsageService.test.ts,src/modules/institution/tests/InstitutionAiServiceUsageService.test.ts,test,entitlement,434,4,0,0,1,0,0,no,database,keep_current,test_managed_in_place,keep_current_until_dedicated_ui_or_test_governance,src/modules/institution/entitlement/index.ts
src/modules/institution/tests/InstitutionBusinessDomain.test.ts,src/modules/institution/tests/InstitutionBusinessDomain.test.ts,test,shared,35,4,0,0,0,0,0,no,,keep_current,test_managed_in_place,keep_current_until_dedicated_ui_or_test_governance,src/modules/institution/shared/index.ts
src/modules/institution/tests/InstitutionBusinessShells.test.tsx,src/modules/institution/tests/InstitutionBusinessShells.test.tsx,test,shared,3040,9,0,0,0,0,0,no,environment；browser_runtime；external_channel,keep_current,test_managed_in_place,keep_current_until_dedicated_ui_or_test_governance,src/modules/institution/shared/index.ts
src/modules/institution/tests/InstitutionCapabilityStatusEvaluator.test.ts,src/modules/institution/tests/InstitutionCapabilityStatusEvaluator.test.ts,test,shared,263,4,0,0,0,0,0,no,network；external_channel,keep_current,test_managed_in_place,keep_current_until_dedicated_ui_or_test_governance,src/modules/institution/shared/index.ts
src/modules/institution/tests/InstitutionCapabilityStatusReader.test.ts,src/modules/institution/tests/InstitutionCapabilityStatusReader.test.ts,test,shared,579,5,0,0,1,0,0,no,,keep_current,test_managed_in_place,keep_current_until_dedicated_ui_or_test_governance,src/modules/institution/shared/index.ts
src/modules/institution/tests/InstitutionConversationCapabilityOffRoute.test.tsx,src/modules/institution/tests/InstitutionConversationCapabilityOffRoute.test.tsx,test,conversation,157,3,0,0,1,0,0,no,,keep_current,test_managed_in_place,keep_current_until_dedicated_ui_or_test_governance,src/modules/institution/conversation/index.ts
src/modules/institution/tests/InstitutionEntitlementUsageApiRoute.test.ts,src/modules/institution/tests/InstitutionEntitlementUsageApiRoute.test.ts,test,entitlement,120,4,0,0,1,0,0,no,database；environment；network；next_runtime,keep_current,test_managed_in_place,keep_current_until_dedicated_ui_or_test_governance,src/modules/institution/entitlement/index.ts
src/modules/institution/tests/InstitutionKnowledgeAnswerApiRoute.test.ts,src/modules/institution/tests/InstitutionKnowledgeAnswerApiRoute.test.ts,test,knowledge,193,1,0,0,0,0,0,no,database；network,keep_current,test_managed_in_place,keep_current_until_dedicated_ui_or_test_governance,src/modules/institution/knowledge/index.ts
src/modules/institution/tests/InstitutionKnowledgeBaseCardPanel.test.tsx,src/modules/institution/tests/InstitutionKnowledgeBaseCardPanel.test.tsx,test,knowledge,1201,4,0,0,0,0,0,no,environment；browser_runtime,keep_current,test_managed_in_place,keep_current_until_dedicated_ui_or_test_governance,src/modules/institution/knowledge/index.ts
src/modules/institution/tests/InstitutionKnowledgeDownloadCapabilityRoute.test.ts,src/modules/institution/tests/InstitutionKnowledgeDownloadCapabilityRoute.test.ts,test,knowledge,168,3,0,0,0,0,0,no,database；network；next_runtime,keep_current,test_managed_in_place,keep_current_until_dedicated_ui_or_test_governance,src/modules/institution/knowledge/index.ts
src/modules/institution/tests/InstitutionKnowledgeItemsCapabilityRoute.test.ts,src/modules/institution/tests/InstitutionKnowledgeItemsCapabilityRoute.test.ts,test,knowledge,111,1,0,0,0,0,0,no,database；network,keep_current,test_managed_in_place,keep_current_until_dedicated_ui_or_test_governance,src/modules/institution/knowledge/index.ts
src/modules/institution/tests/InstitutionKnowledgeKeywordSearchService.test.ts,src/modules/institution/tests/InstitutionKnowledgeKeywordSearchService.test.ts,test,knowledge,598,4,0,0,3,0,0,no,environment,keep_current,test_managed_in_place,keep_current_until_dedicated_ui_or_test_governance,src/modules/institution/knowledge/index.ts
src/modules/institution/tests/InstitutionKnowledgeManagementReadonlyApiRoute.test.ts,src/modules/institution/tests/InstitutionKnowledgeManagementReadonlyApiRoute.test.ts,test,knowledge,270,3,0,0,0,0,0,no,database；network；next_runtime,keep_current,test_managed_in_place,keep_current_until_dedicated_ui_or_test_governance,src/modules/institution/knowledge/index.ts
src/modules/institution/tests/InstitutionKnowledgeManagementReadonlyService.test.ts,src/modules/institution/tests/InstitutionKnowledgeManagementReadonlyService.test.ts,test,knowledge,383,4,0,0,1,0,0,no,,keep_current,test_managed_in_place,keep_current_until_dedicated_ui_or_test_governance,src/modules/institution/knowledge/index.ts
src/modules/institution/tests/InstitutionKnowledgeQaCapabilityRoute.test.ts,src/modules/institution/tests/InstitutionKnowledgeQaCapabilityRoute.test.ts,test,knowledge,65,1,0,0,0,0,0,no,database；network,keep_current,test_managed_in_place,keep_current_until_dedicated_ui_or_test_governance,src/modules/institution/knowledge/index.ts
src/modules/institution/tests/InstitutionKnowledgeRagAnswerService.test.ts,src/modules/institution/tests/InstitutionKnowledgeRagAnswerService.test.ts,test,knowledge,564,6,0,0,2,0,0,no,environment,keep_current,test_managed_in_place,keep_current_until_dedicated_ui_or_test_governance,src/modules/institution/knowledge/index.ts
src/modules/institution/tests/InstitutionKnowledgeReadonlyShell.test.tsx,src/modules/institution/tests/InstitutionKnowledgeReadonlyShell.test.tsx,test,knowledge,2053,4,0,0,0,0,0,no,database；environment；network,keep_current,test_managed_in_place,keep_current_until_dedicated_ui_or_test_governance,src/modules/institution/knowledge/index.ts
src/modules/institution/tests/InstitutionKnowledgeRetrievalCapabilityRoute.test.ts,src/modules/institution/tests/InstitutionKnowledgeRetrievalCapabilityRoute.test.ts,test,knowledge,92,1,0,0,0,0,0,no,database；network,keep_current,test_managed_in_place,keep_current_until_dedicated_ui_or_test_governance,src/modules/institution/knowledge/index.ts
src/modules/institution/tests/InstitutionKnowledgeSearchApiRoute.test.ts,src/modules/institution/tests/InstitutionKnowledgeSearchApiRoute.test.ts,test,knowledge,16,2,0,0,1,0,0,no,network,keep_current,test_managed_in_place,keep_current_until_dedicated_ui_or_test_governance,src/modules/institution/knowledge/index.ts
src/modules/institution/tests/InstitutionKnowledgeSearchCapabilityRoute.test.ts,src/modules/institution/tests/InstitutionKnowledgeSearchCapabilityRoute.test.ts,test,knowledge,101,1,0,0,0,0,0,no,database；network,keep_current,test_managed_in_place,keep_current_until_dedicated_ui_or_test_governance,src/modules/institution/knowledge/index.ts
src/modules/institution/tests/InstitutionKnowledgeUploadApiRoute.test.ts,src/modules/institution/tests/InstitutionKnowledgeUploadApiRoute.test.ts,test,knowledge,160,4,0,0,1,0,0,no,database；network,keep_current,test_managed_in_place,keep_current_until_dedicated_ui_or_test_governance,src/modules/institution/knowledge/index.ts
src/modules/institution/tests/InstitutionKnowledgeUploadService.test.ts,src/modules/institution/tests/InstitutionKnowledgeUploadService.test.ts,test,knowledge,422,3,0,0,1,0,0,no,,keep_current,test_managed_in_place,keep_current_until_dedicated_ui_or_test_governance,src/modules/institution/knowledge/index.ts
src/modules/institution/tests/InstitutionKnowledgeVectorSearchCapabilityRoute.test.ts,src/modules/institution/tests/InstitutionKnowledgeVectorSearchCapabilityRoute.test.ts,test,knowledge,78,1,0,0,0,0,0,no,database；network,keep_current,test_managed_in_place,keep_current_until_dedicated_ui_or_test_governance,src/modules/institution/knowledge/index.ts
src/modules/institution/tests/InstitutionPageState.test.tsx,src/modules/institution/tests/InstitutionPageState.test.tsx,test,shared,88,5,0,0,0,0,0,no,environment,keep_current,test_managed_in_place,keep_current_until_dedicated_ui_or_test_governance,src/modules/institution/shared/index.ts
src/modules/institution/tests/InstitutionRagAnswerProvider.test.ts,src/modules/institution/tests/InstitutionRagAnswerProvider.test.ts,test,ai,175,2,0,0,0,0,0,no,environment；network,keep_current,test_managed_in_place,keep_current_until_dedicated_ui_or_test_governance,src/modules/institution/ai/index.ts
src/modules/institution/tests/InstitutionRouteShell.test.tsx,src/modules/institution/tests/InstitutionRouteShell.test.tsx,test,shared,665,6,0,0,2,0,0,no,browser_runtime,keep_current,test_managed_in_place,keep_current_until_dedicated_ui_or_test_governance,src/modules/institution/shared/index.ts
src/modules/institution/tests/InstitutionServerRuntime.test.ts,src/modules/institution/tests/InstitutionServerRuntime.test.ts,test,shared,696,9,0,0,6,0,0,no,database,keep_current,test_managed_in_place,keep_current_until_dedicated_ui_or_test_governance,src/modules/institution/shared/index.ts
src/modules/institution/tests/KnowledgeAiReadinessE2EAcceptance.test.ts,src/modules/institution/tests/KnowledgeAiReadinessE2EAcceptance.test.ts,test,knowledge,330,6,0,0,5,0,0,no,environment,keep_current,test_managed_in_place,keep_current_until_dedicated_ui_or_test_governance,src/modules/institution/knowledge/index.ts
src/modules/institution/tests/KnowledgeManagementPlatformInstitutionE2EAcceptance.test.ts,src/modules/institution/tests/KnowledgeManagementPlatformInstitutionE2EAcceptance.test.ts,test,knowledge,280,4,0,0,2,0,0,no,,keep_current,test_managed_in_place,keep_current_until_dedicated_ui_or_test_governance,src/modules/institution/knowledge/index.ts
src/modules/institution/tests/OpportunityPoolLegacyApiRoute.test.ts,src/modules/institution/tests/OpportunityPoolLegacyApiRoute.test.ts,test,opportunity,116,4,0,0,1,0,0,no,database；network；next_runtime,keep_current,test_managed_in_place,keep_current_until_dedicated_ui_or_test_governance,src/modules/institution/opportunity/index.ts
src/modules/institution/tests/OpportunityPoolShell.test.tsx,src/modules/institution/tests/OpportunityPoolShell.test.tsx,test,opportunity,37,3,0,0,0,0,0,no,,keep_current,test_managed_in_place,keep_current_until_dedicated_ui_or_test_governance,src/modules/institution/opportunity/index.ts
src/modules/institution/tests/PackageAiQuotaContract.test.ts,src/modules/institution/tests/PackageAiQuotaContract.test.ts,test,entitlement,309,3,0,0,0,0,0,no,,keep_current,test_managed_in_place,keep_current_until_dedicated_ui_or_test_governance,src/modules/institution/entitlement/index.ts
src/modules/institution/tests/PackageAiQuotaReadonlySource.test.ts,src/modules/institution/tests/PackageAiQuotaReadonlySource.test.ts,test,entitlement,309,3,0,0,0,0,0,no,,keep_current,test_managed_in_place,keep_current_until_dedicated_ui_or_test_governance,src/modules/institution/entitlement/index.ts
src/modules/institution/tests/RealChannelPreflightApiRoute.test.ts,src/modules/institution/tests/RealChannelPreflightApiRoute.test.ts,test,shared,214,4,0,0,1,0,0,no,database；network；next_runtime,keep_current,test_managed_in_place,keep_current_until_dedicated_ui_or_test_governance,src/modules/institution/shared/index.ts
src/modules/institution/tests/RealChannelPreflightDomain.test.ts,src/modules/institution/tests/RealChannelPreflightDomain.test.ts,test,shared,244,2,0,0,0,0,0,no,environment；external_channel,keep_current,test_managed_in_place,keep_current_until_dedicated_ui_or_test_governance,src/modules/institution/shared/index.ts
src/modules/institution/tests/StandardTreatmentEventMapper.test.ts,src/modules/institution/tests/StandardTreatmentEventMapper.test.ts,test,treatment,534,5,0,0,0,0,0,no,database；environment；network,keep_current,test_managed_in_place,keep_current_until_dedicated_ui_or_test_governance,src/modules/institution/treatment/index.ts
src/modules/institution/tests/TenantBusinessApiRoutes.test.ts,src/modules/institution/tests/TenantBusinessApiRoutes.test.ts,test,shared,1017,8,0,0,4,0,0,no,database；environment；network；next_runtime,keep_current,test_managed_in_place,keep_current_until_dedicated_ui_or_test_governance,src/modules/institution/shared/index.ts
src/modules/institution/tests/TenantBusinessClient.test.ts,src/modules/institution/tests/TenantBusinessClient.test.ts,test,shared,912,2,0,0,0,0,0,no,environment；network；external_channel,keep_current,test_managed_in_place,keep_current_until_dedicated_ui_or_test_governance,src/modules/institution/shared/index.ts
src/modules/institution/tests/TenantBusinessDomain.test.ts,src/modules/institution/tests/TenantBusinessDomain.test.ts,test,shared,370,5,0,0,1,0,0,no,,keep_current,test_managed_in_place,keep_current_until_dedicated_ui_or_test_governance,src/modules/institution/shared/index.ts
src/modules/institution/tests/TenantBusinessRepository.test.ts,src/modules/institution/tests/TenantBusinessRepository.test.ts,test,shared,1219,6,0,0,2,0,0,no,database；environment；network,keep_current,test_managed_in_place,keep_current_until_dedicated_ui_or_test_governance,src/modules/institution/shared/index.ts
src/modules/institution/tests/TenantBusinessViewModels.test.ts,src/modules/institution/tests/TenantBusinessViewModels.test.ts,test,ai,258,5,0,0,0,0,0,no,,keep_current,test_managed_in_place,keep_current_until_dedicated_ui_or_test_governance,src/modules/institution/ai/index.ts
src/modules/institution/tests/TenantBusinessWriteInput.test.ts,src/modules/institution/tests/TenantBusinessWriteInput.test.ts,test,shared,365,2,0,0,0,0,0,no,,keep_current,test_managed_in_place,keep_current_until_dedicated_ui_or_test_governance,src/modules/institution/shared/index.ts
src/modules/institution/tests/TenantQuotaEnforcement.test.ts,src/modules/institution/tests/TenantQuotaEnforcement.test.ts,test,entitlement,485,4,0,0,2,0,0,no,database；environment,keep_current,test_managed_in_place,keep_current_until_dedicated_ui_or_test_governance,src/modules/institution/entitlement/index.ts
src/modules/institution/tests/TreatmentFollowUpLinkApiRoutes.test.ts,src/modules/institution/tests/TreatmentFollowUpLinkApiRoutes.test.ts,test,followup,514,6,0,0,3,0,0,no,database；environment；network,keep_current,test_managed_in_place,keep_current_until_dedicated_ui_or_test_governance,src/modules/institution/followup/index.ts
src/modules/institution/tests/TreatmentFollowUpSuggestionInput.test.ts,src/modules/institution/tests/TreatmentFollowUpSuggestionInput.test.ts,test,followup,181,3,0,0,0,0,0,no,,keep_current,test_managed_in_place,keep_current_until_dedicated_ui_or_test_governance,src/modules/institution/followup/index.ts
src/modules/institution/tests/TreatmentFollowUpSuggestions.test.ts,src/modules/institution/tests/TreatmentFollowUpSuggestions.test.ts,test,followup,452,4,0,0,0,0,0,no,,keep_current,test_managed_in_place,keep_current_until_dedicated_ui_or_test_governance,src/modules/institution/followup/index.ts
src/modules/institution/tests/TreatmentFollowUpSuggestionsApiRoute.test.ts,src/modules/institution/tests/TreatmentFollowUpSuggestionsApiRoute.test.ts,test,followup,132,3,0,0,1,0,0,no,database；network,keep_current,test_managed_in_place,keep_current_until_dedicated_ui_or_test_governance,src/modules/institution/followup/index.ts
src/modules/institution/tests/TreatmentPathTemplates.test.ts,src/modules/institution/tests/TreatmentPathTemplates.test.ts,test,treatment,265,4,0,0,0,0,0,no,network,keep_current,test_managed_in_place,keep_current_until_dedicated_ui_or_test_governance,src/modules/institution/treatment/index.ts
src/modules/institution/tests/TreatmentSummaryApiRoutes.test.ts,src/modules/institution/tests/TreatmentSummaryApiRoutes.test.ts,test,treatment,274,6,0,0,3,0,0,no,database；network；next_runtime,keep_current,test_managed_in_place,keep_current_until_dedicated_ui_or_test_governance,src/modules/institution/treatment/index.ts
src/modules/institution/tests/TreatmentSummaryCreateApiRoute.test.ts,src/modules/institution/tests/TreatmentSummaryCreateApiRoute.test.ts,test,treatment,165,4,0,0,1,0,0,no,database；network,keep_current,test_managed_in_place,keep_current_until_dedicated_ui_or_test_governance,src/modules/institution/treatment/index.ts
src/modules/institution/tests/TreatmentSummaryDomain.test.ts,src/modules/institution/tests/TreatmentSummaryDomain.test.ts,test,treatment,265,4,0,0,0,0,0,no,,keep_current,test_managed_in_place,keep_current_until_dedicated_ui_or_test_governance,src/modules/institution/treatment/index.ts
src/modules/institution/tests/TreatmentSummaryListApiRoutes.test.ts,src/modules/institution/tests/TreatmentSummaryListApiRoutes.test.ts,test,treatment,72,2,0,0,1,0,0,no,database；network,keep_current,test_managed_in_place,keep_current_until_dedicated_ui_or_test_governance,src/modules/institution/treatment/index.ts
src/modules/institution/tests/TreatmentSummaryManagementShell.test.tsx,src/modules/institution/tests/TreatmentSummaryManagementShell.test.tsx,test,treatment,1153,3,0,0,0,0,0,no,environment；network,keep_current,test_managed_in_place,keep_current_until_dedicated_ui_or_test_governance,src/modules/institution/treatment/index.ts
src/modules/institution/tests/TreatmentSummaryQueryParser.test.ts,src/modules/institution/tests/TreatmentSummaryQueryParser.test.ts,test,treatment,132,2,0,0,0,0,0,no,environment,keep_current,test_managed_in_place,keep_current_until_dedicated_ui_or_test_governance,src/modules/institution/treatment/index.ts
src/modules/institution/tests/TreatmentSummaryRepository.test.ts,src/modules/institution/tests/TreatmentSummaryRepository.test.ts,test,treatment,1020,6,0,0,2,0,0,no,database；environment,keep_current,test_managed_in_place,keep_current_until_dedicated_ui_or_test_governance,src/modules/institution/treatment/index.ts
src/modules/institution/tests/TreatmentSummaryWriteInput.test.ts,src/modules/institution/tests/TreatmentSummaryWriteInput.test.ts,test,treatment,390,2,0,0,0,0,0,no,environment；network,keep_current,test_managed_in_place,keep_current_until_dedicated_ui_or_test_governance,src/modules/institution/treatment/index.ts
src/modules/institution/tests/TrustedReachOutSafetyApiRoute.test.ts,src/modules/institution/tests/TrustedReachOutSafetyApiRoute.test.ts,test,shared,185,4,0,0,1,0,0,no,database；network；next_runtime,keep_current,test_managed_in_place,keep_current_until_dedicated_ui_or_test_governance,src/modules/institution/shared/index.ts
src/modules/institution/tests/TrustedReachOutSafetyClient.test.ts,src/modules/institution/tests/TrustedReachOutSafetyClient.test.ts,test,shared,49,2,0,0,0,0,0,no,,keep_current,test_managed_in_place,keep_current_until_dedicated_ui_or_test_governance,src/modules/institution/shared/index.ts
src/modules/institution/tests/TrustedReachOutSafetyDomain.test.ts,src/modules/institution/tests/TrustedReachOutSafetyDomain.test.ts,test,shared,68,4,0,0,0,0,0,no,,keep_current,test_managed_in_place,keep_current_until_dedicated_ui_or_test_governance,src/modules/institution/shared/index.ts
src/modules/institution/tests/TrustedReachOutSafetyPanel.test.tsx,src/modules/institution/tests/TrustedReachOutSafetyPanel.test.tsx,test,shared,72,3,0,0,0,0,0,no,,keep_current,test_managed_in_place,keep_current_until_dedicated_ui_or_test_governance,src/modules/institution/shared/index.ts
src/modules/institution/tests/TrustedReachOutSafetyRepository.test.ts,src/modules/institution/tests/TrustedReachOutSafetyRepository.test.ts,test,shared,139,6,0,0,2,0,0,no,database；external_channel,keep_current,test_managed_in_place,keep_current_until_dedicated_ui_or_test_governance,src/modules/institution/shared/index.ts
src/modules/institution/tests/TrustedReachOutSafetyService.test.ts,src/modules/institution/tests/TrustedReachOutSafetyService.test.ts,test,shared,271,2,0,0,0,0,0,no,,keep_current,test_managed_in_place,keep_current_until_dedicated_ui_or_test_governance,src/modules/institution/shared/index.ts
src/modules/institution/tests/TrustedReachOutSafetyTransaction.test.ts,src/modules/institution/tests/TrustedReachOutSafetyTransaction.test.ts,test,shared,77,2,0,0,0,0,0,no,,keep_current,test_managed_in_place,keep_current_until_dedicated_ui_or_test_governance,src/modules/institution/shared/index.ts
src/modules/institution/tests/V1WeComOfficialDryRunCompatibilityApiRoute.test.ts,src/modules/institution/tests/V1WeComOfficialDryRunCompatibilityApiRoute.test.ts,test,wecom,143,5,0,0,2,0,0,no,network；external_channel,keep_current,test_managed_in_place,keep_current_until_dedicated_ui_or_test_governance,src/modules/institution/wecom/index.ts
src/modules/institution/tests/WeComAuthorizationDomain.test.ts,src/modules/institution/tests/WeComAuthorizationDomain.test.ts,test,wecom,184,2,0,0,0,0,0,no,external_channel,keep_current,test_managed_in_place,keep_current_until_dedicated_ui_or_test_governance,src/modules/institution/wecom/index.ts
src/modules/institution/tests/WeComControlledReachOutApiRoute.test.ts,src/modules/institution/tests/WeComControlledReachOutApiRoute.test.ts,test,wecom,201,4,0,0,1,0,0,no,database；network；next_runtime,keep_current,test_managed_in_place,keep_current_until_dedicated_ui_or_test_governance,src/modules/institution/wecom/index.ts
src/modules/institution/tests/WeComControlledReachOutDomain.test.ts,src/modules/institution/tests/WeComControlledReachOutDomain.test.ts,test,wecom,167,5,0,0,0,0,0,no,external_channel,keep_current,test_managed_in_place,keep_current_until_dedicated_ui_or_test_governance,src/modules/institution/wecom/index.ts
src/modules/institution/tests/WeComControlledReachOutRepository.test.ts,src/modules/institution/tests/WeComControlledReachOutRepository.test.ts,test,wecom,254,5,0,0,2,0,0,no,database,keep_current,test_managed_in_place,keep_current_until_dedicated_ui_or_test_governance,src/modules/institution/wecom/index.ts
src/modules/institution/tests/WeComControlledReachOutService.test.ts,src/modules/institution/tests/WeComControlledReachOutService.test.ts,test,wecom,365,6,0,0,1,0,0,no,external_channel,keep_current,test_managed_in_place,keep_current_until_dedicated_ui_or_test_governance,src/modules/institution/wecom/index.ts
src/modules/institution/tests/WeComCustomerBroadcastTaskApiRoute.test.ts,src/modules/institution/tests/WeComCustomerBroadcastTaskApiRoute.test.ts,test,wecom,192,4,0,0,1,0,0,no,database；network；next_runtime,keep_current,test_managed_in_place,keep_current_until_dedicated_ui_or_test_governance,src/modules/institution/wecom/index.ts
src/modules/institution/tests/WeComCustomerBroadcastTaskOutcome.test.ts,src/modules/institution/tests/WeComCustomerBroadcastTaskOutcome.test.ts,test,wecom,474,8,0,0,1,0,0,no,database；external_channel,keep_current,test_managed_in_place,keep_current_until_dedicated_ui_or_test_governance,src/modules/institution/wecom/index.ts
src/modules/institution/tests/WeComCustomerBroadcastTaskProvider.test.ts,src/modules/institution/tests/WeComCustomerBroadcastTaskProvider.test.ts,test,wecom,248,6,0,0,0,0,0,no,network；external_channel,keep_current,test_managed_in_place,keep_current_until_dedicated_ui_or_test_governance,src/modules/institution/wecom/index.ts
src/modules/institution/tests/WeComCustomerBroadcastTaskRecipientResolver.test.ts,src/modules/institution/tests/WeComCustomerBroadcastTaskRecipientResolver.test.ts,test,wecom,195,6,0,0,1,0,0,no,database；external_channel,keep_current,test_managed_in_place,keep_current_until_dedicated_ui_or_test_governance,src/modules/institution/wecom/index.ts
src/modules/institution/tests/WeComCustomerContactDomain.test.ts,src/modules/institution/tests/WeComCustomerContactDomain.test.ts,test,wecom,215,3,0,0,0,0,0,no,external_channel,keep_current,test_managed_in_place,keep_current_until_dedicated_ui_or_test_governance,src/modules/institution/wecom/index.ts
src/modules/institution/tests/WeComCustomerContactPrecheckApiRoute.test.ts,src/modules/institution/tests/WeComCustomerContactPrecheckApiRoute.test.ts,test,wecom,145,4,0,0,1,0,0,no,network；next_runtime；external_channel,keep_current,test_managed_in_place,keep_current_until_dedicated_ui_or_test_governance,src/modules/institution/wecom/index.ts
src/modules/institution/tests/WeComCustomerContactPrecheckDomain.test.ts,src/modules/institution/tests/WeComCustomerContactPrecheckDomain.test.ts,test,wecom,165,3,0,0,0,0,0,no,environment；external_channel,keep_current,test_managed_in_place,keep_current_until_dedicated_ui_or_test_governance,src/modules/institution/wecom/index.ts
src/modules/institution/tests/WeComCustomerContactReadonlyProofApiRoute.test.ts,src/modules/institution/tests/WeComCustomerContactReadonlyProofApiRoute.test.ts,test,wecom,223,4,0,0,1,0,0,no,environment；network；next_runtime,keep_current,test_managed_in_place,keep_current_until_dedicated_ui_or_test_governance,src/modules/institution/wecom/index.ts
src/modules/institution/tests/WeComCustomerContactReadonlyProofDomain.test.ts,src/modules/institution/tests/WeComCustomerContactReadonlyProofDomain.test.ts,test,wecom,245,3,0,0,0,0,0,no,environment；external_channel,keep_current,test_managed_in_place,keep_current_until_dedicated_ui_or_test_governance,src/modules/institution/wecom/index.ts
src/modules/institution/tests/WeComCustomerContactReadonlyProofMockApiRoute.test.ts,src/modules/institution/tests/WeComCustomerContactReadonlyProofMockApiRoute.test.ts,test,wecom,174,3,0,0,1,0,0,no,environment；network；next_runtime,keep_current,test_managed_in_place,keep_current_until_dedicated_ui_or_test_governance,src/modules/institution/wecom/index.ts
src/modules/institution/tests/WeComCustomerContactReadonlyProofMockDomain.test.ts,src/modules/institution/tests/WeComCustomerContactReadonlyProofMockDomain.test.ts,test,wecom,183,3,0,0,0,0,0,no,external_channel,keep_current,test_managed_in_place,keep_current_until_dedicated_ui_or_test_governance,src/modules/institution/wecom/index.ts
src/modules/institution/tests/WeComCustomerMappingApiRoute.test.ts,src/modules/institution/tests/WeComCustomerMappingApiRoute.test.ts,test,wecom,122,4,0,0,1,0,0,no,database；network；next_runtime,keep_current,test_managed_in_place,keep_current_until_dedicated_ui_or_test_governance,src/modules/institution/wecom/index.ts
src/modules/institution/tests/WeComCustomerMappingCandidatesApiRoute.test.ts,src/modules/institution/tests/WeComCustomerMappingCandidatesApiRoute.test.ts,test,wecom,1438,11,0,0,4,0,0,no,database；network；next_runtime；external_channel,keep_current,test_managed_in_place,keep_current_until_dedicated_ui_or_test_governance,src/modules/institution/wecom/index.ts
src/modules/institution/tests/WeComCustomerMappingCandidatesReadonlyPanel.test.tsx,src/modules/institution/tests/WeComCustomerMappingCandidatesReadonlyPanel.test.tsx,test,wecom,656,4,0,0,1,0,0,no,,keep_current,test_managed_in_place,keep_current_until_dedicated_ui_or_test_governance,src/modules/institution/wecom/index.ts
src/modules/institution/tests/WeComCustomerMappingClient.test.ts,src/modules/institution/tests/WeComCustomerMappingClient.test.ts,test,wecom,87,2,0,0,0,0,0,no,external_channel,keep_current,test_managed_in_place,keep_current_until_dedicated_ui_or_test_governance,src/modules/institution/wecom/index.ts
src/modules/institution/tests/WeComCustomerMappingDomain.test.ts,src/modules/institution/tests/WeComCustomerMappingDomain.test.ts,test,wecom,71,2,0,0,0,0,0,no,,keep_current,test_managed_in_place,keep_current_until_dedicated_ui_or_test_governance,src/modules/institution/wecom/index.ts
src/modules/institution/tests/WeComCustomerMappingPanel.test.tsx,src/modules/institution/tests/WeComCustomerMappingPanel.test.tsx,test,wecom,195,3,0,0,0,0,0,no,,keep_current,test_managed_in_place,keep_current_until_dedicated_ui_or_test_governance,src/modules/institution/wecom/index.ts
src/modules/institution/tests/WeComCustomerMappingReadWriteBridge.test.ts,src/modules/institution/tests/WeComCustomerMappingReadWriteBridge.test.ts,test,wecom,127,4,0,0,3,0,0,no,network,keep_current,test_managed_in_place,keep_current_until_dedicated_ui_or_test_governance,src/modules/institution/wecom/index.ts
src/modules/institution/tests/WeComCustomerMappingRepository.test.ts,src/modules/institution/tests/WeComCustomerMappingRepository.test.ts,test,wecom,194,4,0,0,2,0,0,no,database,keep_current,test_managed_in_place,keep_current_until_dedicated_ui_or_test_governance,src/modules/institution/wecom/index.ts
src/modules/institution/tests/WeComCustomerMappingReviewActionsApiRoute.test.ts,src/modules/institution/tests/WeComCustomerMappingReviewActionsApiRoute.test.ts,test,wecom,1365,9,0,0,6,0,0,no,network,keep_current,test_managed_in_place,keep_current_until_dedicated_ui_or_test_governance,src/modules/institution/wecom/index.ts
src/modules/institution/tests/WeComCustomerMappingReviewActionsClient.test.ts,src/modules/institution/tests/WeComCustomerMappingReviewActionsClient.test.ts,test,wecom,153,2,0,0,0,0,0,no,,keep_current,test_managed_in_place,keep_current_until_dedicated_ui_or_test_governance,src/modules/institution/wecom/index.ts
src/modules/institution/tests/WeComCustomerMappingReviewActionsDomain.test.ts,src/modules/institution/tests/WeComCustomerMappingReviewActionsDomain.test.ts,test,wecom,745,3,0,0,0,0,0,no,external_channel,keep_current,test_managed_in_place,keep_current_until_dedicated_ui_or_test_governance,src/modules/institution/wecom/index.ts
src/modules/institution/tests/WeComCustomerMappingReviewDomain.test.ts,src/modules/institution/tests/WeComCustomerMappingReviewDomain.test.ts,test,wecom,2359,4,0,0,0,0,0,no,,keep_current,test_managed_in_place,keep_current_until_dedicated_ui_or_test_governance,src/modules/institution/wecom/index.ts
src/modules/institution/tests/WeComCustomerMappingService.test.ts,src/modules/institution/tests/WeComCustomerMappingService.test.ts,test,wecom,351,6,0,0,2,0,0,no,,keep_current,test_managed_in_place,keep_current_until_dedicated_ui_or_test_governance,src/modules/institution/wecom/index.ts
src/modules/institution/tests/WeComDryRunSnapshotApiRoute.test.ts,src/modules/institution/tests/WeComDryRunSnapshotApiRoute.test.ts,test,wecom,212,4,0,0,1,0,0,no,database；environment；network；next_runtime,keep_current,test_managed_in_place,keep_current_until_dedicated_ui_or_test_governance,src/modules/institution/wecom/index.ts
src/modules/institution/tests/WeComDryRunSnapshotService.test.ts,src/modules/institution/tests/WeComDryRunSnapshotService.test.ts,test,wecom,259,3,0,0,0,0,0,no,external_channel,keep_current,test_managed_in_place,keep_current_until_dedicated_ui_or_test_governance,src/modules/institution/wecom/index.ts
src/modules/institution/tests/WeComExternalContactReadonlyApiRoute.test.ts,src/modules/institution/tests/WeComExternalContactReadonlyApiRoute.test.ts,test,wecom,116,4,0,0,1,0,0,no,database；network；next_runtime,keep_current,test_managed_in_place,keep_current_until_dedicated_ui_or_test_governance,src/modules/institution/wecom/index.ts
src/modules/institution/tests/WeComExternalContactReadonlyDomain.test.ts,src/modules/institution/tests/WeComExternalContactReadonlyDomain.test.ts,test,wecom,448,3,0,0,0,0,0,no,external_channel,keep_current,test_managed_in_place,keep_current_until_dedicated_ui_or_test_governance,src/modules/institution/wecom/index.ts
src/modules/institution/tests/WeComExternalContactReadonlyPanel.test.tsx,src/modules/institution/tests/WeComExternalContactReadonlyPanel.test.tsx,test,wecom,191,4,0,0,0,0,0,no,external_channel,keep_current,test_managed_in_place,keep_current_until_dedicated_ui_or_test_governance,src/modules/institution/wecom/index.ts
src/modules/institution/tests/WeComOfficialDryRunApiRoute.test.ts,src/modules/institution/tests/WeComOfficialDryRunApiRoute.test.ts,test,wecom,314,5,0,0,2,0,0,no,database；environment；network；next_runtime；external_channel,keep_current,test_managed_in_place,keep_current_until_dedicated_ui_or_test_governance,src/modules/institution/wecom/index.ts
src/modules/institution/tests/WeComOfficialDryRunConfigApiRoute.test.ts,src/modules/institution/tests/WeComOfficialDryRunConfigApiRoute.test.ts,test,wecom,91,4,0,0,1,0,0,no,database；network；next_runtime；external_channel,keep_current,test_managed_in_place,keep_current_until_dedicated_ui_or_test_governance,src/modules/institution/wecom/index.ts
src/modules/institution/tests/WeComOfficialDryRunConfigDomain.test.ts,src/modules/institution/tests/WeComOfficialDryRunConfigDomain.test.ts,test,wecom,196,2,0,0,0,0,0,no,environment；network；external_channel,keep_current,test_managed_in_place,keep_current_until_dedicated_ui_or_test_governance,src/modules/institution/wecom/index.ts
src/modules/institution/tests/WeComOfficialDryRunDomain.test.ts,src/modules/institution/tests/WeComOfficialDryRunDomain.test.ts,test,wecom,195,2,0,0,0,0,0,no,environment；network；external_channel,keep_current,test_managed_in_place,keep_current_until_dedicated_ui_or_test_governance,src/modules/institution/wecom/index.ts
src/modules/institution/tests/WeComOfficialInternalMessageProofApiRoute.test.ts,src/modules/institution/tests/WeComOfficialInternalMessageProofApiRoute.test.ts,test,wecom,215,4,0,0,1,0,0,no,environment；network；next_runtime,keep_current,test_managed_in_place,keep_current_until_dedicated_ui_or_test_governance,src/modules/institution/wecom/index.ts
src/modules/institution/tests/WeComOfficialInternalMessageProofDomain.test.ts,src/modules/institution/tests/WeComOfficialInternalMessageProofDomain.test.ts,test,wecom,259,2,0,0,0,0,0,no,environment；external_channel,keep_current,test_managed_in_place,keep_current_until_dedicated_ui_or_test_governance,src/modules/institution/wecom/index.ts
src/modules/institution/tests/WeComOfficialSecretPrecheckApiRoute.test.ts,src/modules/institution/tests/WeComOfficialSecretPrecheckApiRoute.test.ts,test,wecom,213,4,0,0,1,0,0,no,environment；network；next_runtime,keep_current,test_managed_in_place,keep_current_until_dedicated_ui_or_test_governance,src/modules/institution/wecom/index.ts
src/modules/institution/tests/WeComOfficialSecretPrecheckDomain.test.ts,src/modules/institution/tests/WeComOfficialSecretPrecheckDomain.test.ts,test,wecom,178,2,0,0,0,0,0,no,environment；external_channel,keep_current,test_managed_in_place,keep_current_until_dedicated_ui_or_test_governance,src/modules/institution/wecom/index.ts
src/modules/institution/tests/WeComRealSendExecutionShellService.test.ts,src/modules/institution/tests/WeComRealSendExecutionShellService.test.ts,test,wecom,380,13,0,0,1,0,0,no,,keep_current,test_managed_in_place,keep_current_until_dedicated_ui_or_test_governance,src/modules/institution/wecom/index.ts
src/modules/institution/tests/WeComRealSendProofDomain.test.ts,src/modules/institution/tests/WeComRealSendProofDomain.test.ts,test,wecom,261,2,0,0,0,0,0,no,external_channel,keep_current,test_managed_in_place,keep_current_until_dedicated_ui_or_test_governance,src/modules/institution/wecom/index.ts
src/modules/institution/tests/WeComRealSendProofRepository.test.ts,src/modules/institution/tests/WeComRealSendProofRepository.test.ts,test,wecom,162,8,0,0,2,0,0,no,database,keep_current,test_managed_in_place,keep_current_until_dedicated_ui_or_test_governance,src/modules/institution/wecom/index.ts
src/modules/institution/tests/WeComRealSendProofService.test.ts,src/modules/institution/tests/WeComRealSendProofService.test.ts,test,wecom,445,7,0,0,1,0,0,no,external_channel,keep_current,test_managed_in_place,keep_current_until_dedicated_ui_or_test_governance,src/modules/institution/wecom/index.ts
src/modules/institution/view-models/wecom-customer-mapping-candidates-reader.ts,src/modules/institution/view-models/wecom-customer-mapping-candidates-reader.ts,other,wecom,31,1,2,1,0,0,0,no,,keep_current,not_a_current_core_migration_target,keep_current,src/modules/institution/wecom/index.ts
src/modules/institution/view-models/wecom-customer-mapping-candidates.ts,src/modules/institution/view-models/wecom-customer-mapping-candidates.ts,other,wecom,911,2,5,1,0,1,0,no,,protected_boundary,cross_module_inbound,change_only_under_separate_runtime_or_dependency_review,src/modules/institution/wecom/index.ts
src/modules/institution/view-models/wecom-external-contact-readonly-view-model.ts,src/modules/institution/view-models/wecom-external-contact-readonly-view-model.ts,other,wecom,255,2,2,1,0,0,0,no,,keep_current,not_a_current_core_migration_target,keep_current,src/modules/institution/wecom/index.ts
