chain_names,source_path,source_owner,target_path,target_owner,specifier,detection_kinds,source_kind,target_kind,runtime_reachable,source_runtime_boundary,target_runtime_boundary,evidence
shared_types_services,src/app/(auth)/login/page.tsx,__src_app__,src/modules/auth/components/ConfiguredLoginPages.tsx,auth,@/modules/auth/components/ConfiguredLoginPages,static_import_or_export,production,production,yes,yes,yes,src/app/(auth)/login/page.tsx -> @/modules/auth/components/ConfiguredLoginPages
page_domain,src/app/(auth)/login/page.tsx,__src_app__,src/modules/marketing/domain/homepageBrandConfig.ts,marketing,@/modules/marketing/domain/homepageBrandConfig,static_import_or_export,production,production,yes,yes,no,src/app/(auth)/login/page.tsx -> @/modules/marketing/domain/homepageBrandConfig
shared_types_services,src/app/(auth)/platform-login/page.tsx,__src_app__,src/modules/auth/components/ConfiguredLoginPages.tsx,auth,@/modules/auth/components/ConfiguredLoginPages,static_import_or_export,production,production,yes,yes,yes,src/app/(auth)/platform-login/page.tsx -> @/modules/auth/components/ConfiguredLoginPages
page_domain,src/app/(auth)/platform-login/page.tsx,__src_app__,src/modules/marketing/domain/homepageBrandConfig.ts,marketing,@/modules/marketing/domain/homepageBrandConfig,static_import_or_export,production,production,yes,yes,no,src/app/(auth)/platform-login/page.tsx -> @/modules/marketing/domain/homepageBrandConfig
page_domain,src/app/(marketing)/page.tsx,__src_app__,src/modules/marketing/components/MarketingHome.tsx,marketing,@/modules/marketing/components/MarketingHome,static_import_or_export,production,production,yes,no,yes,src/app/(marketing)/page.tsx -> @/modules/marketing/components/MarketingHome
page_domain,src/app/(marketing)/page.tsx,__src_app__,src/modules/marketing/domain/homepageBrandConfig.ts,marketing,@/modules/marketing/domain/homepageBrandConfig,static_import_or_export,production,production,yes,no,no,src/app/(marketing)/page.tsx -> @/modules/marketing/domain/homepageBrandConfig
shared_types_services,src/app/api/auth/login/route.ts,__src_app__,src/modules/audit/domain/audit-events.ts,audit,@/modules/audit/domain/audit-events,static_import_or_export,production,production,yes,yes,no,src/app/api/auth/login/route.ts -> @/modules/audit/domain/audit-events
shared_types_services,src/app/api/auth/login/route.ts,__src_app__,src/modules/audit/server/audit-event-repository.ts,audit,@/modules/audit/server/audit-event-repository,static_import_or_export,production,production,yes,yes,yes,src/app/api/auth/login/route.ts -> @/modules/audit/server/audit-event-repository
shared_types_services,src/app/api/auth/login/route.ts,__src_app__,src/modules/auth/domain/auth-account.ts,auth,@/modules/auth/domain/auth-account,static_import_or_export,production,production,yes,yes,no,src/app/api/auth/login/route.ts -> @/modules/auth/domain/auth-account
shared_types_services,src/app/api/auth/login/route.ts,__src_app__,src/modules/auth/domain/session.ts,auth,@/modules/auth/domain/session,static_import_or_export,production,production,yes,yes,no,src/app/api/auth/login/route.ts -> @/modules/auth/domain/session
shared_types_services,src/app/api/auth/login/route.ts,__src_app__,src/modules/auth/server/auth-account-service.ts,auth,@/modules/auth/server/auth-account-service,static_import_or_export,production,production,yes,yes,yes,src/app/api/auth/login/route.ts -> @/modules/auth/server/auth-account-service
shared_types_services,src/app/api/auth/login/route.ts,__src_app__,src/modules/security/server/institution-guard-runtime-config.ts,security,@/modules/security/server/institution-guard-runtime-config,static_import_or_export,production,production,yes,yes,yes,src/app/api/auth/login/route.ts -> @/modules/security/server/institution-guard-runtime-config
shared_types_services,src/app/api/auth/logout/route.ts,__src_app__,src/modules/auth/server/demo-session.ts,auth,@/modules/auth/server/demo-session,static_import_or_export,production,production,yes,yes,yes,src/app/api/auth/logout/route.ts -> @/modules/auth/server/demo-session
shared_types_services,src/app/api/auth/logout/route.ts,__src_app__,src/modules/auth/server/formal-server-session-provenance-owner.ts,auth,@/modules/auth/server/formal-server-session-provenance-owner,static_import_or_export,production,production,yes,yes,yes,src/app/api/auth/logout/route.ts -> @/modules/auth/server/formal-server-session-provenance-owner
shared_types_services,src/app/api/auth/session/route.ts,__src_app__,src/modules/auth/domain/session.ts,auth,@/modules/auth/domain/session,static_import_or_export,production,production,yes,yes,no,src/app/api/auth/session/route.ts -> @/modules/auth/domain/session
shared_types_services,src/app/api/auth/session/route.ts,__src_app__,src/modules/security/server/institution-guard-runtime-config.ts,security,@/modules/security/server/institution-guard-runtime-config,static_import_or_export,production,production,yes,yes,yes,src/app/api/auth/session/route.ts -> @/modules/security/server/institution-guard-runtime-config
shared_types_services,src/app/api/institution/wecom/customer-mapping-candidates/handler.ts,__src_app__,src/modules/security/server/access-context.ts,security,@/modules/security/server/access-context,static_import_or_export,production,production,yes,yes,yes,src/app/api/institution/wecom/customer-mapping-candidates/handler.ts -> @/modules/security/server/access-context
shared_types_services,src/app/api/institution/wecom/customer-mapping-reviews/[mappingId]/actions/handler.ts,__src_app__,src/modules/auth/domain/session.ts,auth,@/modules/auth/domain/session,static_import_or_export,production,production,yes,yes,no,src/app/api/institution/wecom/customer-mapping-reviews/[mappingId]/actions/handler.ts -> @/modules/auth/domain/session
shared_types_services,src/app/api/institution/wecom/customer-mapping-reviews/[mappingId]/actions/handler.ts,__src_app__,src/modules/security/server/access-context.ts,security,@/modules/security/server/access-context,static_import_or_export,production,production,yes,yes,yes,src/app/api/institution/wecom/customer-mapping-reviews/[mappingId]/actions/handler.ts -> @/modules/security/server/access-context
shared_types_services,src/app/api/open-platform/ai-credit-metering-rules/[id]/route.ts,__src_app__,src/modules/security/server/access-context.ts,security,@/modules/security/server/access-context,static_import_or_export,production,production,yes,yes,yes,src/app/api/open-platform/ai-credit-metering-rules/[id]/route.ts -> @/modules/security/server/access-context
shared_types_services,src/app/api/open-platform/ai-credit-metering-rules/route.ts,__src_app__,src/modules/security/server/access-context.ts,security,@/modules/security/server/access-context,static_import_or_export,production,production,yes,yes,yes,src/app/api/open-platform/ai-credit-metering-rules/route.ts -> @/modules/security/server/access-context
shared_types_services,src/app/api/open-platform/ai-usage-credits/route.ts,__src_app__,src/modules/security/server/access-context.ts,security,@/modules/security/server/access-context,static_import_or_export,production,production,yes,yes,yes,src/app/api/open-platform/ai-usage-credits/route.ts -> @/modules/security/server/access-context
shared_types_services,src/app/api/open-platform/audit-events/route.ts,__src_app__,src/modules/audit/server/audit-event-query-parser.ts,audit,@/modules/audit/server/audit-event-query-parser,static_import_or_export,production,production,yes,yes,yes,src/app/api/open-platform/audit-events/route.ts -> @/modules/audit/server/audit-event-query-parser
shared_types_services,src/app/api/open-platform/audit-events/route.ts,__src_app__,src/modules/audit/server/audit-event-repository.ts,audit,@/modules/audit/server/audit-event-repository,static_import_or_export,production,production,yes,yes,yes,src/app/api/open-platform/audit-events/route.ts -> @/modules/audit/server/audit-event-repository
shared_types_services,src/app/api/open-platform/audit-events/route.ts,__src_app__,src/modules/security/domain/access-control.ts,security,@/modules/security/domain/access-control,static_import_or_export,production,production,yes,yes,no,src/app/api/open-platform/audit-events/route.ts -> @/modules/security/domain/access-control
shared_types_services,src/app/api/open-platform/audit-events/route.ts,__src_app__,src/modules/security/server/access-context.ts,security,@/modules/security/server/access-context,static_import_or_export,production,production,yes,yes,yes,src/app/api/open-platform/audit-events/route.ts -> @/modules/security/server/access-context
shared_types_services,src/app/api/open-platform/tenants/route.ts,__src_app__,src/modules/security/server/access-context.ts,security,@/modules/security/server/access-context,static_import_or_export,production,production,yes,yes,yes,src/app/api/open-platform/tenants/route.ts -> @/modules/security/server/access-context
shared_types_services,src/app/api/open-platform/wecom/customer-data-governance/route.ts,__src_app__,src/modules/security/server/access-context.ts,security,@/modules/security/server/access-context,static_import_or_export,production,production,yes,yes,yes,src/app/api/open-platform/wecom/customer-data-governance/route.ts -> @/modules/security/server/access-context
shared_types_services,src/app/api/v1/institution/ai-models/route.ts,__src_app__,src/modules/security/server/access-context.ts,security,@/modules/security/server/access-context,static_import_or_export,production,production,yes,yes,yes,src/app/api/v1/institution/ai-models/route.ts -> @/modules/security/server/access-context
knowledge_workbench,src/app/api/v1/knowledge-base/runtime/documents/route.ts,__src_app__,src/modules/knowledge-base/server/v1-knowledge-base-runtime-api-routes.ts,knowledge-base,@/modules/knowledge-base/server/v1-knowledge-base-runtime-api-routes,static_import_or_export,production,production,yes,yes,yes,src/app/api/v1/knowledge-base/runtime/documents/route.ts -> @/modules/knowledge-base/server/v1-knowledge-base-runtime-api-routes
knowledge_workbench,src/app/api/v1/knowledge-base/runtime/documents/upload/route.ts,__src_app__,src/modules/knowledge-base/server/v1-knowledge-base-runtime-api-routes.ts,knowledge-base,@/modules/knowledge-base/server/v1-knowledge-base-runtime-api-routes,static_import_or_export,production,production,yes,yes,yes,src/app/api/v1/knowledge-base/runtime/documents/upload/route.ts -> @/modules/knowledge-base/server/v1-knowledge-base-runtime-api-routes
knowledge_workbench,src/app/api/v1/knowledge-base/runtime/index-jobs/route.ts,__src_app__,src/modules/knowledge-base/server/v1-knowledge-base-runtime-api-routes.ts,knowledge-base,@/modules/knowledge-base/server/v1-knowledge-base-runtime-api-routes,static_import_or_export,production,production,yes,yes,yes,src/app/api/v1/knowledge-base/runtime/index-jobs/route.ts -> @/modules/knowledge-base/server/v1-knowledge-base-runtime-api-routes
knowledge_workbench,src/app/api/v1/knowledge-base/runtime/index-jobs/run/route.ts,__src_app__,src/modules/knowledge-base/server/v1-knowledge-base-runtime-api-routes.ts,knowledge-base,@/modules/knowledge-base/server/v1-knowledge-base-runtime-api-routes,static_import_or_export,production,production,yes,yes,yes,src/app/api/v1/knowledge-base/runtime/index-jobs/run/route.ts -> @/modules/knowledge-base/server/v1-knowledge-base-runtime-api-routes
knowledge_workbench,src/app/api/v1/knowledge-base/runtime/search/route.ts,__src_app__,src/modules/knowledge-base/server/v1-knowledge-base-runtime-api-routes.ts,knowledge-base,@/modules/knowledge-base/server/v1-knowledge-base-runtime-api-routes,static_import_or_export,production,production,yes,yes,yes,src/app/api/v1/knowledge-base/runtime/search/route.ts -> @/modules/knowledge-base/server/v1-knowledge-base-runtime-api-routes
shared_types_services,src/app/api/v1/open-platform/ai-model-config/route.ts,__src_app__,src/modules/audit/domain/audit-events.ts,audit,@/modules/audit/domain/audit-events,static_import_or_export,production,production,yes,yes,no,src/app/api/v1/open-platform/ai-model-config/route.ts -> @/modules/audit/domain/audit-events
shared_types_services,src/app/api/v1/open-platform/ai-model-config/route.ts,__src_app__,src/modules/audit/server/audit-event-repository.ts,audit,@/modules/audit/server/audit-event-repository,static_import_or_export,production,production,yes,yes,yes,src/app/api/v1/open-platform/ai-model-config/route.ts -> @/modules/audit/server/audit-event-repository
shared_types_services,src/app/api/v1/open-platform/ai-model-config/route.ts,__src_app__,src/modules/security/domain/access-control.ts,security,@/modules/security/domain/access-control,static_import_or_export,production,production,yes,yes,no,src/app/api/v1/open-platform/ai-model-config/route.ts -> @/modules/security/domain/access-control
shared_types_services,src/app/api/v1/open-platform/ai-model-config/route.ts,__src_app__,src/modules/security/server/access-context.ts,security,@/modules/security/server/access-context,static_import_or_export,production,production,yes,yes,yes,src/app/api/v1/open-platform/ai-model-config/route.ts -> @/modules/security/server/access-context
shared_types_services,src/app/api/v1/open-platform/ai-model-config/sync/route.ts,__src_app__,src/modules/audit/domain/audit-events.ts,audit,@/modules/audit/domain/audit-events,static_import_or_export,production,production,yes,yes,no,src/app/api/v1/open-platform/ai-model-config/sync/route.ts -> @/modules/audit/domain/audit-events
shared_types_services,src/app/api/v1/open-platform/ai-model-config/sync/route.ts,__src_app__,src/modules/audit/server/audit-event-repository.ts,audit,@/modules/audit/server/audit-event-repository,static_import_or_export,production,production,yes,yes,yes,src/app/api/v1/open-platform/ai-model-config/sync/route.ts -> @/modules/audit/server/audit-event-repository
shared_types_services,src/app/api/v1/open-platform/ai-model-config/sync/route.ts,__src_app__,src/modules/security/domain/access-control.ts,security,@/modules/security/domain/access-control,static_import_or_export,production,production,yes,yes,no,src/app/api/v1/open-platform/ai-model-config/sync/route.ts -> @/modules/security/domain/access-control
shared_types_services,src/app/api/v1/open-platform/ai-model-config/sync/route.ts,__src_app__,src/modules/security/server/access-context.ts,security,@/modules/security/server/access-context,static_import_or_export,production,production,yes,yes,yes,src/app/api/v1/open-platform/ai-model-config/sync/route.ts -> @/modules/security/server/access-context
shared_types_services,src/app/api/v1/open-platform/ai-model-config/test/route.ts,__src_app__,src/modules/audit/domain/audit-events.ts,audit,@/modules/audit/domain/audit-events,static_import_or_export,production,production,yes,yes,no,src/app/api/v1/open-platform/ai-model-config/test/route.ts -> @/modules/audit/domain/audit-events
shared_types_services,src/app/api/v1/open-platform/ai-model-config/test/route.ts,__src_app__,src/modules/audit/server/audit-event-repository.ts,audit,@/modules/audit/server/audit-event-repository,static_import_or_export,production,production,yes,yes,yes,src/app/api/v1/open-platform/ai-model-config/test/route.ts -> @/modules/audit/server/audit-event-repository
shared_types_services,src/app/api/v1/open-platform/ai-model-config/test/route.ts,__src_app__,src/modules/security/domain/access-control.ts,security,@/modules/security/domain/access-control,static_import_or_export,production,production,yes,yes,no,src/app/api/v1/open-platform/ai-model-config/test/route.ts -> @/modules/security/domain/access-control
shared_types_services,src/app/api/v1/open-platform/ai-model-config/test/route.ts,__src_app__,src/modules/security/server/access-context.ts,security,@/modules/security/server/access-context,static_import_or_export,production,production,yes,yes,yes,src/app/api/v1/open-platform/ai-model-config/test/route.ts -> @/modules/security/server/access-context
shared_types_services,src/app/api/v1/open-platform/ai-runtime/provider-config/route.ts,__src_app__,src/modules/security/server/access-context.ts,security,@/modules/security/server/access-context,static_import_or_export,production,production,yes,yes,yes,src/app/api/v1/open-platform/ai-runtime/provider-config/route.ts -> @/modules/security/server/access-context
shared_types_services,src/app/api/v1/open-platform/ai-runtime/smoke/route.ts,__src_app__,src/modules/security/server/access-context.ts,security,@/modules/security/server/access-context,static_import_or_export,production,production,yes,yes,yes,src/app/api/v1/open-platform/ai-runtime/smoke/route.ts -> @/modules/security/server/access-context
shared_types_services,src/app/api/v1/open-platform/ai-runtime/status/route.ts,__src_app__,src/modules/security/server/access-context.ts,security,@/modules/security/server/access-context,static_import_or_export,production,production,yes,yes,yes,src/app/api/v1/open-platform/ai-runtime/status/route.ts -> @/modules/security/server/access-context
shared_types_services,src/app/api/v1/open-platform/ai-usage/route.ts,__src_app__,src/modules/security/server/access-context.ts,security,@/modules/security/server/access-context,static_import_or_export,production,production,yes,yes,yes,src/app/api/v1/open-platform/ai-usage/route.ts -> @/modules/security/server/access-context
shared_types_services,src/app/api/v1/open-platform/homepage-brand/_shared.ts,__src_app__,src/modules/security/server/access-context.ts,security,@/modules/security/server/access-context,static_import_or_export,production,production,yes,yes,yes,src/app/api/v1/open-platform/homepage-brand/_shared.ts -> @/modules/security/server/access-context
page_domain,src/app/api/v1/open-platform/homepage-brand/draft/route.ts,__src_app__,src/modules/marketing/domain/homepageBrandConfig.ts,marketing,@/modules/marketing/domain/homepageBrandConfig,static_import_or_export,production,production,yes,yes,no,src/app/api/v1/open-platform/homepage-brand/draft/route.ts -> @/modules/marketing/domain/homepageBrandConfig
shared_types_services,src/app/api/v1/open-platform/knowledge-management/capabilities/route.ts,__src_app__,src/modules/security/server/access-context.ts,security,@/modules/security/server/access-context,static_import_or_export,production,production,yes,yes,yes,src/app/api/v1/open-platform/knowledge-management/capabilities/route.ts -> @/modules/security/server/access-context
shared_types_services,src/app/api/v1/open-platform/knowledge-management/directories/[directoryId]/route.ts,__src_app__,src/modules/audit/server/audit-event-repository.ts,audit,@/modules/audit/server/audit-event-repository,static_import_or_export,production,production,yes,yes,yes,src/app/api/v1/open-platform/knowledge-management/directories/[directoryId]/route.ts -> @/modules/audit/server/audit-event-repository
shared_types_services,src/app/api/v1/open-platform/knowledge-management/directories/[directoryId]/route.ts,__src_app__,src/modules/security/server/access-context.ts,security,@/modules/security/server/access-context,static_import_or_export,production,production,yes,yes,yes,src/app/api/v1/open-platform/knowledge-management/directories/[directoryId]/route.ts -> @/modules/security/server/access-context
shared_types_services,src/app/api/v1/open-platform/knowledge-management/directories/reorder/route.ts,__src_app__,src/modules/audit/server/audit-event-repository.ts,audit,@/modules/audit/server/audit-event-repository,static_import_or_export,production,production,yes,yes,yes,src/app/api/v1/open-platform/knowledge-management/directories/reorder/route.ts -> @/modules/audit/server/audit-event-repository
shared_types_services,src/app/api/v1/open-platform/knowledge-management/directories/reorder/route.ts,__src_app__,src/modules/security/server/access-context.ts,security,@/modules/security/server/access-context,static_import_or_export,production,production,yes,yes,yes,src/app/api/v1/open-platform/knowledge-management/directories/reorder/route.ts -> @/modules/security/server/access-context
shared_types_services,src/app/api/v1/open-platform/knowledge-management/directories/route.ts,__src_app__,src/modules/audit/server/audit-event-repository.ts,audit,@/modules/audit/server/audit-event-repository,static_import_or_export,production,production,yes,yes,yes,src/app/api/v1/open-platform/knowledge-management/directories/route.ts -> @/modules/audit/server/audit-event-repository
shared_types_services,src/app/api/v1/open-platform/knowledge-management/directories/route.ts,__src_app__,src/modules/security/server/access-context.ts,security,@/modules/security/server/access-context,static_import_or_export,production,production,yes,yes,yes,src/app/api/v1/open-platform/knowledge-management/directories/route.ts -> @/modules/security/server/access-context
shared_types_services,src/app/api/v1/open-platform/knowledge-management/embeddings/route.ts,__src_app__,src/modules/security/server/access-context.ts,security,@/modules/security/server/access-context,static_import_or_export,production,production,yes,yes,yes,src/app/api/v1/open-platform/knowledge-management/embeddings/route.ts -> @/modules/security/server/access-context
shared_types_services,src/app/api/v1/open-platform/knowledge-management/items/[knowledgeId]/files/[fileId]/download/route.ts,__src_app__,src/modules/security/server/access-context.ts,security,@/modules/security/server/access-context,static_import_or_export,production,production,yes,yes,yes,src/app/api/v1/open-platform/knowledge-management/items/[knowledgeId]/files/[fileId]/download/route.ts -> @/modules/security/server/access-context
shared_types_services,src/app/api/v1/open-platform/knowledge-management/items/[knowledgeId]/files/[fileId]/parse/chunks/route.ts,__src_app__,src/modules/security/server/access-context.ts,security,@/modules/security/server/access-context,static_import_or_export,production,production,yes,yes,yes,src/app/api/v1/open-platform/knowledge-management/items/[knowledgeId]/files/[fileId]/parse/chunks/route.ts -> @/modules/security/server/access-context
shared_types_services,src/app/api/v1/open-platform/knowledge-management/items/[knowledgeId]/files/[fileId]/parse/route.ts,__src_app__,src/modules/security/server/access-context.ts,security,@/modules/security/server/access-context,static_import_or_export,production,production,yes,yes,yes,src/app/api/v1/open-platform/knowledge-management/items/[knowledgeId]/files/[fileId]/parse/route.ts -> @/modules/security/server/access-context
shared_types_services,src/app/api/v1/open-platform/knowledge-management/items/[knowledgeId]/files/[fileId]/route.ts,__src_app__,src/modules/security/server/access-context.ts,security,@/modules/security/server/access-context,static_import_or_export,production,production,yes,yes,yes,src/app/api/v1/open-platform/knowledge-management/items/[knowledgeId]/files/[fileId]/route.ts -> @/modules/security/server/access-context
shared_types_services,src/app/api/v1/open-platform/knowledge-management/items/[knowledgeId]/files/route.ts,__src_app__,src/modules/security/server/access-context.ts,security,@/modules/security/server/access-context,static_import_or_export,production,production,yes,yes,yes,src/app/api/v1/open-platform/knowledge-management/items/[knowledgeId]/files/route.ts -> @/modules/security/server/access-context
shared_types_services,src/app/api/v1/open-platform/knowledge-management/qa/audits/route.ts,__src_app__,src/modules/security/server/access-context.ts,security,@/modules/security/server/access-context,static_import_or_export,production,production,yes,yes,yes,src/app/api/v1/open-platform/knowledge-management/qa/audits/route.ts -> @/modules/security/server/access-context
shared_types_services,src/app/api/v1/open-platform/knowledge-management/qa/route.ts,__src_app__,src/modules/security/server/access-context.ts,security,@/modules/security/server/access-context,static_import_or_export,production,production,yes,yes,yes,src/app/api/v1/open-platform/knowledge-management/qa/route.ts -> @/modules/security/server/access-context
shared_types_services,src/app/api/v1/open-platform/knowledge-management/search/route.ts,__src_app__,src/modules/security/server/access-context.ts,security,@/modules/security/server/access-context,static_import_or_export,production,production,yes,yes,yes,src/app/api/v1/open-platform/knowledge-management/search/route.ts -> @/modules/security/server/access-context
shared_types_services,src/app/api/v1/open-platform/knowledge-management/vector-search/route.ts,__src_app__,src/modules/security/server/access-context.ts,security,@/modules/security/server/access-context,static_import_or_export,production,production,yes,yes,yes,src/app/api/v1/open-platform/knowledge-management/vector-search/route.ts -> @/modules/security/server/access-context
shared_types_services,src/app/api/v1/open-platform/package-ai-quota/route.ts,__src_app__,src/modules/security/server/access-context.ts,security,@/modules/security/server/access-context,static_import_or_export,production,production,yes,yes,yes,src/app/api/v1/open-platform/package-ai-quota/route.ts -> @/modules/security/server/access-context
shared_types_services,src/app/api/v1/open-platform/plan-catalog/_shared.ts,__src_app__,src/modules/security/server/access-context.ts,security,@/modules/security/server/access-context,static_import_or_export,production,production,yes,yes,yes,src/app/api/v1/open-platform/plan-catalog/_shared.ts -> @/modules/security/server/access-context
shared_types_services,src/app/api/v1/open-platform/provider-configs/route.ts,__src_app__,src/modules/security/server/access-context.ts,security,@/modules/security/server/access-context,static_import_or_export,production,production,yes,yes,yes,src/app/api/v1/open-platform/provider-configs/route.ts -> @/modules/security/server/access-context
shared_types_services,src/app/api/v1/open-platform/provider-configs/smoke/route.ts,__src_app__,src/modules/security/server/access-context.ts,security,@/modules/security/server/access-context,static_import_or_export,production,production,yes,yes,yes,src/app/api/v1/open-platform/provider-configs/smoke/route.ts -> @/modules/security/server/access-context
shared_types_services,src/app/api/v1/open-platform/tenant-plan-options/route.ts,__src_app__,src/modules/security/domain/access-control.ts,security,@/modules/security/domain/access-control,static_import_or_export,production,production,yes,yes,no,src/app/api/v1/open-platform/tenant-plan-options/route.ts -> @/modules/security/domain/access-control
shared_types_services,src/app/api/v1/open-platform/tenant-plan-options/route.ts,__src_app__,src/modules/security/server/access-context.ts,security,@/modules/security/server/access-context,static_import_or_export,production,production,yes,yes,yes,src/app/api/v1/open-platform/tenant-plan-options/route.ts -> @/modules/security/server/access-context
shared_types_services,src/app/api/v1/open-platform/tenants/[tenantId]/_plan-change-shared.ts,__src_app__,src/modules/security/domain/access-control.ts,security,@/modules/security/domain/access-control,static_import_or_export,production,production,yes,yes,no,src/app/api/v1/open-platform/tenants/[tenantId]/_plan-change-shared.ts -> @/modules/security/domain/access-control
shared_types_services,src/app/api/v1/open-platform/tenants/[tenantId]/_plan-change-shared.ts,__src_app__,src/modules/security/server/access-context.ts,security,@/modules/security/server/access-context,static_import_or_export,production,production,yes,yes,yes,src/app/api/v1/open-platform/tenants/[tenantId]/_plan-change-shared.ts -> @/modules/security/server/access-context
shared_types_services,src/app/api/v1/open-platform/tenants/[tenantId]/account/route.ts,__src_app__,src/modules/security/domain/access-control.ts,security,@/modules/security/domain/access-control,static_import_or_export,production,production,yes,yes,no,src/app/api/v1/open-platform/tenants/[tenantId]/account/route.ts -> @/modules/security/domain/access-control
shared_types_services,src/app/api/v1/open-platform/tenants/[tenantId]/account/route.ts,__src_app__,src/modules/security/server/access-context.ts,security,@/modules/security/server/access-context,static_import_or_export,production,production,yes,yes,yes,src/app/api/v1/open-platform/tenants/[tenantId]/account/route.ts -> @/modules/security/server/access-context
shared_types_services,src/app/api/v1/open-platform/tenants/[tenantId]/commercial-records/route.ts,__src_app__,src/modules/security/domain/access-control.ts,security,@/modules/security/domain/access-control,static_import_or_export,production,production,yes,yes,no,src/app/api/v1/open-platform/tenants/[tenantId]/commercial-records/route.ts -> @/modules/security/domain/access-control
shared_types_services,src/app/api/v1/open-platform/tenants/[tenantId]/commercial-records/route.ts,__src_app__,src/modules/security/server/access-context.ts,security,@/modules/security/server/access-context,static_import_or_export,production,production,yes,yes,yes,src/app/api/v1/open-platform/tenants/[tenantId]/commercial-records/route.ts -> @/modules/security/server/access-context
shared_types_services,src/app/api/v1/open-platform/tenants/[tenantId]/entitlement-usage/route.ts,__src_app__,src/modules/security/domain/access-control.ts,security,@/modules/security/domain/access-control,static_import_or_export,production,production,yes,yes,no,src/app/api/v1/open-platform/tenants/[tenantId]/entitlement-usage/route.ts -> @/modules/security/domain/access-control
shared_types_services,src/app/api/v1/open-platform/tenants/[tenantId]/entitlement-usage/route.ts,__src_app__,src/modules/security/server/access-context.ts,security,@/modules/security/server/access-context,static_import_or_export,production,production,yes,yes,yes,src/app/api/v1/open-platform/tenants/[tenantId]/entitlement-usage/route.ts -> @/modules/security/server/access-context
shared_types_services,src/app/api/v1/open-platform/tenants/route.ts,__src_app__,src/modules/security/domain/access-control.ts,security,@/modules/security/domain/access-control,static_import_or_export,production,production,yes,yes,no,src/app/api/v1/open-platform/tenants/route.ts -> @/modules/security/domain/access-control
shared_types_services,src/app/api/v1/open-platform/tenants/route.ts,__src_app__,src/modules/security/server/access-context.ts,security,@/modules/security/server/access-context,static_import_or_export,production,production,yes,yes,yes,src/app/api/v1/open-platform/tenants/route.ts -> @/modules/security/server/access-context
shared_types_services,src/app/api/v1/open-platform/trial-data-reset/route.ts,__src_app__,src/modules/audit/domain/audit-events.ts,audit,@/modules/audit/domain/audit-events,static_import_or_export,production,production,yes,yes,no,src/app/api/v1/open-platform/trial-data-reset/route.ts -> @/modules/audit/domain/audit-events
shared_types_services,src/app/api/v1/open-platform/trial-data-reset/route.ts,__src_app__,src/modules/security/server/access-context.ts,security,@/modules/security/server/access-context,static_import_or_export,production,production,yes,yes,yes,src/app/api/v1/open-platform/trial-data-reset/route.ts -> @/modules/security/server/access-context
customer_followup|shared_types_services,src/app/hospital/[...slug]/page.tsx,__src_app__,src/modules/institution-contracts/v1/institution-navigation.ts,institution-contracts,@/modules/institution-contracts/v1/institution-navigation,static_import_or_export,production,production,yes,no,no,src/app/hospital/[...slug]/page.tsx -> @/modules/institution-contracts/v1/institution-navigation
shared_types_services,src/app/hospital/[...slug]/page.tsx,__src_app__,src/modules/security/server/institution-request-authorization.ts,security,@/modules/security/server/institution-request-authorization,static_import_or_export,production,production,yes,no,yes,src/app/hospital/[...slug]/page.tsx -> @/modules/security/server/institution-request-authorization
customer_followup|shared_types_services,src/app/hospital/page.tsx,__src_app__,src/modules/institution-contracts/v1/institution-navigation.ts,institution-contracts,@/modules/institution-contracts/v1/institution-navigation,static_import_or_export,production,production,yes,no,no,src/app/hospital/page.tsx -> @/modules/institution-contracts/v1/institution-navigation
knowledge_workbench,src/app/hospital/page.tsx,__src_app__,src/modules/institution-workbench/components/InstitutionWorkbenchCapabilityOff.tsx,institution-workbench,@/modules/institution-workbench/components/InstitutionWorkbenchCapabilityOff,static_import_or_export,production,production,yes,no,no,src/app/hospital/page.tsx -> @/modules/institution-workbench/components/InstitutionWorkbenchCapabilityOff
shared_types_services,src/app/hospital/page.tsx,__src_app__,src/modules/security/server/institution-request-authorization.ts,security,@/modules/security/server/institution-request-authorization,static_import_or_export,production,production,yes,no,yes,src/app/hospital/page.tsx -> @/modules/security/server/institution-request-authorization
shared_types_services,src/app/open-platform/page.tsx,__src_app__,src/modules/auth/components/DemoSessionGate.tsx,auth,@/modules/auth/components/DemoSessionGate,static_import_or_export,production,production,yes,no,yes,src/app/open-platform/page.tsx -> @/modules/auth/components/DemoSessionGate
knowledge_workbench,src/app/open-platform/page.tsx,__src_app__,src/modules/workspace/components/PlatformConsole.tsx,workspace,@/modules/workspace/components/PlatformConsole,static_import_or_export,production,production,yes,no,no,src/app/open-platform/page.tsx -> @/modules/workspace/components/PlatformConsole
shared_types_services,src/modules/audit/server/audit-event-dto.ts,audit,src/server/db/schema.ts,__src_server__,@/server/db/schema,static_import_or_export,production,production,yes,yes,yes,src/modules/audit/server/audit-event-dto.ts -> @/server/db/schema
shared_types_services,src/modules/audit/server/audit-event-repository.ts,audit,src/modules/institution/domain/followup-path-analysis.ts,institution,@/modules/institution/domain/followup-path-analysis,static_import_or_export,production,production,yes,yes,no,src/modules/audit/server/audit-event-repository.ts -> @/modules/institution/domain/followup-path-analysis
shared_types_services,src/modules/audit/server/audit-event-repository.ts,audit,src/server/db/client.ts,__src_server__,@/server/db/client,static_import_or_export,production,production,yes,yes,yes,src/modules/audit/server/audit-event-repository.ts -> @/server/db/client
shared_types_services,src/modules/audit/server/audit-event-repository.ts,audit,src/server/db/schema.ts,__src_server__,@/server/db/schema,static_import_or_export,production,production,yes,yes,yes,src/modules/audit/server/audit-event-repository.ts -> @/server/db/schema
shared_types_services,src/modules/audit/tests/AuditEventRepository.test.ts,audit,src/server/db/client.ts,__src_server__,@/server/db/client,static_import_or_export,test,production,no,yes,yes,src/modules/audit/tests/AuditEventRepository.test.ts -> @/server/db/client
shared_types_services,src/modules/audit/tests/AuditEventRepository.test.ts,audit,src/server/db/schema.ts,__src_server__,@/server/db/schema,static_import_or_export,test,production,no,yes,yes,src/modules/audit/tests/AuditEventRepository.test.ts -> @/server/db/schema
shared_types_services,src/modules/audit/tests/AuditEventsDomain.test.ts,audit,src/modules/security/domain/access-control.ts,security,@/modules/security/domain/access-control,static_import_or_export,test,production,no,no,no,src/modules/audit/tests/AuditEventsDomain.test.ts -> @/modules/security/domain/access-control
shared_types_services,src/modules/audit/tests/InstitutionAuditEventsApiRoute.test.ts,audit,src/app/api/institution/audit-events/route.ts,__src_app__,@/app/api/institution/audit-events/route,static_import_or_export,test,production,no,yes,yes,src/modules/audit/tests/InstitutionAuditEventsApiRoute.test.ts -> @/app/api/institution/audit-events/route
shared_types_services,src/modules/audit/tests/InstitutionAuditEventsApiRoute.test.ts,audit,src/modules/security/server/access-context.ts,security,@/modules/security/server/access-context,test_mock,test,production,no,yes,yes,src/modules/audit/tests/InstitutionAuditEventsApiRoute.test.ts -> @/modules/security/server/access-context
shared_types_services,src/modules/audit/tests/InstitutionAuditEventsApiRoute.test.ts,audit,src/server/db/client.ts,__src_server__,@/server/db/client,test_mock,test,production,no,yes,yes,src/modules/audit/tests/InstitutionAuditEventsApiRoute.test.ts -> @/server/db/client
shared_types_services,src/modules/audit/tests/OpenPlatformAuditEventsApiRoute.test.ts,audit,src/app/api/open-platform/audit-events/route.ts,__src_app__,@/app/api/open-platform/audit-events/route,static_import_or_export,test,production,no,yes,yes,src/modules/audit/tests/OpenPlatformAuditEventsApiRoute.test.ts -> @/app/api/open-platform/audit-events/route
shared_types_services,src/modules/audit/tests/OpenPlatformAuditEventsApiRoute.test.ts,audit,src/modules/security/domain/access-control.ts,security,@/modules/security/domain/access-control,static_import_or_export,test,production,no,yes,no,src/modules/audit/tests/OpenPlatformAuditEventsApiRoute.test.ts -> @/modules/security/domain/access-control
shared_types_services,src/modules/audit/tests/OpenPlatformAuditEventsApiRoute.test.ts,audit,src/modules/security/server/access-context.ts,security,@/modules/security/server/access-context,literal_dynamic_or_require|test_mock,test,production,no,yes,yes,src/modules/audit/tests/OpenPlatformAuditEventsApiRoute.test.ts -> @/modules/security/server/access-context
shared_types_services,src/modules/audit/tests/OpenPlatformAuditEventsApiRoute.test.ts,audit,src/server/db/client.ts,__src_server__,@/server/db/client,literal_dynamic_or_require|test_mock,test,production,no,yes,yes,src/modules/audit/tests/OpenPlatformAuditEventsApiRoute.test.ts -> @/server/db/client
page_domain|shared_types_services,src/modules/auth/components/ConfiguredLoginPages.tsx,auth,src/modules/marketing/domain/homepageBrandConfig.ts,marketing,@/modules/marketing/domain/homepageBrandConfig,static_import_or_export,production,production,yes,yes,no,src/modules/auth/components/ConfiguredLoginPages.tsx -> @/modules/marketing/domain/homepageBrandConfig
shared_types_services,src/modules/auth/components/LogoutButton.tsx,auth,src/shared/utils/cn.ts,__src_shared__,@/shared/utils/cn,static_import_or_export,production,production,yes,yes,no,src/modules/auth/components/LogoutButton.tsx -> @/shared/utils/cn
shared_types_services,src/modules/auth/components/LuxuryLoginShell.tsx,auth,src/shared/utils/cn.ts,__src_shared__,@/shared/utils/cn,static_import_or_export,production,production,yes,no,no,src/modules/auth/components/LuxuryLoginShell.tsx -> @/shared/utils/cn
customer_followup|shared_types_services,src/modules/auth/server/auth-account-repository.ts,auth,src/modules/institution-contracts/v1/institution-navigation.ts,institution-contracts,@/modules/institution-contracts/v1/institution-navigation,static_import_or_export,production,production,yes,yes,no,src/modules/auth/server/auth-account-repository.ts -> @/modules/institution-contracts/v1/institution-navigation
shared_types_services,src/modules/auth/server/auth-account-repository.ts,auth,src/modules/security/domain/institution-access.ts,security,@/modules/security/domain/institution-access,static_import_or_export,production,production,yes,yes,no,src/modules/auth/server/auth-account-repository.ts -> @/modules/security/domain/institution-access
shared_types_services,src/modules/auth/server/auth-account-repository.ts,auth,src/server/db/client.ts,__src_server__,@/server/db/client,static_import_or_export,production,production,yes,yes,yes,src/modules/auth/server/auth-account-repository.ts -> @/server/db/client
shared_types_services,src/modules/auth/server/formal-server-session-provenance-owner.ts,auth,src/modules/security/domain/institution-access.ts,security,@/modules/security/domain/institution-access,static_import_or_export,production,production,yes,yes,no,src/modules/auth/server/formal-server-session-provenance-owner.ts -> @/modules/security/domain/institution-access
shared_types_services,src/modules/auth/server/formal-server-session-provenance-owner.ts,auth,src/modules/security/server/institution-guard-reference.ts,security,@/modules/security/server/institution-guard-reference,static_import_or_export,production,production,yes,yes,yes,src/modules/auth/server/formal-server-session-provenance-owner.ts -> @/modules/security/server/institution-guard-reference
shared_types_services,src/modules/auth/tests/AuthAccountRepository.test.ts,auth,src/server/db/client.ts,__src_server__,@/server/db/client,static_import_or_export,test,production,no,yes,yes,src/modules/auth/tests/AuthAccountRepository.test.ts -> @/server/db/client
shared_types_services,src/modules/auth/tests/AuthAccountService.test.ts,auth,src/modules/security/domain/access-control.ts,security,@/modules/security/domain/access-control,static_import_or_export,test,production,no,yes,no,src/modules/auth/tests/AuthAccountService.test.ts -> @/modules/security/domain/access-control
shared_types_services,src/modules/auth/tests/DemoAuthRoutes.test.ts,auth,src/app/api/auth/login/route.ts,__src_app__,@/app/api/auth/login/route,static_import_or_export,test,production,no,no,yes,src/modules/auth/tests/DemoAuthRoutes.test.ts -> @/app/api/auth/login/route
shared_types_services,src/modules/auth/tests/DemoAuthRoutes.test.ts,auth,src/app/api/auth/logout/route.ts,__src_app__,@/app/api/auth/logout/route,static_import_or_export,test,production,no,no,yes,src/modules/auth/tests/DemoAuthRoutes.test.ts -> @/app/api/auth/logout/route
shared_types_services,src/modules/auth/tests/DemoAuthRoutes.test.ts,auth,src/app/api/auth/session/route.ts,__src_app__,@/app/api/auth/session/route,static_import_or_export,test,production,no,no,yes,src/modules/auth/tests/DemoAuthRoutes.test.ts -> @/app/api/auth/session/route
shared_types_services,src/modules/auth/tests/FormalAuthRoutes.test.ts,auth,src/app/api/auth/login/route.ts,__src_app__,@/app/api/auth/login/route,literal_dynamic_or_require,test,production,no,yes,yes,src/modules/auth/tests/FormalAuthRoutes.test.ts -> @/app/api/auth/login/route
shared_types_services,src/modules/auth/tests/FormalAuthRoutes.test.ts,auth,src/app/api/auth/logout/route.ts,__src_app__,@/app/api/auth/logout/route,literal_dynamic_or_require,test,production,no,yes,yes,src/modules/auth/tests/FormalAuthRoutes.test.ts -> @/app/api/auth/logout/route
shared_types_services,src/modules/auth/tests/FormalAuthRoutes.test.ts,auth,src/app/api/auth/session/route.ts,__src_app__,@/app/api/auth/session/route,literal_dynamic_or_require,test,production,no,yes,yes,src/modules/auth/tests/FormalAuthRoutes.test.ts -> @/app/api/auth/session/route
shared_types_services,src/modules/auth/tests/FormalAuthRoutes.test.ts,auth,src/modules/audit/server/audit-event-repository.ts,audit,@/modules/audit/server/audit-event-repository,literal_dynamic_or_require|test_mock,test,production,no,yes,yes,src/modules/auth/tests/FormalAuthRoutes.test.ts -> @/modules/audit/server/audit-event-repository
shared_types_services,src/modules/auth/tests/FormalAuthRoutes.test.ts,auth,src/modules/security/server/institution-guard-runtime-config.ts,security,@/modules/security/server/institution-guard-runtime-config,literal_dynamic_or_require|test_mock,test,production,no,yes,yes,src/modules/auth/tests/FormalAuthRoutes.test.ts -> @/modules/security/server/institution-guard-runtime-config
shared_types_services,src/modules/auth/tests/FormalAuthRoutes.test.ts,auth,src/server/db/client.ts,__src_server__,@/server/db/client,literal_dynamic_or_require|test_mock,test,production,no,yes,yes,src/modules/auth/tests/FormalAuthRoutes.test.ts -> @/server/db/client
shared_types_services,src/modules/auth/tests/FormalServerSessionProvenanceOwner.test.ts,auth,src/modules/security/server/institution-guard-evidence.ts,security,@/modules/security/server/institution-guard-evidence,static_import_or_export,test,production,no,yes,yes,src/modules/auth/tests/FormalServerSessionProvenanceOwner.test.ts -> @/modules/security/server/institution-guard-evidence
shared_types_services,src/modules/auth/tests/FormalServerSessionProvenanceOwner.test.ts,auth,src/modules/security/server/institution-guard-reference.ts,security,@/modules/security/server/institution-guard-reference,static_import_or_export,test,production,no,yes,yes,src/modules/auth/tests/FormalServerSessionProvenanceOwner.test.ts -> @/modules/security/server/institution-guard-reference
shared_types_services,src/modules/auth/tests/FormalServerSessionProvenanceOwner.test.ts,auth,src/server/db/client.ts,__src_server__,@/server/db/client,static_import_or_export,test,production,no,yes,yes,src/modules/auth/tests/FormalServerSessionProvenanceOwner.test.ts -> @/server/db/client
customer_followup|shared_types_services,src/modules/customer-center/domain/customer-list-item.ts,customer-center,src/modules/institution-contracts/v1/customer.ts,institution-contracts,@/modules/institution-contracts/v1/customer,static_import_or_export,production,production,yes,no,no,src/modules/customer-center/domain/customer-list-item.ts -> @/modules/institution-contracts/v1/customer
customer_followup|shared_types_services,src/modules/customer-center/domain/customer-overview.ts,customer-center,src/modules/institution-contracts/v1/customer.ts,institution-contracts,@/modules/institution-contracts/v1/customer,static_import_or_export,production,production,yes,no,no,src/modules/customer-center/domain/customer-overview.ts -> @/modules/institution-contracts/v1/customer
customer_followup|shared_types_services,src/modules/customer-center/domain/customer-projections.ts,customer-center,src/modules/institution-contracts/v1/customer.ts,institution-contracts,@/modules/institution-contracts/v1/customer,static_import_or_export,production,production,yes,no,no,src/modules/customer-center/domain/customer-projections.ts -> @/modules/institution-contracts/v1/customer
customer_followup|shared_types_services,src/modules/institution-conversations/domain/conversations.ts,institution-conversations,src/modules/institution-contracts/v1/customer.ts,institution-contracts,@/modules/institution-contracts/v1/customer,static_import_or_export,production,production,yes,no,no,src/modules/institution-conversations/domain/conversations.ts -> @/modules/institution-contracts/v1/customer
knowledge_workbench,src/modules/institution-workbench/components/InstitutionWorkbenchShell.tsx,institution-workbench,src/shared/utils/cn.ts,__src_shared__,@/shared/utils/cn,static_import_or_export,production,production,yes,no,no,src/modules/institution-workbench/components/InstitutionWorkbenchShell.tsx -> @/shared/utils/cn
knowledge_workbench,src/modules/institution-workbench/components/WorkbenchActionQueue.tsx,institution-workbench,src/shared/utils/cn.ts,__src_shared__,@/shared/utils/cn,static_import_or_export,production,production,yes,no,no,src/modules/institution-workbench/components/WorkbenchActionQueue.tsx -> @/shared/utils/cn
customer_followup|knowledge_workbench|shared_types_services,src/modules/institution-workbench/domain/workbench-action-view-models.ts,institution-workbench,src/modules/institution-contracts/v1/institution-action.ts,institution-contracts,@/modules/institution-contracts/v1/institution-action,static_import_or_export,production,production,yes,no,no,src/modules/institution-workbench/domain/workbench-action-view-models.ts -> @/modules/institution-contracts/v1/institution-action
customer_followup|knowledge_workbench|shared_types_services,src/modules/institution-workbench/domain/workbench-action-view-models.ts,institution-workbench,src/modules/institution-contracts/v1/institution-source.ts,institution-contracts,@/modules/institution-contracts/v1/institution-source,static_import_or_export,production,production,yes,no,no,src/modules/institution-workbench/domain/workbench-action-view-models.ts -> @/modules/institution-contracts/v1/institution-source
customer_followup|knowledge_workbench|shared_types_services,src/modules/institution-workbench/domain/workbench-capability-view-models.ts,institution-workbench,src/modules/institution-contracts/v1/institution-source.ts,institution-contracts,@/modules/institution-contracts/v1/institution-source,static_import_or_export,production,production,yes,no,no,src/modules/institution-workbench/domain/workbench-capability-view-models.ts -> @/modules/institution-contracts/v1/institution-source
customer_followup|knowledge_workbench|shared_types_services,src/modules/institution-workbench/domain/workbench-lifecycle-view-models.ts,institution-workbench,src/modules/institution-contracts/v1/customer.ts,institution-contracts,@/modules/institution-contracts/v1/customer,static_import_or_export,production,production,yes,no,no,src/modules/institution-workbench/domain/workbench-lifecycle-view-models.ts -> @/modules/institution-contracts/v1/customer
customer_followup|knowledge_workbench|shared_types_services,src/modules/institution-workbench/domain/workbench-lifecycle-view-models.ts,institution-workbench,src/modules/institution-contracts/v1/institution-source.ts,institution-contracts,@/modules/institution-contracts/v1/institution-source,static_import_or_export,production,production,yes,no,no,src/modules/institution-workbench/domain/workbench-lifecycle-view-models.ts -> @/modules/institution-contracts/v1/institution-source
knowledge_workbench|shared_types_services,src/modules/institution-workbench/server/institution-workbench-entry.ts,institution-workbench,src/modules/security/server/institution-section-guard.ts,security,@/modules/security/server/institution-section-guard,static_import_or_export,production,production,yes,yes,yes,src/modules/institution-workbench/server/institution-workbench-entry.ts -> @/modules/security/server/institution-section-guard
knowledge_workbench,src/modules/institution-workbench/server/institution-workbench-runtime.ts,institution-workbench,src/modules/institution/server/institution-server-runtime.ts,institution,@/modules/institution/server/institution-server-runtime,static_import_or_export,production,production,yes,yes,yes,src/modules/institution-workbench/server/institution-workbench-runtime.ts -> @/modules/institution/server/institution-server-runtime
knowledge_workbench|shared_types_services,src/modules/institution-workbench/server/institution-workbench-runtime.ts,institution-workbench,src/modules/security/server/institution-request-authorization.ts,security,@/modules/security/server/institution-request-authorization,static_import_or_export,production,production,yes,yes,yes,src/modules/institution-workbench/server/institution-workbench-runtime.ts -> @/modules/security/server/institution-request-authorization
knowledge_workbench,src/modules/institution-workbench/tests/HospitalWorkbenchEntry.test.tsx,institution-workbench,src/app/hospital/page.tsx,__src_app__,@/app/hospital/page,static_import_or_export,test,production,no,no,no,src/modules/institution-workbench/tests/HospitalWorkbenchEntry.test.tsx -> @/app/hospital/page
knowledge_workbench|shared_types_services,src/modules/institution-workbench/tests/HospitalWorkbenchEntry.test.tsx,institution-workbench,src/modules/auth/server/auth-account-repository.ts,auth,@/modules/auth/server/auth-account-repository,static_import_or_export,test,production,no,no,yes,src/modules/institution-workbench/tests/HospitalWorkbenchEntry.test.tsx -> @/modules/auth/server/auth-account-repository
customer_followup|knowledge_workbench|shared_types_services,src/modules/institution-workbench/tests/HospitalWorkbenchEntry.test.tsx,institution-workbench,src/modules/institution-contracts/v1/institution-navigation.ts,institution-contracts,@/modules/institution-contracts/v1/institution-navigation,static_import_or_export,test,production,no,no,no,src/modules/institution-workbench/tests/HospitalWorkbenchEntry.test.tsx -> @/modules/institution-contracts/v1/institution-navigation
knowledge_workbench,src/modules/institution-workbench/tests/HospitalWorkbenchEntry.test.tsx,institution-workbench,src/modules/institution/server/institution-server-runtime.ts,institution,@/modules/institution/server/institution-server-runtime,test_mock,test,production,no,no,yes,src/modules/institution-workbench/tests/HospitalWorkbenchEntry.test.tsx -> @/modules/institution/server/institution-server-runtime
knowledge_workbench|shared_types_services,src/modules/institution-workbench/tests/HospitalWorkbenchEntry.test.tsx,institution-workbench,src/modules/security/server/institution-anchor-repository.ts,security,@/modules/security/server/institution-anchor-repository,static_import_or_export,test,production,no,no,yes,src/modules/institution-workbench/tests/HospitalWorkbenchEntry.test.tsx -> @/modules/security/server/institution-anchor-repository
knowledge_workbench,src/modules/institution-workbench/tests/InstitutionWorkbenchRuntime.test.ts,institution-workbench,src/modules/institution/server/institution-server-runtime.ts,institution,@/modules/institution/server/institution-server-runtime,literal_dynamic_or_require|static_import_or_export|test_mock,test,production,no,yes,yes,src/modules/institution-workbench/tests/InstitutionWorkbenchRuntime.test.ts -> @/modules/institution/server/institution-server-runtime
customer_followup|knowledge_workbench|shared_types_services,src/modules/institution-workbench/tests/WorkbenchCapabilityContractBoundary.test.ts,institution-workbench,src/modules/institution-contracts/v1/institution-capability.ts,institution-contracts,@/modules/institution-contracts/v1/institution-capability,static_import_or_export,test,production,no,yes,no,src/modules/institution-workbench/tests/WorkbenchCapabilityContractBoundary.test.ts -> @/modules/institution-contracts/v1/institution-capability
knowledge_workbench,src/modules/institution/components/InstitutionKnowledgeReadonlyShell.tsx,institution,src/modules/knowledge-base/domain/v1-knowledge-base-controlled-trial-readiness.ts,knowledge-base,@/modules/knowledge-base/domain/v1-knowledge-base-controlled-trial-readiness,static_import_or_export,production,production,yes,yes,no,src/modules/institution/components/InstitutionKnowledgeReadonlyShell.tsx -> @/modules/knowledge-base/domain/v1-knowledge-base-controlled-trial-readiness
shared_types_services,src/modules/institution/domain/ai-auto-strategy.ts,institution,src/modules/audit/domain/audit-events.ts,audit,@/modules/audit/domain/audit-events,static_import_or_export,production,production,yes,no,no,src/modules/institution/domain/ai-auto-strategy.ts -> @/modules/audit/domain/audit-events
shared_types_services,src/modules/institution/domain/ai-conversation-workbench.ts,institution,src/modules/audit/domain/audit-events.ts,audit,@/modules/audit/domain/audit-events,static_import_or_export,production,production,yes,no,no,src/modules/institution/domain/ai-conversation-workbench.ts -> @/modules/audit/domain/audit-events
shared_types_services,src/modules/institution/domain/appointment-records.ts,institution,src/modules/security/domain/access-control.ts,security,@/modules/security/domain/access-control,static_import_or_export,production,production,yes,no,no,src/modules/institution/domain/appointment-records.ts -> @/modules/security/domain/access-control
shared_types_services,src/modules/institution/domain/customer-records.ts,institution,src/modules/security/domain/access-control.ts,security,@/modules/security/domain/access-control,static_import_or_export,production,production,yes,no,no,src/modules/institution/domain/customer-records.ts -> @/modules/security/domain/access-control
shared_types_services,src/modules/institution/domain/customer-timeline.ts,institution,src/modules/audit/domain/audit-events.ts,audit,@/modules/audit/domain/audit-events,static_import_or_export,production,production,yes,no,no,src/modules/institution/domain/customer-timeline.ts -> @/modules/audit/domain/audit-events
shared_types_services,src/modules/institution/domain/followup-workflow.ts,institution,src/modules/security/domain/access-control.ts,security,@/modules/security/domain/access-control,static_import_or_export,production,production,yes,no,no,src/modules/institution/domain/followup-workflow.ts -> @/modules/security/domain/access-control
shared_types_services,src/modules/institution/domain/real-channel-preflight.ts,institution,src/modules/audit/domain/audit-events.ts,audit,@/modules/audit/domain/audit-events,static_import_or_export,production,production,yes,no,no,src/modules/institution/domain/real-channel-preflight.ts -> @/modules/audit/domain/audit-events
shared_types_services,src/modules/institution/domain/real-channel-preflight.ts,institution,src/modules/security/domain/access-control.ts,security,@/modules/security/domain/access-control,static_import_or_export,production,production,yes,no,no,src/modules/institution/domain/real-channel-preflight.ts -> @/modules/security/domain/access-control
shared_types_services,src/modules/institution/domain/wecom-controlled-reachout.ts,institution,src/modules/audit/domain/audit-events.ts,audit,@/modules/audit/domain/audit-events,static_import_or_export,production,production,yes,no,no,src/modules/institution/domain/wecom-controlled-reachout.ts -> @/modules/audit/domain/audit-events
shared_types_services,src/modules/institution/domain/wecom-official-dry-run-config.ts,institution,src/modules/audit/domain/audit-events.ts,audit,@/modules/audit/domain/audit-events,static_import_or_export,production,production,yes,yes,no,src/modules/institution/domain/wecom-official-dry-run-config.ts -> @/modules/audit/domain/audit-events
shared_types_services,src/modules/institution/domain/wecom-official-dry-run-config.ts,institution,src/modules/security/domain/access-control.ts,security,@/modules/security/domain/access-control,static_import_or_export,production,production,yes,yes,no,src/modules/institution/domain/wecom-official-dry-run-config.ts -> @/modules/security/domain/access-control
shared_types_services,src/modules/institution/domain/wecom-official-dry-run.ts,institution,src/modules/audit/domain/audit-events.ts,audit,@/modules/audit/domain/audit-events,static_import_or_export,production,production,yes,yes,no,src/modules/institution/domain/wecom-official-dry-run.ts -> @/modules/audit/domain/audit-events
shared_types_services,src/modules/institution/domain/wecom-official-dry-run.ts,institution,src/modules/security/domain/access-control.ts,security,@/modules/security/domain/access-control,static_import_or_export,production,production,yes,yes,no,src/modules/institution/domain/wecom-official-dry-run.ts -> @/modules/security/domain/access-control
shared_types_services,src/modules/institution/domain/wecom-real-send-proof.ts,institution,src/modules/security/domain/access-control.ts,security,@/modules/security/domain/access-control,static_import_or_export,production,production,yes,no,no,src/modules/institution/domain/wecom-real-send-proof.ts -> @/modules/security/domain/access-control
shared_types_services,src/modules/institution/server/followup-customer-timeline-service.ts,institution,src/modules/security/domain/access-control.ts,security,@/modules/security/domain/access-control,static_import_or_export,production,production,yes,yes,no,src/modules/institution/server/followup-customer-timeline-service.ts -> @/modules/security/domain/access-control
shared_types_services,src/modules/institution/server/followup-message-draft-api.ts,institution,src/modules/audit/domain/audit-events.ts,audit,@/modules/audit/domain/audit-events,static_import_or_export,production,production,yes,yes,no,src/modules/institution/server/followup-message-draft-api.ts -> @/modules/audit/domain/audit-events
shared_types_services,src/modules/institution/server/followup-message-draft-api.ts,institution,src/modules/security/domain/access-control.ts,security,@/modules/security/domain/access-control,static_import_or_export,production,production,yes,yes,no,src/modules/institution/server/followup-message-draft-api.ts -> @/modules/security/domain/access-control
shared_types_services,src/modules/institution/server/followup-message-draft-service.ts,institution,src/modules/audit/domain/audit-events.ts,audit,@/modules/audit/domain/audit-events,static_import_or_export,production,production,yes,yes,no,src/modules/institution/server/followup-message-draft-service.ts -> @/modules/audit/domain/audit-events
shared_types_services,src/modules/institution/server/followup-message-draft-service.ts,institution,src/modules/audit/server/audit-event-repository.ts,audit,@/modules/audit/server/audit-event-repository,static_import_or_export,production,production,yes,yes,yes,src/modules/institution/server/followup-message-draft-service.ts -> @/modules/audit/server/audit-event-repository
shared_types_services,src/modules/institution/server/followup-message-draft-service.ts,institution,src/modules/security/domain/access-control.ts,security,@/modules/security/domain/access-control,static_import_or_export,production,production,yes,yes,no,src/modules/institution/server/followup-message-draft-service.ts -> @/modules/security/domain/access-control
shared_types_services,src/modules/institution/server/followup-operations-dashboard-service.ts,institution,src/modules/security/domain/access-control.ts,security,@/modules/security/domain/access-control,static_import_or_export,production,production,yes,yes,no,src/modules/institution/server/followup-operations-dashboard-service.ts -> @/modules/security/domain/access-control
shared_types_services,src/modules/institution/server/followup-path-analysis-service.ts,institution,src/modules/audit/server/audit-event-repository.ts,audit,@/modules/audit/server/audit-event-repository,static_import_or_export,production,production,yes,yes,yes,src/modules/institution/server/followup-path-analysis-service.ts -> @/modules/audit/server/audit-event-repository
shared_types_services,src/modules/institution/server/followup-path-enrollment-service.ts,institution,src/modules/security/domain/access-control.ts,security,@/modules/security/domain/access-control,static_import_or_export,production,production,yes,yes,no,src/modules/institution/server/followup-path-enrollment-service.ts -> @/modules/security/domain/access-control
shared_types_services,src/modules/institution/server/his-connection-credential-service.ts,institution,src/modules/audit/domain/audit-events.ts,audit,@/modules/audit/domain/audit-events,static_import_or_export,production,production,yes,yes,no,src/modules/institution/server/his-connection-credential-service.ts -> @/modules/audit/domain/audit-events
shared_types_services,src/modules/institution/server/his-connection-credential-service.ts,institution,src/modules/audit/server/audit-event-repository.ts,audit,@/modules/audit/server/audit-event-repository,static_import_or_export,production,production,yes,yes,yes,src/modules/institution/server/his-connection-credential-service.ts -> @/modules/audit/server/audit-event-repository
shared_types_services,src/modules/institution/server/his-connection-credential-service.ts,institution,src/modules/security/domain/access-control.ts,security,@/modules/security/domain/access-control,static_import_or_export,production,production,yes,yes,no,src/modules/institution/server/his-connection-credential-service.ts -> @/modules/security/domain/access-control
shared_types_services,src/modules/institution/server/his-connection-status-service.ts,institution,src/modules/audit/domain/audit-events.ts,audit,@/modules/audit/domain/audit-events,static_import_or_export,production,production,yes,yes,no,src/modules/institution/server/his-connection-status-service.ts -> @/modules/audit/domain/audit-events
shared_types_services,src/modules/institution/server/his-connection-status-service.ts,institution,src/modules/security/domain/access-control.ts,security,@/modules/security/domain/access-control,static_import_or_export,production,production,yes,yes,no,src/modules/institution/server/his-connection-status-service.ts -> @/modules/security/domain/access-control
shared_types_services,src/modules/institution/server/his-connection-test-connection-service.ts,institution,src/modules/audit/domain/audit-events.ts,audit,@/modules/audit/domain/audit-events,static_import_or_export,production,production,yes,yes,no,src/modules/institution/server/his-connection-test-connection-service.ts -> @/modules/audit/domain/audit-events
shared_types_services,src/modules/institution/server/his-connection-test-connection-service.ts,institution,src/modules/security/domain/access-control.ts,security,@/modules/security/domain/access-control,static_import_or_export,production,production,yes,yes,no,src/modules/institution/server/his-connection-test-connection-service.ts -> @/modules/security/domain/access-control
shared_types_services,src/modules/institution/server/his-connection-write-service.ts,institution,src/modules/audit/domain/audit-events.ts,audit,@/modules/audit/domain/audit-events,static_import_or_export,production,production,yes,yes,no,src/modules/institution/server/his-connection-write-service.ts -> @/modules/audit/domain/audit-events
shared_types_services,src/modules/institution/server/his-connection-write-service.ts,institution,src/modules/security/domain/access-control.ts,security,@/modules/security/domain/access-control,static_import_or_export,production,production,yes,yes,no,src/modules/institution/server/his-connection-write-service.ts -> @/modules/security/domain/access-control
shared_types_services,src/modules/institution/server/institution-ai-call-service.ts,institution,src/modules/security/server/secretEncryption.ts,security,@/modules/security/server/secretEncryption,static_import_or_export,production,production,yes,yes,yes,src/modules/institution/server/institution-ai-call-service.ts -> @/modules/security/server/secretEncryption
shared_types_services,src/modules/institution/server/institution-ai-call-usage-repository.ts,institution,src/modules/security/server/secretEncryption.ts,security,@/modules/security/server/secretEncryption,static_import_or_export,production,production,yes,yes,yes,src/modules/institution/server/institution-ai-call-usage-repository.ts -> @/modules/security/server/secretEncryption
customer_followup|shared_types_services,src/modules/institution/server/institution-capability-status-reader.ts,institution,src/modules/institution-contracts/v1/institution-capability.ts,institution-contracts,@/modules/institution-contracts/v1/institution-capability,static_import_or_export,production,production,yes,yes,no,src/modules/institution/server/institution-capability-status-reader.ts -> @/modules/institution-contracts/v1/institution-capability
shared_types_services,src/modules/institution/server/institution-rag-answer-provider.ts,institution,src/modules/security/server/secretEncryption.ts,security,@/modules/security/server/secretEncryption,static_import_or_export,production,production,yes,yes,yes,src/modules/institution/server/institution-rag-answer-provider.ts -> @/modules/security/server/secretEncryption
shared_types_services,src/modules/institution/server/institution-server-runtime.ts,institution,src/modules/auth/server/auth-account-repository.ts,auth,@/modules/auth/server/auth-account-repository,static_import_or_export,production,production,yes,yes,yes,src/modules/institution/server/institution-server-runtime.ts -> @/modules/auth/server/auth-account-repository
shared_types_services,src/modules/institution/server/institution-server-runtime.ts,institution,src/modules/security/server/institution-anchor-repository.ts,security,@/modules/security/server/institution-anchor-repository,static_import_or_export,production,production,yes,yes,yes,src/modules/institution/server/institution-server-runtime.ts -> @/modules/security/server/institution-anchor-repository
shared_types_services,src/modules/institution/server/institution-server-runtime.ts,institution,src/modules/security/server/institution-guard-evidence.ts,security,@/modules/security/server/institution-guard-evidence,static_import_or_export,production,production,yes,yes,yes,src/modules/institution/server/institution-server-runtime.ts -> @/modules/security/server/institution-guard-evidence
shared_types_services,src/modules/institution/server/institution-server-runtime.ts,institution,src/modules/security/server/institution-guard-reference.ts,security,@/modules/security/server/institution-guard-reference,static_import_or_export,production,production,yes,yes,yes,src/modules/institution/server/institution-server-runtime.ts -> @/modules/security/server/institution-guard-reference
shared_types_services,src/modules/institution/server/institution-server-runtime.ts,institution,src/modules/security/server/institution-guard-runtime-config.ts,security,@/modules/security/server/institution-guard-runtime-config,static_import_or_export,production,production,yes,yes,yes,src/modules/institution/server/institution-server-runtime.ts -> @/modules/security/server/institution-guard-runtime-config
shared_types_services,src/modules/institution/server/institution-server-runtime.ts,institution,src/modules/security/server/institution-membership-provider.ts,security,@/modules/security/server/institution-membership-provider,static_import_or_export,production,production,yes,yes,yes,src/modules/institution/server/institution-server-runtime.ts -> @/modules/security/server/institution-membership-provider
shared_types_services,src/modules/institution/server/tenant-business-api.ts,institution,src/modules/audit/server/audit-event-repository.ts,audit,@/modules/audit/server/audit-event-repository,static_import_or_export,production,production,yes,yes,yes,src/modules/institution/server/tenant-business-api.ts -> @/modules/audit/server/audit-event-repository
shared_types_services,src/modules/institution/server/trusted-reachout-safety-service.ts,institution,src/modules/audit/domain/audit-events.ts,audit,@/modules/audit/domain/audit-events,static_import_or_export,production,production,yes,yes,no,src/modules/institution/server/trusted-reachout-safety-service.ts -> @/modules/audit/domain/audit-events
shared_types_services,src/modules/institution/server/trusted-reachout-safety-service.ts,institution,src/modules/audit/server/audit-event-repository.ts,audit,@/modules/audit/server/audit-event-repository,static_import_or_export,production,production,yes,yes,yes,src/modules/institution/server/trusted-reachout-safety-service.ts -> @/modules/audit/server/audit-event-repository
shared_types_services,src/modules/institution/server/trusted-reachout-safety-service.ts,institution,src/modules/security/domain/access-control.ts,security,@/modules/security/domain/access-control,static_import_or_export,production,production,yes,yes,no,src/modules/institution/server/trusted-reachout-safety-service.ts -> @/modules/security/domain/access-control
shared_types_services,src/modules/institution/server/wecom-controlled-reachout-service.ts,institution,src/modules/audit/server/audit-event-repository.ts,audit,@/modules/audit/server/audit-event-repository,static_import_or_export,production,production,yes,yes,yes,src/modules/institution/server/wecom-controlled-reachout-service.ts -> @/modules/audit/server/audit-event-repository
shared_types_services,src/modules/institution/server/wecom-controlled-reachout-service.ts,institution,src/modules/security/domain/access-control.ts,security,@/modules/security/domain/access-control,static_import_or_export,production,production,yes,yes,no,src/modules/institution/server/wecom-controlled-reachout-service.ts -> @/modules/security/domain/access-control
shared_types_services,src/modules/institution/server/wecom-customer-mapping-review-action-mock-runtime.ts,institution,src/modules/security/domain/access-control.ts,security,@/modules/security/domain/access-control,static_import_or_export,production,production,yes,yes,no,src/modules/institution/server/wecom-customer-mapping-review-action-mock-runtime.ts -> @/modules/security/domain/access-control
shared_types_services,src/modules/institution/server/wecom-customer-mapping-service.ts,institution,src/modules/audit/domain/audit-events.ts,audit,@/modules/audit/domain/audit-events,static_import_or_export,production,production,yes,yes,no,src/modules/institution/server/wecom-customer-mapping-service.ts -> @/modules/audit/domain/audit-events
shared_types_services,src/modules/institution/server/wecom-customer-mapping-service.ts,institution,src/modules/audit/server/audit-event-repository.ts,audit,@/modules/audit/server/audit-event-repository,static_import_or_export,production,production,yes,yes,yes,src/modules/institution/server/wecom-customer-mapping-service.ts -> @/modules/audit/server/audit-event-repository
shared_types_services,src/modules/institution/server/wecom-customer-mapping-service.ts,institution,src/modules/security/domain/access-control.ts,security,@/modules/security/domain/access-control,static_import_or_export,production,production,yes,yes,no,src/modules/institution/server/wecom-customer-mapping-service.ts -> @/modules/security/domain/access-control
shared_types_services,src/modules/institution/server/wecom-dry-run-snapshot-service.ts,institution,src/modules/audit/domain/audit-events.ts,audit,@/modules/audit/domain/audit-events,static_import_or_export,production,production,yes,yes,no,src/modules/institution/server/wecom-dry-run-snapshot-service.ts -> @/modules/audit/domain/audit-events
shared_types_services,src/modules/institution/server/wecom-dry-run-snapshot-service.ts,institution,src/modules/audit/server/audit-event-repository.ts,audit,@/modules/audit/server/audit-event-repository,static_import_or_export,production,production,yes,yes,yes,src/modules/institution/server/wecom-dry-run-snapshot-service.ts -> @/modules/audit/server/audit-event-repository
shared_types_services,src/modules/institution/server/wecom-dry-run-snapshot-service.ts,institution,src/modules/security/domain/access-control.ts,security,@/modules/security/domain/access-control,static_import_or_export,production,production,yes,yes,no,src/modules/institution/server/wecom-dry-run-snapshot-service.ts -> @/modules/security/domain/access-control
shared_types_services,src/modules/institution/server/wecom-real-send-execution-shell-service.ts,institution,src/modules/security/domain/access-control.ts,security,@/modules/security/domain/access-control,static_import_or_export,production,production,yes,yes,no,src/modules/institution/server/wecom-real-send-execution-shell-service.ts -> @/modules/security/domain/access-control
shared_types_services,src/modules/institution/server/wecom-real-send-proof-repository.ts,institution,src/modules/audit/domain/audit-events.ts,audit,@/modules/audit/domain/audit-events,static_import_or_export,production,production,yes,yes,no,src/modules/institution/server/wecom-real-send-proof-repository.ts -> @/modules/audit/domain/audit-events
shared_types_services,src/modules/institution/server/wecom-real-send-proof-service.ts,institution,src/modules/audit/domain/audit-events.ts,audit,@/modules/audit/domain/audit-events,static_import_or_export,production,production,yes,yes,no,src/modules/institution/server/wecom-real-send-proof-service.ts -> @/modules/audit/domain/audit-events
shared_types_services,src/modules/institution/server/wecom-real-send-proof-service.ts,institution,src/modules/security/domain/access-control.ts,security,@/modules/security/domain/access-control,static_import_or_export,production,production,yes,yes,no,src/modules/institution/server/wecom-real-send-proof-service.ts -> @/modules/security/domain/access-control
shared_types_services,src/modules/institution/tests/CustomerFollowUpFeedbackApiRoute.test.ts,institution,src/modules/audit/server/audit-event-repository.ts,audit,@/modules/audit/server/audit-event-repository,test_mock,test,production,no,yes,yes,src/modules/institution/tests/CustomerFollowUpFeedbackApiRoute.test.ts -> @/modules/audit/server/audit-event-repository
shared_types_services,src/modules/institution/tests/CustomerFollowUpFeedbackApiRoute.test.ts,institution,src/modules/security/server/access-context.ts,security,@/modules/security/server/access-context,test_mock,test,production,no,yes,yes,src/modules/institution/tests/CustomerFollowUpFeedbackApiRoute.test.ts -> @/modules/security/server/access-context
shared_types_services,src/modules/institution/tests/CustomerFollowUpOverviewApiRoute.test.ts,institution,src/modules/audit/server/audit-event-repository.ts,audit,@/modules/audit/server/audit-event-repository,test_mock,test,production,no,yes,yes,src/modules/institution/tests/CustomerFollowUpOverviewApiRoute.test.ts -> @/modules/audit/server/audit-event-repository
shared_types_services,src/modules/institution/tests/CustomerFollowUpOverviewApiRoute.test.ts,institution,src/modules/security/domain/access-control.ts,security,@/modules/security/domain/access-control,test_mock,test,production,no,yes,no,src/modules/institution/tests/CustomerFollowUpOverviewApiRoute.test.ts -> @/modules/security/domain/access-control
shared_types_services,src/modules/institution/tests/CustomerFollowUpOverviewApiRoute.test.ts,institution,src/modules/security/server/access-context.ts,security,@/modules/security/server/access-context,test_mock,test,production,no,yes,yes,src/modules/institution/tests/CustomerFollowUpOverviewApiRoute.test.ts -> @/modules/security/server/access-context
shared_types_services,src/modules/institution/tests/CustomerFollowUpTimelineApiRoute.test.ts,institution,src/modules/audit/server/audit-event-repository.ts,audit,@/modules/audit/server/audit-event-repository,test_mock,test,production,no,yes,yes,src/modules/institution/tests/CustomerFollowUpTimelineApiRoute.test.ts -> @/modules/audit/server/audit-event-repository
shared_types_services,src/modules/institution/tests/CustomerFollowUpTimelineApiRoute.test.ts,institution,src/modules/security/domain/access-control.ts,security,@/modules/security/domain/access-control,test_mock,test,production,no,yes,no,src/modules/institution/tests/CustomerFollowUpTimelineApiRoute.test.ts -> @/modules/security/domain/access-control
shared_types_services,src/modules/institution/tests/CustomerFollowUpTimelineApiRoute.test.ts,institution,src/modules/security/server/access-context.ts,security,@/modules/security/server/access-context,test_mock,test,production,no,yes,yes,src/modules/institution/tests/CustomerFollowUpTimelineApiRoute.test.ts -> @/modules/security/server/access-context
shared_types_services,src/modules/institution/tests/CustomerImportApiRoute.test.ts,institution,src/modules/audit/domain/audit-events.ts,audit,@/modules/audit/domain/audit-events,test_mock,test,production,no,yes,no,src/modules/institution/tests/CustomerImportApiRoute.test.ts -> @/modules/audit/domain/audit-events
shared_types_services,src/modules/institution/tests/CustomerImportApiRoute.test.ts,institution,src/modules/audit/server/audit-event-repository.ts,audit,@/modules/audit/server/audit-event-repository,test_mock,test,production,no,yes,yes,src/modules/institution/tests/CustomerImportApiRoute.test.ts -> @/modules/audit/server/audit-event-repository
shared_types_services,src/modules/institution/tests/CustomerImportApiRoute.test.ts,institution,src/modules/security/domain/access-control.ts,security,@/modules/security/domain/access-control,test_mock,test,production,no,yes,no,src/modules/institution/tests/CustomerImportApiRoute.test.ts -> @/modules/security/domain/access-control
shared_types_services,src/modules/institution/tests/CustomerImportApiRoute.test.ts,institution,src/modules/security/server/access-context.ts,security,@/modules/security/server/access-context,test_mock,test,production,no,yes,yes,src/modules/institution/tests/CustomerImportApiRoute.test.ts -> @/modules/security/server/access-context
shared_types_services,src/modules/institution/tests/CustomerTimelineApiRoutes.test.ts,institution,src/modules/audit/server/audit-event-repository.ts,audit,@/modules/audit/server/audit-event-repository,test_mock,test,production,no,yes,yes,src/modules/institution/tests/CustomerTimelineApiRoutes.test.ts -> @/modules/audit/server/audit-event-repository
shared_types_services,src/modules/institution/tests/CustomerTimelineApiRoutes.test.ts,institution,src/modules/security/server/access-context.ts,security,@/modules/security/server/access-context,test_mock,test,production,no,yes,yes,src/modules/institution/tests/CustomerTimelineApiRoutes.test.ts -> @/modules/security/server/access-context
shared_types_services,src/modules/institution/tests/DashboardStatsLegacyApiRoute.test.ts,institution,src/modules/audit/server/audit-event-repository.ts,audit,@/modules/audit/server/audit-event-repository,literal_dynamic_or_require|test_mock,test,production,no,yes,yes,src/modules/institution/tests/DashboardStatsLegacyApiRoute.test.ts -> @/modules/audit/server/audit-event-repository
shared_types_services,src/modules/institution/tests/DashboardStatsLegacyApiRoute.test.ts,institution,src/modules/auth/domain/session.ts,auth,@/modules/auth/domain/session,static_import_or_export,test,production,no,yes,no,src/modules/institution/tests/DashboardStatsLegacyApiRoute.test.ts -> @/modules/auth/domain/session
shared_types_services,src/modules/institution/tests/DashboardStatsLegacyApiRoute.test.ts,institution,src/modules/security/domain/safety-switch.ts,security,@/modules/security/domain/safety-switch,literal_dynamic_or_require|test_mock,test,production,no,yes,no,src/modules/institution/tests/DashboardStatsLegacyApiRoute.test.ts -> @/modules/security/domain/safety-switch
shared_types_services,src/modules/institution/tests/DashboardStatsLegacyApiRoute.test.ts,institution,src/modules/security/server/access-context.ts,security,@/modules/security/server/access-context,literal_dynamic_or_require|test_mock,test,production,no,yes,yes,src/modules/institution/tests/DashboardStatsLegacyApiRoute.test.ts -> @/modules/security/server/access-context
shared_types_services,src/modules/institution/tests/FollowUpCustomerTimelineDomain.test.ts,institution,src/modules/security/domain/access-control.ts,security,@/modules/security/domain/access-control,static_import_or_export,test,production,no,no,no,src/modules/institution/tests/FollowUpCustomerTimelineDomain.test.ts -> @/modules/security/domain/access-control
shared_types_services,src/modules/institution/tests/FollowUpMessageDraftApiRoutes.test.ts,institution,src/modules/audit/server/audit-event-repository.ts,audit,@/modules/audit/server/audit-event-repository,literal_dynamic_or_require|test_mock,test,production,no,yes,yes,src/modules/institution/tests/FollowUpMessageDraftApiRoutes.test.ts -> @/modules/audit/server/audit-event-repository
shared_types_services,src/modules/institution/tests/FollowUpMessageDraftApiRoutes.test.ts,institution,src/modules/security/server/access-context.ts,security,@/modules/security/server/access-context,literal_dynamic_or_require|test_mock,test,production,no,yes,yes,src/modules/institution/tests/FollowUpMessageDraftApiRoutes.test.ts -> @/modules/security/server/access-context
shared_types_services,src/modules/institution/tests/FollowUpMessageDraftService.test.ts,institution,src/modules/audit/domain/audit-events.ts,audit,@/modules/audit/domain/audit-events,static_import_or_export,test,production,no,yes,no,src/modules/institution/tests/FollowUpMessageDraftService.test.ts -> @/modules/audit/domain/audit-events
shared_types_services,src/modules/institution/tests/FollowUpMessageDraftService.test.ts,institution,src/modules/security/domain/access-control.ts,security,@/modules/security/domain/access-control,static_import_or_export,test,production,no,yes,no,src/modules/institution/tests/FollowUpMessageDraftService.test.ts -> @/modules/security/domain/access-control
shared_types_services,src/modules/institution/tests/FollowUpOperationsDashboardApiRoutes.test.ts,institution,src/modules/audit/server/audit-event-repository.ts,audit,@/modules/audit/server/audit-event-repository,test_mock,test,production,no,yes,yes,src/modules/institution/tests/FollowUpOperationsDashboardApiRoutes.test.ts -> @/modules/audit/server/audit-event-repository
shared_types_services,src/modules/institution/tests/FollowUpOperationsDashboardApiRoutes.test.ts,institution,src/modules/security/server/access-context.ts,security,@/modules/security/server/access-context,test_mock,test,production,no,yes,yes,src/modules/institution/tests/FollowUpOperationsDashboardApiRoutes.test.ts -> @/modules/security/server/access-context
shared_types_services,src/modules/institution/tests/FollowUpPathAnalysisApiRoutes.test.ts,institution,src/modules/audit/server/audit-event-repository.ts,audit,@/modules/audit/server/audit-event-repository,test_mock,test,production,no,yes,yes,src/modules/institution/tests/FollowUpPathAnalysisApiRoutes.test.ts -> @/modules/audit/server/audit-event-repository
shared_types_services,src/modules/institution/tests/FollowUpPathAnalysisApiRoutes.test.ts,institution,src/modules/security/domain/access-control.ts,security,@/modules/security/domain/access-control,test_mock,test,production,no,yes,no,src/modules/institution/tests/FollowUpPathAnalysisApiRoutes.test.ts -> @/modules/security/domain/access-control
shared_types_services,src/modules/institution/tests/FollowUpPathAnalysisApiRoutes.test.ts,institution,src/modules/security/server/access-context.ts,security,@/modules/security/server/access-context,test_mock,test,production,no,yes,yes,src/modules/institution/tests/FollowUpPathAnalysisApiRoutes.test.ts -> @/modules/security/server/access-context
shared_types_services,src/modules/institution/tests/FollowUpPathEnrollmentApiRoutes.test.ts,institution,src/modules/audit/server/audit-event-repository.ts,audit,@/modules/audit/server/audit-event-repository,literal_dynamic_or_require|test_mock,test,production,no,yes,yes,src/modules/institution/tests/FollowUpPathEnrollmentApiRoutes.test.ts -> @/modules/audit/server/audit-event-repository
shared_types_services,src/modules/institution/tests/FollowUpPathEnrollmentApiRoutes.test.ts,institution,src/modules/security/domain/access-control.ts,security,@/modules/security/domain/access-control,test_mock,test,production,no,yes,no,src/modules/institution/tests/FollowUpPathEnrollmentApiRoutes.test.ts -> @/modules/security/domain/access-control
shared_types_services,src/modules/institution/tests/FollowUpPathEnrollmentApiRoutes.test.ts,institution,src/modules/security/server/access-context.ts,security,@/modules/security/server/access-context,literal_dynamic_or_require|test_mock,test,production,no,yes,yes,src/modules/institution/tests/FollowUpPathEnrollmentApiRoutes.test.ts -> @/modules/security/server/access-context
shared_types_services,src/modules/institution/tests/FollowUpPathEnrollmentService.test.ts,institution,src/modules/security/domain/access-control.ts,security,@/modules/security/domain/access-control,static_import_or_export,test,production,no,yes,no,src/modules/institution/tests/FollowUpPathEnrollmentService.test.ts -> @/modules/security/domain/access-control
shared_types_services,src/modules/institution/tests/HisConnectionApiRoutes.test.ts,institution,src/modules/audit/domain/audit-events.ts,audit,@/modules/audit/domain/audit-events,test_mock,test,production,no,yes,no,src/modules/institution/tests/HisConnectionApiRoutes.test.ts -> @/modules/audit/domain/audit-events
shared_types_services,src/modules/institution/tests/HisConnectionApiRoutes.test.ts,institution,src/modules/audit/server/audit-event-repository.ts,audit,@/modules/audit/server/audit-event-repository,test_mock,test,production,no,yes,yes,src/modules/institution/tests/HisConnectionApiRoutes.test.ts -> @/modules/audit/server/audit-event-repository
shared_types_services,src/modules/institution/tests/HisConnectionApiRoutes.test.ts,institution,src/modules/security/domain/access-control.ts,security,@/modules/security/domain/access-control,test_mock,test,production,no,yes,no,src/modules/institution/tests/HisConnectionApiRoutes.test.ts -> @/modules/security/domain/access-control
shared_types_services,src/modules/institution/tests/HisConnectionApiRoutes.test.ts,institution,src/modules/security/server/access-context.ts,security,@/modules/security/server/access-context,test_mock,test,production,no,yes,yes,src/modules/institution/tests/HisConnectionApiRoutes.test.ts -> @/modules/security/server/access-context
shared_types_services,src/modules/institution/tests/HisConnectionCredentialApiRoutes.test.ts,institution,src/modules/audit/domain/audit-events.ts,audit,@/modules/audit/domain/audit-events,test_mock,test,production,no,yes,no,src/modules/institution/tests/HisConnectionCredentialApiRoutes.test.ts -> @/modules/audit/domain/audit-events
shared_types_services,src/modules/institution/tests/HisConnectionCredentialApiRoutes.test.ts,institution,src/modules/audit/server/audit-event-repository.ts,audit,@/modules/audit/server/audit-event-repository,test_mock,test,production,no,yes,yes,src/modules/institution/tests/HisConnectionCredentialApiRoutes.test.ts -> @/modules/audit/server/audit-event-repository
shared_types_services,src/modules/institution/tests/HisConnectionCredentialApiRoutes.test.ts,institution,src/modules/security/server/access-context.ts,security,@/modules/security/server/access-context,test_mock,test,production,no,yes,yes,src/modules/institution/tests/HisConnectionCredentialApiRoutes.test.ts -> @/modules/security/server/access-context
shared_types_services,src/modules/institution/tests/HisConnectionCredentialService.test.ts,institution,src/modules/audit/domain/audit-events.ts,audit,@/modules/audit/domain/audit-events,static_import_or_export,test,production,no,yes,no,src/modules/institution/tests/HisConnectionCredentialService.test.ts -> @/modules/audit/domain/audit-events
shared_types_services,src/modules/institution/tests/HisConnectionCredentialService.test.ts,institution,src/modules/security/domain/access-control.ts,security,@/modules/security/domain/access-control,static_import_or_export,test,production,no,yes,no,src/modules/institution/tests/HisConnectionCredentialService.test.ts -> @/modules/security/domain/access-control
shared_types_services,src/modules/institution/tests/HisConnectionStatusService.test.ts,institution,src/modules/audit/domain/audit-events.ts,audit,@/modules/audit/domain/audit-events,static_import_or_export,test,production,no,yes,no,src/modules/institution/tests/HisConnectionStatusService.test.ts -> @/modules/audit/domain/audit-events
shared_types_services,src/modules/institution/tests/HisConnectionStatusService.test.ts,institution,src/modules/security/domain/access-control.ts,security,@/modules/security/domain/access-control,static_import_or_export,test,production,no,yes,no,src/modules/institution/tests/HisConnectionStatusService.test.ts -> @/modules/security/domain/access-control
shared_types_services,src/modules/institution/tests/HisConnectionTestConnectionApiRoute.test.ts,institution,src/modules/audit/domain/audit-events.ts,audit,@/modules/audit/domain/audit-events,test_mock,test,production,no,yes,no,src/modules/institution/tests/HisConnectionTestConnectionApiRoute.test.ts -> @/modules/audit/domain/audit-events
shared_types_services,src/modules/institution/tests/HisConnectionTestConnectionApiRoute.test.ts,institution,src/modules/audit/server/audit-event-repository.ts,audit,@/modules/audit/server/audit-event-repository,test_mock,test,production,no,yes,yes,src/modules/institution/tests/HisConnectionTestConnectionApiRoute.test.ts -> @/modules/audit/server/audit-event-repository
shared_types_services,src/modules/institution/tests/HisConnectionTestConnectionApiRoute.test.ts,institution,src/modules/security/domain/access-control.ts,security,@/modules/security/domain/access-control,test_mock,test,production,no,yes,no,src/modules/institution/tests/HisConnectionTestConnectionApiRoute.test.ts -> @/modules/security/domain/access-control
shared_types_services,src/modules/institution/tests/HisConnectionTestConnectionApiRoute.test.ts,institution,src/modules/security/server/access-context.ts,security,@/modules/security/server/access-context,test_mock,test,production,no,yes,yes,src/modules/institution/tests/HisConnectionTestConnectionApiRoute.test.ts -> @/modules/security/server/access-context
shared_types_services,src/modules/institution/tests/HisConnectionTestConnectionService.test.ts,institution,src/modules/audit/domain/audit-events.ts,audit,@/modules/audit/domain/audit-events,static_import_or_export,test,production,no,yes,no,src/modules/institution/tests/HisConnectionTestConnectionService.test.ts -> @/modules/audit/domain/audit-events
shared_types_services,src/modules/institution/tests/HisConnectionTestConnectionService.test.ts,institution,src/modules/security/domain/access-control.ts,security,@/modules/security/domain/access-control,static_import_or_export,test,production,no,yes,no,src/modules/institution/tests/HisConnectionTestConnectionService.test.ts -> @/modules/security/domain/access-control
shared_types_services,src/modules/institution/tests/HisConnectionWriteService.test.ts,institution,src/modules/audit/domain/audit-events.ts,audit,@/modules/audit/domain/audit-events,static_import_or_export,test,production,no,yes,no,src/modules/institution/tests/HisConnectionWriteService.test.ts -> @/modules/audit/domain/audit-events
shared_types_services,src/modules/institution/tests/HisConnectionWriteService.test.ts,institution,src/modules/security/domain/access-control.ts,security,@/modules/security/domain/access-control,static_import_or_export,test,production,no,yes,no,src/modules/institution/tests/HisConnectionWriteService.test.ts -> @/modules/security/domain/access-control
shared_types_services,src/modules/institution/tests/InstitutionAiCallApiRoute.test.ts,institution,src/modules/security/server/access-context.ts,security,@/modules/security/server/access-context,test_mock,test,production,no,yes,yes,src/modules/institution/tests/InstitutionAiCallApiRoute.test.ts -> @/modules/security/server/access-context
shared_types_services,src/modules/institution/tests/InstitutionAiCallMeteringService.test.ts,institution,src/modules/security/server/secretEncryption.ts,security,@/modules/security/server/secretEncryption,test_mock,test,production,no,yes,yes,src/modules/institution/tests/InstitutionAiCallMeteringService.test.ts -> @/modules/security/server/secretEncryption
shared_types_services,src/modules/institution/tests/InstitutionAiCallService.test.ts,institution,src/modules/security/server/secretEncryption.ts,security,@/modules/security/server/secretEncryption,test_mock,test,production,no,yes,yes,src/modules/institution/tests/InstitutionAiCallService.test.ts -> @/modules/security/server/secretEncryption
shared_types_services,src/modules/institution/tests/InstitutionAiModelsRoute.test.ts,institution,src/modules/security/server/access-context.ts,security,@/modules/security/server/access-context,static_import_or_export|test_mock,test,production,no,yes,yes,src/modules/institution/tests/InstitutionAiModelsRoute.test.ts -> @/modules/security/server/access-context
shared_types_services,src/modules/institution/tests/InstitutionAiServiceUsageApiRoute.test.ts,institution,src/modules/security/server/access-context.ts,security,@/modules/security/server/access-context,test_mock,test,production,no,yes,yes,src/modules/institution/tests/InstitutionAiServiceUsageApiRoute.test.ts -> @/modules/security/server/access-context
customer_followup|shared_types_services,src/modules/institution/tests/InstitutionCapabilityStatusReader.test.ts,institution,src/modules/institution-contracts/v1/institution-capability-registry.ts,institution-contracts,@/modules/institution-contracts/v1/institution-capability-registry,static_import_or_export,test,production,no,no,no,src/modules/institution/tests/InstitutionCapabilityStatusReader.test.ts -> @/modules/institution-contracts/v1/institution-capability-registry
shared_types_services,src/modules/institution/tests/InstitutionConversationCapabilityOffRoute.test.tsx,institution,src/modules/security/server/institution-request-authorization.ts,security,@/modules/security/server/institution-request-authorization,test_mock,test,production,no,no,yes,src/modules/institution/tests/InstitutionConversationCapabilityOffRoute.test.tsx -> @/modules/security/server/institution-request-authorization
shared_types_services,src/modules/institution/tests/InstitutionConversationCapabilityOffRoute.test.tsx,institution,src/modules/security/server/institution-section-guard.ts,security,@/modules/security/server/institution-section-guard,test_mock,test,production,no,no,yes,src/modules/institution/tests/InstitutionConversationCapabilityOffRoute.test.tsx -> @/modules/security/server/institution-section-guard
shared_types_services,src/modules/institution/tests/InstitutionEntitlementUsageApiRoute.test.ts,institution,src/modules/security/server/access-context.ts,security,@/modules/security/server/access-context,test_mock,test,production,no,yes,yes,src/modules/institution/tests/InstitutionEntitlementUsageApiRoute.test.ts -> @/modules/security/server/access-context
shared_types_services,src/modules/institution/tests/InstitutionKnowledgeAnswerApiRoute.test.ts,institution,src/modules/security/server/access-context.ts,security,@/modules/security/server/access-context,test_mock,test,production,no,yes,yes,src/modules/institution/tests/InstitutionKnowledgeAnswerApiRoute.test.ts -> @/modules/security/server/access-context
shared_types_services,src/modules/institution/tests/InstitutionKnowledgeQaCapabilityRoute.test.ts,institution,src/modules/security/server/access-context.ts,security,@/modules/security/server/access-context,test_mock,test,production,no,yes,yes,src/modules/institution/tests/InstitutionKnowledgeQaCapabilityRoute.test.ts -> @/modules/security/server/access-context
shared_types_services,src/modules/institution/tests/InstitutionKnowledgeUploadApiRoute.test.ts,institution,src/modules/security/server/access-context.ts,security,@/modules/security/server/access-context,test_mock,test,production,no,yes,yes,src/modules/institution/tests/InstitutionKnowledgeUploadApiRoute.test.ts -> @/modules/security/server/access-context
shared_types_services,src/modules/institution/tests/InstitutionKnowledgeVectorSearchCapabilityRoute.test.ts,institution,src/modules/security/server/access-context.ts,security,@/modules/security/server/access-context,test_mock,test,production,no,yes,yes,src/modules/institution/tests/InstitutionKnowledgeVectorSearchCapabilityRoute.test.ts -> @/modules/security/server/access-context
shared_types_services,src/modules/institution/tests/InstitutionRagAnswerProvider.test.ts,institution,src/modules/security/server/secretEncryption.ts,security,@/modules/security/server/secretEncryption,test_mock,test,production,no,yes,yes,src/modules/institution/tests/InstitutionRagAnswerProvider.test.ts -> @/modules/security/server/secretEncryption
shared_types_services,src/modules/institution/tests/InstitutionRouteShell.test.tsx,institution,src/modules/security/server/institution-request-authorization.ts,security,@/modules/security/server/institution-request-authorization,test_mock,test,production,no,yes,yes,src/modules/institution/tests/InstitutionRouteShell.test.tsx -> @/modules/security/server/institution-request-authorization
shared_types_services,src/modules/institution/tests/InstitutionRouteShell.test.tsx,institution,src/modules/security/server/institution-section-guard.ts,security,@/modules/security/server/institution-section-guard,test_mock,test,production,no,yes,yes,src/modules/institution/tests/InstitutionRouteShell.test.tsx -> @/modules/security/server/institution-section-guard
shared_types_services,src/modules/institution/tests/InstitutionServerRuntime.test.ts,institution,src/modules/auth/server/auth-account-repository.ts,auth,@/modules/auth/server/auth-account-repository,literal_dynamic_or_require|static_import_or_export|test_mock,test,production,no,yes,yes,src/modules/institution/tests/InstitutionServerRuntime.test.ts -> @/modules/auth/server/auth-account-repository
shared_types_services,src/modules/institution/tests/InstitutionServerRuntime.test.ts,institution,src/modules/auth/server/formal-server-session-provenance-owner.ts,auth,@/modules/auth/server/formal-server-session-provenance-owner,static_import_or_export,test,production,no,yes,yes,src/modules/institution/tests/InstitutionServerRuntime.test.ts -> @/modules/auth/server/formal-server-session-provenance-owner
shared_types_services,src/modules/institution/tests/InstitutionServerRuntime.test.ts,institution,src/modules/security/server/institution-anchor-repository.ts,security,@/modules/security/server/institution-anchor-repository,literal_dynamic_or_require|static_import_or_export|test_mock,test,production,no,yes,yes,src/modules/institution/tests/InstitutionServerRuntime.test.ts -> @/modules/security/server/institution-anchor-repository
shared_types_services,src/modules/institution/tests/InstitutionServerRuntime.test.ts,institution,src/modules/security/server/institution-guard-runtime-config.ts,security,@/modules/security/server/institution-guard-runtime-config,literal_dynamic_or_require|test_mock,test,production,no,yes,yes,src/modules/institution/tests/InstitutionServerRuntime.test.ts -> @/modules/security/server/institution-guard-runtime-config
shared_types_services,src/modules/institution/tests/InstitutionServerRuntime.test.ts,institution,src/modules/security/server/institution-request-authorization.ts,security,@/modules/security/server/institution-request-authorization,static_import_or_export,test,production,no,yes,yes,src/modules/institution/tests/InstitutionServerRuntime.test.ts -> @/modules/security/server/institution-request-authorization
shared_types_services,src/modules/institution/tests/InstitutionServerRuntime.test.ts,institution,src/modules/security/server/institution-section-guard.ts,security,@/modules/security/server/institution-section-guard,static_import_or_export,test,production,no,yes,yes,src/modules/institution/tests/InstitutionServerRuntime.test.ts -> @/modules/security/server/institution-section-guard
shared_types_services,src/modules/institution/tests/OpportunityPoolLegacyApiRoute.test.ts,institution,src/modules/security/domain/access-control.ts,security,@/modules/security/domain/access-control,test_mock,test,production,no,yes,no,src/modules/institution/tests/OpportunityPoolLegacyApiRoute.test.ts -> @/modules/security/domain/access-control
shared_types_services,src/modules/institution/tests/OpportunityPoolLegacyApiRoute.test.ts,institution,src/modules/security/server/access-context.ts,security,@/modules/security/server/access-context,test_mock,test,production,no,yes,yes,src/modules/institution/tests/OpportunityPoolLegacyApiRoute.test.ts -> @/modules/security/server/access-context
shared_types_services,src/modules/institution/tests/RealChannelPreflightApiRoute.test.ts,institution,src/modules/audit/domain/audit-events.ts,audit,@/modules/audit/domain/audit-events,test_mock,test,production,no,yes,no,src/modules/institution/tests/RealChannelPreflightApiRoute.test.ts -> @/modules/audit/domain/audit-events
shared_types_services,src/modules/institution/tests/RealChannelPreflightApiRoute.test.ts,institution,src/modules/audit/server/audit-event-repository.ts,audit,@/modules/audit/server/audit-event-repository,test_mock,test,production,no,yes,yes,src/modules/institution/tests/RealChannelPreflightApiRoute.test.ts -> @/modules/audit/server/audit-event-repository
shared_types_services,src/modules/institution/tests/RealChannelPreflightApiRoute.test.ts,institution,src/modules/security/domain/access-control.ts,security,@/modules/security/domain/access-control,test_mock,test,production,no,yes,no,src/modules/institution/tests/RealChannelPreflightApiRoute.test.ts -> @/modules/security/domain/access-control
shared_types_services,src/modules/institution/tests/RealChannelPreflightApiRoute.test.ts,institution,src/modules/security/domain/safety-switch.ts,security,@/modules/security/domain/safety-switch,test_mock,test,production,no,yes,no,src/modules/institution/tests/RealChannelPreflightApiRoute.test.ts -> @/modules/security/domain/safety-switch
shared_types_services,src/modules/institution/tests/RealChannelPreflightApiRoute.test.ts,institution,src/modules/security/server/access-context.ts,security,@/modules/security/server/access-context,test_mock,test,production,no,yes,yes,src/modules/institution/tests/RealChannelPreflightApiRoute.test.ts -> @/modules/security/server/access-context
shared_types_services,src/modules/institution/tests/TenantBusinessApiRoutes.test.ts,institution,src/modules/audit/server/audit-event-repository.ts,audit,@/modules/audit/server/audit-event-repository,literal_dynamic_or_require|test_mock,test,production,no,yes,yes,src/modules/institution/tests/TenantBusinessApiRoutes.test.ts -> @/modules/audit/server/audit-event-repository
shared_types_services,src/modules/institution/tests/TenantBusinessApiRoutes.test.ts,institution,src/modules/security/domain/access-control.ts,security,@/modules/security/domain/access-control,static_import_or_export,test,production,no,yes,no,src/modules/institution/tests/TenantBusinessApiRoutes.test.ts -> @/modules/security/domain/access-control
shared_types_services,src/modules/institution/tests/TenantBusinessApiRoutes.test.ts,institution,src/modules/security/server/access-context.ts,security,@/modules/security/server/access-context,literal_dynamic_or_require|test_mock,test,production,no,yes,yes,src/modules/institution/tests/TenantBusinessApiRoutes.test.ts -> @/modules/security/server/access-context
shared_types_services,src/modules/institution/tests/TenantBusinessDomain.test.ts,institution,src/modules/security/domain/access-control.ts,security,@/modules/security/domain/access-control,static_import_or_export,test,production,no,no,no,src/modules/institution/tests/TenantBusinessDomain.test.ts -> @/modules/security/domain/access-control
shared_types_services,src/modules/institution/tests/TreatmentFollowUpLinkApiRoutes.test.ts,institution,src/modules/audit/server/audit-event-repository.ts,audit,@/modules/audit/server/audit-event-repository,literal_dynamic_or_require|test_mock,test,production,no,yes,yes,src/modules/institution/tests/TreatmentFollowUpLinkApiRoutes.test.ts -> @/modules/audit/server/audit-event-repository
shared_types_services,src/modules/institution/tests/TreatmentFollowUpLinkApiRoutes.test.ts,institution,src/modules/security/domain/access-control.ts,security,@/modules/security/domain/access-control,static_import_or_export,test,production,no,yes,no,src/modules/institution/tests/TreatmentFollowUpLinkApiRoutes.test.ts -> @/modules/security/domain/access-control
shared_types_services,src/modules/institution/tests/TreatmentFollowUpLinkApiRoutes.test.ts,institution,src/modules/security/server/access-context.ts,security,@/modules/security/server/access-context,literal_dynamic_or_require|test_mock,test,production,no,yes,yes,src/modules/institution/tests/TreatmentFollowUpLinkApiRoutes.test.ts -> @/modules/security/server/access-context
shared_types_services,src/modules/institution/tests/TreatmentFollowUpSuggestionsApiRoute.test.ts,institution,src/modules/audit/server/audit-event-repository.ts,audit,@/modules/audit/server/audit-event-repository,test_mock,test,production,no,yes,yes,src/modules/institution/tests/TreatmentFollowUpSuggestionsApiRoute.test.ts -> @/modules/audit/server/audit-event-repository
shared_types_services,src/modules/institution/tests/TreatmentFollowUpSuggestionsApiRoute.test.ts,institution,src/modules/security/domain/access-control.ts,security,@/modules/security/domain/access-control,literal_dynamic_or_require|test_mock,test,production,no,yes,no,src/modules/institution/tests/TreatmentFollowUpSuggestionsApiRoute.test.ts -> @/modules/security/domain/access-control
shared_types_services,src/modules/institution/tests/TreatmentFollowUpSuggestionsApiRoute.test.ts,institution,src/modules/security/server/access-context.ts,security,@/modules/security/server/access-context,test_mock,test,production,no,yes,yes,src/modules/institution/tests/TreatmentFollowUpSuggestionsApiRoute.test.ts -> @/modules/security/server/access-context
shared_types_services,src/modules/institution/tests/TreatmentSummaryApiRoutes.test.ts,institution,src/modules/audit/server/audit-event-repository.ts,audit,@/modules/audit/server/audit-event-repository,test_mock,test,production,no,yes,yes,src/modules/institution/tests/TreatmentSummaryApiRoutes.test.ts -> @/modules/audit/server/audit-event-repository
shared_types_services,src/modules/institution/tests/TreatmentSummaryApiRoutes.test.ts,institution,src/modules/security/domain/access-control.ts,security,@/modules/security/domain/access-control,test_mock,test,production,no,yes,no,src/modules/institution/tests/TreatmentSummaryApiRoutes.test.ts -> @/modules/security/domain/access-control
shared_types_services,src/modules/institution/tests/TreatmentSummaryApiRoutes.test.ts,institution,src/modules/security/server/access-context.ts,security,@/modules/security/server/access-context,test_mock,test,production,no,yes,yes,src/modules/institution/tests/TreatmentSummaryApiRoutes.test.ts -> @/modules/security/server/access-context
shared_types_services,src/modules/institution/tests/TreatmentSummaryCreateApiRoute.test.ts,institution,src/modules/audit/server/audit-event-repository.ts,audit,@/modules/audit/server/audit-event-repository,test_mock,test,production,no,yes,yes,src/modules/institution/tests/TreatmentSummaryCreateApiRoute.test.ts -> @/modules/audit/server/audit-event-repository
shared_types_services,src/modules/institution/tests/TreatmentSummaryCreateApiRoute.test.ts,institution,src/modules/security/server/access-context.ts,security,@/modules/security/server/access-context,test_mock,test,production,no,yes,yes,src/modules/institution/tests/TreatmentSummaryCreateApiRoute.test.ts -> @/modules/security/server/access-context
shared_types_services,src/modules/institution/tests/TreatmentSummaryListApiRoutes.test.ts,institution,src/modules/audit/server/audit-event-repository.ts,audit,@/modules/audit/server/audit-event-repository,test_mock,test,production,no,yes,yes,src/modules/institution/tests/TreatmentSummaryListApiRoutes.test.ts -> @/modules/audit/server/audit-event-repository
shared_types_services,src/modules/institution/tests/TreatmentSummaryListApiRoutes.test.ts,institution,src/modules/security/server/access-context.ts,security,@/modules/security/server/access-context,test_mock,test,production,no,yes,yes,src/modules/institution/tests/TreatmentSummaryListApiRoutes.test.ts -> @/modules/security/server/access-context
shared_types_services,src/modules/institution/tests/TrustedReachOutSafetyTransaction.test.ts,institution,src/modules/audit/server/audit-event-repository.ts,audit,@/modules/audit/server/audit-event-repository,test_mock,test,production,no,no,yes,src/modules/institution/tests/TrustedReachOutSafetyTransaction.test.ts -> @/modules/audit/server/audit-event-repository
shared_types_services,src/modules/institution/tests/WeComControlledReachOutApiRoute.test.ts,institution,src/modules/audit/server/audit-event-repository.ts,audit,@/modules/audit/server/audit-event-repository,test_mock,test,production,no,yes,yes,src/modules/institution/tests/WeComControlledReachOutApiRoute.test.ts -> @/modules/audit/server/audit-event-repository
shared_types_services,src/modules/institution/tests/WeComControlledReachOutApiRoute.test.ts,institution,src/modules/security/server/access-context.ts,security,@/modules/security/server/access-context,test_mock,test,production,no,yes,yes,src/modules/institution/tests/WeComControlledReachOutApiRoute.test.ts -> @/modules/security/server/access-context
shared_types_services,src/modules/institution/tests/WeComControlledReachOutService.test.ts,institution,src/modules/security/domain/access-control.ts,security,@/modules/security/domain/access-control,static_import_or_export,test,production,no,yes,no,src/modules/institution/tests/WeComControlledReachOutService.test.ts -> @/modules/security/domain/access-control
shared_types_services,src/modules/institution/tests/WeComCustomerBroadcastTaskApiRoute.test.ts,institution,src/modules/security/server/access-context.ts,security,@/modules/security/server/access-context,test_mock,test,production,no,yes,yes,src/modules/institution/tests/WeComCustomerBroadcastTaskApiRoute.test.ts -> @/modules/security/server/access-context
shared_types_services,src/modules/institution/tests/WeComCustomerContactReadonlyProofApiRoute.test.ts,institution,src/modules/security/domain/access-control.ts,security,@/modules/security/domain/access-control,test_mock,test,production,no,yes,no,src/modules/institution/tests/WeComCustomerContactReadonlyProofApiRoute.test.ts -> @/modules/security/domain/access-control
shared_types_services,src/modules/institution/tests/WeComCustomerContactReadonlyProofApiRoute.test.ts,institution,src/modules/security/server/access-context.ts,security,@/modules/security/server/access-context,test_mock,test,production,no,yes,yes,src/modules/institution/tests/WeComCustomerContactReadonlyProofApiRoute.test.ts -> @/modules/security/server/access-context
shared_types_services,src/modules/institution/tests/WeComCustomerContactReadonlyProofMockApiRoute.test.ts,institution,src/modules/security/domain/access-control.ts,security,@/modules/security/domain/access-control,test_mock,test,production,no,yes,no,src/modules/institution/tests/WeComCustomerContactReadonlyProofMockApiRoute.test.ts -> @/modules/security/domain/access-control
shared_types_services,src/modules/institution/tests/WeComCustomerContactReadonlyProofMockApiRoute.test.ts,institution,src/modules/security/server/access-context.ts,security,@/modules/security/server/access-context,test_mock,test,production,no,yes,yes,src/modules/institution/tests/WeComCustomerContactReadonlyProofMockApiRoute.test.ts -> @/modules/security/server/access-context
shared_types_services,src/modules/institution/tests/WeComCustomerMappingCandidatesApiRoute.test.ts,institution,src/modules/security/domain/access-control.ts,security,@/modules/security/domain/access-control,static_import_or_export,test,production,no,yes,no,src/modules/institution/tests/WeComCustomerMappingCandidatesApiRoute.test.ts -> @/modules/security/domain/access-control
knowledge_workbench,src/modules/institution/tests/WeComCustomerMappingCandidatesReadonlyPanel.test.tsx,institution,src/modules/workspace/components/InstitutionWorkspace.tsx,workspace,@/modules/workspace/components/InstitutionWorkspace,static_import_or_export,test,production,no,no,yes,src/modules/institution/tests/WeComCustomerMappingCandidatesReadonlyPanel.test.tsx -> @/modules/workspace/components/InstitutionWorkspace
shared_types_services,src/modules/institution/tests/WeComCustomerMappingReadWriteBridge.test.ts,institution,src/modules/auth/server/demo-session.ts,auth,@/modules/auth/server/demo-session,static_import_or_export,test,production,no,no,yes,src/modules/institution/tests/WeComCustomerMappingReadWriteBridge.test.ts -> @/modules/auth/server/demo-session
shared_types_services,src/modules/institution/tests/WeComCustomerMappingReviewActionsApiRoute.test.ts,institution,src/modules/auth/server/demo-session.ts,auth,@/modules/auth/server/demo-session,static_import_or_export,test,production,no,yes,yes,src/modules/institution/tests/WeComCustomerMappingReviewActionsApiRoute.test.ts -> @/modules/auth/server/demo-session
shared_types_services,src/modules/institution/tests/WeComCustomerMappingReviewActionsApiRoute.test.ts,institution,src/modules/security/domain/access-control.ts,security,@/modules/security/domain/access-control,static_import_or_export,test,production,no,yes,no,src/modules/institution/tests/WeComCustomerMappingReviewActionsApiRoute.test.ts -> @/modules/security/domain/access-control
shared_types_services,src/modules/institution/tests/WeComCustomerMappingReviewActionsApiRoute.test.ts,institution,src/modules/security/server/mutation-request-security.ts,security,@/modules/security/server/mutation-request-security,static_import_or_export,test,production,no,yes,yes,src/modules/institution/tests/WeComCustomerMappingReviewActionsApiRoute.test.ts -> @/modules/security/server/mutation-request-security
shared_types_services,src/modules/institution/tests/WeComCustomerMappingService.test.ts,institution,src/modules/audit/domain/audit-events.ts,audit,@/modules/audit/domain/audit-events,static_import_or_export,test,production,no,yes,no,src/modules/institution/tests/WeComCustomerMappingService.test.ts -> @/modules/audit/domain/audit-events
shared_types_services,src/modules/institution/tests/WeComCustomerMappingService.test.ts,institution,src/modules/security/domain/access-control.ts,security,@/modules/security/domain/access-control,static_import_or_export,test,production,no,yes,no,src/modules/institution/tests/WeComCustomerMappingService.test.ts -> @/modules/security/domain/access-control
shared_types_services,src/modules/institution/tests/WeComDryRunSnapshotApiRoute.test.ts,institution,src/modules/security/server/access-context.ts,security,@/modules/security/server/access-context,test_mock,test,production,no,yes,yes,src/modules/institution/tests/WeComDryRunSnapshotApiRoute.test.ts -> @/modules/security/server/access-context
shared_types_services,src/modules/institution/tests/WeComOfficialDryRunApiRoute.test.ts,institution,src/modules/audit/domain/audit-events.ts,audit,@/modules/audit/domain/audit-events,test_mock,test,production,no,yes,no,src/modules/institution/tests/WeComOfficialDryRunApiRoute.test.ts -> @/modules/audit/domain/audit-events
shared_types_services,src/modules/institution/tests/WeComOfficialDryRunApiRoute.test.ts,institution,src/modules/audit/server/audit-event-repository.ts,audit,@/modules/audit/server/audit-event-repository,test_mock,test,production,no,yes,yes,src/modules/institution/tests/WeComOfficialDryRunApiRoute.test.ts -> @/modules/audit/server/audit-event-repository
shared_types_services,src/modules/institution/tests/WeComOfficialDryRunApiRoute.test.ts,institution,src/modules/security/domain/access-control.ts,security,@/modules/security/domain/access-control,test_mock,test,production,no,yes,no,src/modules/institution/tests/WeComOfficialDryRunApiRoute.test.ts -> @/modules/security/domain/access-control
shared_types_services,src/modules/institution/tests/WeComOfficialDryRunApiRoute.test.ts,institution,src/modules/security/server/access-context.ts,security,@/modules/security/server/access-context,test_mock,test,production,no,yes,yes,src/modules/institution/tests/WeComOfficialDryRunApiRoute.test.ts -> @/modules/security/server/access-context
shared_types_services,src/modules/institution/tests/WeComOfficialInternalMessageProofApiRoute.test.ts,institution,src/modules/security/domain/access-control.ts,security,@/modules/security/domain/access-control,test_mock,test,production,no,yes,no,src/modules/institution/tests/WeComOfficialInternalMessageProofApiRoute.test.ts -> @/modules/security/domain/access-control
shared_types_services,src/modules/institution/tests/WeComOfficialInternalMessageProofApiRoute.test.ts,institution,src/modules/security/server/access-context.ts,security,@/modules/security/server/access-context,test_mock,test,production,no,yes,yes,src/modules/institution/tests/WeComOfficialInternalMessageProofApiRoute.test.ts -> @/modules/security/server/access-context
shared_types_services,src/modules/institution/tests/WeComOfficialSecretPrecheckApiRoute.test.ts,institution,src/modules/security/domain/access-control.ts,security,@/modules/security/domain/access-control,test_mock,test,production,no,yes,no,src/modules/institution/tests/WeComOfficialSecretPrecheckApiRoute.test.ts -> @/modules/security/domain/access-control
shared_types_services,src/modules/institution/tests/WeComOfficialSecretPrecheckApiRoute.test.ts,institution,src/modules/security/server/access-context.ts,security,@/modules/security/server/access-context,test_mock,test,production,no,yes,yes,src/modules/institution/tests/WeComOfficialSecretPrecheckApiRoute.test.ts -> @/modules/security/server/access-context
shared_types_services,src/modules/institution/tests/WeComRealSendExecutionShellService.test.ts,institution,src/modules/security/domain/access-control.ts,security,@/modules/security/domain/access-control,static_import_or_export,test,production,no,yes,no,src/modules/institution/tests/WeComRealSendExecutionShellService.test.ts -> @/modules/security/domain/access-control
shared_types_services,src/modules/institution/tests/WeComRealSendProofService.test.ts,institution,src/modules/security/domain/access-control.ts,security,@/modules/security/domain/access-control,static_import_or_export,test,production,no,yes,no,src/modules/institution/tests/WeComRealSendProofService.test.ts -> @/modules/security/domain/access-control
knowledge_workbench,src/modules/knowledge-base/server/v1-knowledge-base-embedding-vector-index-runtime.ts,knowledge-base,src/server/db/client.ts,__src_server__,@/server/db/client,static_import_or_export,production,production,yes,yes,yes,src/modules/knowledge-base/server/v1-knowledge-base-embedding-vector-index-runtime.ts -> @/server/db/client
knowledge_workbench,src/modules/knowledge-base/server/v1-knowledge-base-runtime-api-routes.ts,knowledge-base,src/server/db/client.ts,__src_server__,@/server/db/client,static_import_or_export,production,production,yes,yes,yes,src/modules/knowledge-base/server/v1-knowledge-base-runtime-api-routes.ts -> @/server/db/client
knowledge_workbench,src/modules/knowledge-base/server/v1-knowledge-base-runtime-foundation-repository.ts,knowledge-base,src/server/db/client.ts,__src_server__,@/server/db/client,static_import_or_export,production,production,yes,yes,yes,src/modules/knowledge-base/server/v1-knowledge-base-runtime-foundation-repository.ts -> @/server/db/client
knowledge_workbench,src/modules/knowledge-base/server/v1-knowledge-base-search-runtime.ts,knowledge-base,src/server/db/client.ts,__src_server__,@/server/db/client,static_import_or_export,production,production,yes,yes,yes,src/modules/knowledge-base/server/v1-knowledge-base-search-runtime.ts -> @/server/db/client
knowledge_workbench,src/modules/knowledge-base/tests/V1KnowledgeBaseDemoReadonlyApiRoute.test.ts,knowledge-base,src/app/api/v1/knowledge-base/demo-readonly/route.ts,__src_app__,@/app/api/v1/knowledge-base/demo-readonly/route,static_import_or_export,test,production,no,yes,yes,src/modules/knowledge-base/tests/V1KnowledgeBaseDemoReadonlyApiRoute.test.ts -> @/app/api/v1/knowledge-base/demo-readonly/route
knowledge_workbench,src/modules/knowledge-base/tests/V1KnowledgeBaseEmbeddingVectorIndexRuntime.test.ts,knowledge-base,src/server/db/schema.ts,__src_server__,@/server/db/schema,static_import_or_export,test,production,no,yes,yes,src/modules/knowledge-base/tests/V1KnowledgeBaseEmbeddingVectorIndexRuntime.test.ts -> @/server/db/schema
knowledge_workbench,src/modules/knowledge-base/tests/V1KnowledgeBaseMvpE2EAcceptance.test.ts,knowledge-base,src/modules/workspace/components/InstitutionWorkspace.tsx,workspace,@/modules/workspace/components/InstitutionWorkspace,static_import_or_export,test,production,no,yes,yes,src/modules/knowledge-base/tests/V1KnowledgeBaseMvpE2EAcceptance.test.ts -> @/modules/workspace/components/InstitutionWorkspace
knowledge_workbench,src/modules/knowledge-base/tests/V1KnowledgeBaseRuntimeFoundation.test.ts,knowledge-base,src/server/db/client.ts,__src_server__,@/server/db/client,static_import_or_export,test,production,no,yes,yes,src/modules/knowledge-base/tests/V1KnowledgeBaseRuntimeFoundation.test.ts -> @/server/db/client
page_domain,src/modules/marketing/tests/MarketingPage.test.tsx,marketing,src/app/(marketing)/page.tsx,__src_app__,@/app/(marketing)/page,static_import_or_export,test,production,no,yes,no,src/modules/marketing/tests/MarketingPage.test.tsx -> @/app/(marketing)/page
page_domain,src/modules/marketing/tests/MarketingPage.test.tsx,marketing,src/app/api/v1/open-platform/homepage-brand/_shared.ts,__src_app__,@/app/api/v1/open-platform/homepage-brand/_shared,static_import_or_export|test_mock,test,production,no,yes,yes,src/modules/marketing/tests/MarketingPage.test.tsx -> @/app/api/v1/open-platform/homepage-brand/_shared
page_domain,src/modules/marketing/tests/MarketingPage.test.tsx,marketing,src/modules/open-platform/server/homepage-brand-repository.ts,open-platform,@/modules/open-platform/server/homepage-brand-repository,test_mock,test,production,no,yes,yes,src/modules/marketing/tests/MarketingPage.test.tsx -> @/modules/open-platform/server/homepage-brand-repository
page_domain,src/modules/marketing/tests/MarketingPage.test.tsx,marketing,src/modules/open-platform/server/homepage-brand-service.ts,open-platform,@/modules/open-platform/server/homepage-brand-service,static_import_or_export|test_mock,test,production,no,yes,yes,src/modules/marketing/tests/MarketingPage.test.tsx -> @/modules/open-platform/server/homepage-brand-service
page_domain,src/modules/marketing/tests/MarketingPage.test.tsx,marketing,src/server/db/client.ts,__src_server__,@/server/db/client,test_mock,test,production,no,yes,yes,src/modules/marketing/tests/MarketingPage.test.tsx -> @/server/db/client
page_domain,src/modules/open-platform/components/HomepageBrandPanel.tsx,open-platform,src/modules/marketing/components/MarketingHome.tsx,marketing,@/modules/marketing/components/MarketingHome,static_import_or_export,production,production,yes,yes,yes,src/modules/open-platform/components/HomepageBrandPanel.tsx -> @/modules/marketing/components/MarketingHome
shared_types_services,src/modules/open-platform/domain/platform-commercial-health.ts,open-platform,src/modules/audit/domain/audit-event-query.ts,audit,@/modules/audit/domain/audit-event-query,static_import_or_export,production,production,yes,no,no,src/modules/open-platform/domain/platform-commercial-health.ts -> @/modules/audit/domain/audit-event-query
page_domain,src/modules/open-platform/server/homepage-brand-local-repository.ts,open-platform,src/modules/marketing/domain/homepageBrandConfig.ts,marketing,@/modules/marketing/domain/homepageBrandConfig,static_import_or_export,production,production,yes,yes,no,src/modules/open-platform/server/homepage-brand-local-repository.ts -> @/modules/marketing/domain/homepageBrandConfig
page_domain,src/modules/open-platform/server/homepage-brand-repository.ts,open-platform,src/modules/marketing/domain/homepageBrandConfig.ts,marketing,@/modules/marketing/domain/homepageBrandConfig,static_import_or_export,production,production,yes,yes,no,src/modules/open-platform/server/homepage-brand-repository.ts -> @/modules/marketing/domain/homepageBrandConfig
shared_types_services,src/modules/open-platform/server/platform-knowledge-management-service.ts,open-platform,src/modules/audit/domain/audit-events.ts,audit,@/modules/audit/domain/audit-events,static_import_or_export,production,production,yes,yes,no,src/modules/open-platform/server/platform-knowledge-management-service.ts -> @/modules/audit/domain/audit-events
shared_types_services,src/modules/open-platform/server/platform-knowledge-management-service.ts,open-platform,src/modules/security/domain/access-control.ts,security,@/modules/security/domain/access-control,static_import_or_export,production,production,yes,yes,no,src/modules/open-platform/server/platform-knowledge-management-service.ts -> @/modules/security/domain/access-control
knowledge_workbench,src/modules/open-platform/server/platform-knowledge-production-governance-policy.ts,open-platform,src/modules/knowledge-base/domain/v1-knowledge-base-controlled-trial-readiness.ts,knowledge-base,@/modules/knowledge-base/domain/v1-knowledge-base-controlled-trial-readiness,static_import_or_export,production,production,yes,yes,no,src/modules/open-platform/server/platform-knowledge-production-governance-policy.ts -> @/modules/knowledge-base/domain/v1-knowledge-base-controlled-trial-readiness
shared_types_services,src/modules/open-platform/server/platformAiModelConfigPersistence.ts,open-platform,src/modules/security/domain/access-control.ts,security,@/modules/security/domain/access-control,static_import_or_export,production,production,yes,yes,no,src/modules/open-platform/server/platformAiModelConfigPersistence.ts -> @/modules/security/domain/access-control
shared_types_services,src/modules/open-platform/server/platformAiModelConfigPersistenceTypes.ts,open-platform,src/modules/audit/domain/audit-events.ts,audit,@/modules/audit/domain/audit-events,static_import_or_export,production,production,yes,yes,no,src/modules/open-platform/server/platformAiModelConfigPersistenceTypes.ts -> @/modules/audit/domain/audit-events
shared_types_services,src/modules/open-platform/server/platformAiModelConfigPersistenceTypes.ts,open-platform,src/modules/security/domain/access-control.ts,security,@/modules/security/domain/access-control,static_import_or_export,production,production,yes,yes,no,src/modules/open-platform/server/platformAiModelConfigPersistenceTypes.ts -> @/modules/security/domain/access-control
shared_types_services,src/modules/open-platform/server/platformAiModelVendorOperations.ts,open-platform,src/modules/security/server/secretEncryption.ts,security,@/modules/security/server/secretEncryption,static_import_or_export,production,production,yes,yes,yes,src/modules/open-platform/server/platformAiModelVendorOperations.ts -> @/modules/security/server/secretEncryption
shared_types_services,src/modules/open-platform/server/platformAiProviderConfig.ts,open-platform,src/modules/security/server/secretEncryption.ts,security,@/modules/security/server/secretEncryption,static_import_or_export,production,production,yes,yes,yes,src/modules/open-platform/server/platformAiProviderConfig.ts -> @/modules/security/server/secretEncryption
shared_types_services,src/modules/open-platform/server/tenant-account-management-repository.ts,open-platform,src/modules/audit/server/audit-event-repository.ts,audit,@/modules/audit/server/audit-event-repository,static_import_or_export,production,production,yes,yes,yes,src/modules/open-platform/server/tenant-account-management-repository.ts -> @/modules/audit/server/audit-event-repository
shared_types_services,src/modules/open-platform/server/tenant-account-management-service.ts,open-platform,src/modules/audit/domain/audit-events.ts,audit,@/modules/audit/domain/audit-events,static_import_or_export,production,production,yes,yes,no,src/modules/open-platform/server/tenant-account-management-service.ts -> @/modules/audit/domain/audit-events
shared_types_services,src/modules/open-platform/server/tenant-account-management-service.ts,open-platform,src/modules/auth/domain/auth-account.ts,auth,@/modules/auth/domain/auth-account,static_import_or_export,production,production,yes,yes,no,src/modules/open-platform/server/tenant-account-management-service.ts -> @/modules/auth/domain/auth-account
shared_types_services,src/modules/open-platform/server/tenant-account-management-service.ts,open-platform,src/modules/auth/server/auth-account-service.ts,auth,@/modules/auth/server/auth-account-service,static_import_or_export,production,production,yes,yes,yes,src/modules/open-platform/server/tenant-account-management-service.ts -> @/modules/auth/server/auth-account-service
shared_types_services,src/modules/open-platform/server/tenant-account-management-service.ts,open-platform,src/modules/auth/server/password-hash.ts,auth,@/modules/auth/server/password-hash,static_import_or_export,production,production,yes,yes,yes,src/modules/open-platform/server/tenant-account-management-service.ts -> @/modules/auth/server/password-hash
shared_types_services,src/modules/open-platform/server/tenant-account-management-service.ts,open-platform,src/modules/security/domain/access-control.ts,security,@/modules/security/domain/access-control,static_import_or_export,production,production,yes,yes,no,src/modules/open-platform/server/tenant-account-management-service.ts -> @/modules/security/domain/access-control
shared_types_services,src/modules/open-platform/server/tenant-plan-binding-repository.ts,open-platform,src/modules/audit/server/audit-event-repository.ts,audit,@/modules/audit/server/audit-event-repository,static_import_or_export,production,production,yes,yes,yes,src/modules/open-platform/server/tenant-plan-binding-repository.ts -> @/modules/audit/server/audit-event-repository
shared_types_services,src/modules/open-platform/server/tenant-plan-binding-service.ts,open-platform,src/modules/audit/domain/audit-events.ts,audit,@/modules/audit/domain/audit-events,static_import_or_export,production,production,yes,yes,no,src/modules/open-platform/server/tenant-plan-binding-service.ts -> @/modules/audit/domain/audit-events
shared_types_services,src/modules/open-platform/server/tenant-plan-binding-service.ts,open-platform,src/modules/auth/server/auth-account-service.ts,auth,@/modules/auth/server/auth-account-service,static_import_or_export,production,production,yes,yes,yes,src/modules/open-platform/server/tenant-plan-binding-service.ts -> @/modules/auth/server/auth-account-service
shared_types_services,src/modules/open-platform/server/tenant-plan-binding-service.ts,open-platform,src/modules/auth/server/password-hash.ts,auth,@/modules/auth/server/password-hash,static_import_or_export,production,production,yes,yes,yes,src/modules/open-platform/server/tenant-plan-binding-service.ts -> @/modules/auth/server/password-hash
shared_types_services,src/modules/open-platform/server/tenant-plan-change-repository.ts,open-platform,src/modules/audit/server/audit-event-repository.ts,audit,@/modules/audit/server/audit-event-repository,static_import_or_export,production,production,yes,yes,yes,src/modules/open-platform/server/tenant-plan-change-repository.ts -> @/modules/audit/server/audit-event-repository
shared_types_services,src/modules/open-platform/server/tenant-plan-change-service.ts,open-platform,src/modules/audit/domain/audit-events.ts,audit,@/modules/audit/domain/audit-events,static_import_or_export,production,production,yes,yes,no,src/modules/open-platform/server/tenant-plan-change-service.ts -> @/modules/audit/domain/audit-events
shared_types_services,src/modules/open-platform/server/tenant-plan-change-service.ts,open-platform,src/modules/security/domain/access-control.ts,security,@/modules/security/domain/access-control,static_import_or_export,production,production,yes,yes,no,src/modules/open-platform/server/tenant-plan-change-service.ts -> @/modules/security/domain/access-control
shared_types_services,src/modules/open-platform/server/trial-data-reset-service.ts,open-platform,src/modules/audit/domain/audit-events.ts,audit,@/modules/audit/domain/audit-events,static_import_or_export,production,production,yes,yes,no,src/modules/open-platform/server/trial-data-reset-service.ts -> @/modules/audit/domain/audit-events
shared_types_services,src/modules/open-platform/server/trial-data-reset-service.ts,open-platform,src/modules/audit/server/audit-event-repository.ts,audit,@/modules/audit/server/audit-event-repository,static_import_or_export,production,production,yes,yes,yes,src/modules/open-platform/server/trial-data-reset-service.ts -> @/modules/audit/server/audit-event-repository
shared_types_services,src/modules/open-platform/server/vendorProviderConfig.ts,open-platform,src/modules/security/server/secretEncryption.ts,security,@/modules/security/server/secretEncryption,static_import_or_export,production,production,yes,yes,yes,src/modules/open-platform/server/vendorProviderConfig.ts -> @/modules/security/server/secretEncryption
shared_types_services,src/modules/open-platform/server/vendorProviderConfigTypes.ts,open-platform,src/modules/security/server/secretEncryption.ts,security,@/modules/security/server/secretEncryption,static_import_or_export,production,production,yes,yes,yes,src/modules/open-platform/server/vendorProviderConfigTypes.ts -> @/modules/security/server/secretEncryption
shared_types_services,src/modules/open-platform/tests/AiCreditMeteringRulesApiRoute.test.ts,open-platform,src/modules/security/server/access-context.ts,security,@/modules/security/server/access-context,static_import_or_export|test_mock,test,production,no,yes,yes,src/modules/open-platform/tests/AiCreditMeteringRulesApiRoute.test.ts -> @/modules/security/server/access-context
shared_types_services,src/modules/open-platform/tests/AiUsageCreditsApiRoute.test.ts,open-platform,src/modules/security/server/access-context.ts,security,@/modules/security/server/access-context,static_import_or_export|test_mock,test,production,no,yes,yes,src/modules/open-platform/tests/AiUsageCreditsApiRoute.test.ts -> @/modules/security/server/access-context
page_domain,src/modules/open-platform/tests/HomepageBrandApiRoute.test.ts,open-platform,src/modules/marketing/domain/homepageBrandConfig.ts,marketing,@/modules/marketing/domain/homepageBrandConfig,static_import_or_export,test,production,no,yes,no,src/modules/open-platform/tests/HomepageBrandApiRoute.test.ts -> @/modules/marketing/domain/homepageBrandConfig
shared_types_services,src/modules/open-platform/tests/HomepageBrandApiRoute.test.ts,open-platform,src/modules/security/server/access-context.ts,security,@/modules/security/server/access-context,static_import_or_export|test_mock,test,production,no,yes,yes,src/modules/open-platform/tests/HomepageBrandApiRoute.test.ts -> @/modules/security/server/access-context
page_domain,src/modules/open-platform/tests/HomepageBrandPanel.test.tsx,open-platform,src/modules/marketing/components/MarketingHome.tsx,marketing,@/modules/marketing/components/MarketingHome,static_import_or_export,test,production,no,yes,yes,src/modules/open-platform/tests/HomepageBrandPanel.test.tsx -> @/modules/marketing/components/MarketingHome
knowledge_workbench,src/modules/open-platform/tests/OpenPlatformAiModelConfigPanel.test.tsx,open-platform,src/modules/workspace/components/PlatformConsole.tsx,workspace,@/modules/workspace/components/PlatformConsole,static_import_or_export,test,production,no,yes,no,src/modules/open-platform/tests/OpenPlatformAiModelConfigPanel.test.tsx -> @/modules/workspace/components/PlatformConsole
shared_types_services,src/modules/open-platform/tests/OpenPlatformAiModelConfigPersistence.test.ts,open-platform,src/modules/audit/server/audit-event-repository.ts,audit,@/modules/audit/server/audit-event-repository,test_mock,test,production,no,yes,yes,src/modules/open-platform/tests/OpenPlatformAiModelConfigPersistence.test.ts -> @/modules/audit/server/audit-event-repository
shared_types_services,src/modules/open-platform/tests/OpenPlatformAiModelConfigPersistence.test.ts,open-platform,src/modules/security/server/access-context.ts,security,@/modules/security/server/access-context,static_import_or_export|test_mock,test,production,no,yes,yes,src/modules/open-platform/tests/OpenPlatformAiModelConfigPersistence.test.ts -> @/modules/security/server/access-context
shared_types_services,src/modules/open-platform/tests/OpenPlatformAiModelVendorOperations.test.ts,open-platform,src/modules/audit/server/audit-event-repository.ts,audit,@/modules/audit/server/audit-event-repository,test_mock,test,production,no,yes,yes,src/modules/open-platform/tests/OpenPlatformAiModelVendorOperations.test.ts -> @/modules/audit/server/audit-event-repository
shared_types_services,src/modules/open-platform/tests/OpenPlatformAiModelVendorOperations.test.ts,open-platform,src/modules/security/server/access-context.ts,security,@/modules/security/server/access-context,static_import_or_export|test_mock,test,production,no,yes,yes,src/modules/open-platform/tests/OpenPlatformAiModelVendorOperations.test.ts -> @/modules/security/server/access-context
shared_types_services,src/modules/open-platform/tests/OpenPlatformAiModelVendorOperations.test.ts,open-platform,src/modules/security/server/secretEncryption.ts,security,@/modules/security/server/secretEncryption,static_import_or_export,test,production,no,yes,yes,src/modules/open-platform/tests/OpenPlatformAiModelVendorOperations.test.ts -> @/modules/security/server/secretEncryption
shared_types_services,src/modules/open-platform/tests/OpenPlatformAiProviderConfig.test.ts,open-platform,src/modules/security/server/access-context.ts,security,@/modules/security/server/access-context,static_import_or_export|test_mock,test,production,no,yes,yes,src/modules/open-platform/tests/OpenPlatformAiProviderConfig.test.ts -> @/modules/security/server/access-context
knowledge_workbench,src/modules/open-platform/tests/OpenPlatformAiReadonlyPanel.test.tsx,open-platform,src/modules/workspace/components/PlatformConsole.tsx,workspace,@/modules/workspace/components/PlatformConsole,static_import_or_export,test,production,no,no,no,src/modules/open-platform/tests/OpenPlatformAiReadonlyPanel.test.tsx -> @/modules/workspace/components/PlatformConsole
shared_types_services,src/modules/open-platform/tests/OpenPlatformAiRuntimeConfig.test.ts,open-platform,src/modules/security/server/access-context.ts,security,@/modules/security/server/access-context,static_import_or_export|test_mock,test,production,no,yes,yes,src/modules/open-platform/tests/OpenPlatformAiRuntimeConfig.test.ts -> @/modules/security/server/access-context
shared_types_services,src/modules/open-platform/tests/OpenPlatformAiRuntimeSmoke.test.ts,open-platform,src/modules/security/server/access-context.ts,security,@/modules/security/server/access-context,static_import_or_export|test_mock,test,production,no,yes,yes,src/modules/open-platform/tests/OpenPlatformAiRuntimeSmoke.test.ts -> @/modules/security/server/access-context
shared_types_services,src/modules/open-platform/tests/OpenPlatformAiRuntimeSmoke.test.ts,open-platform,src/modules/security/server/secretEncryption.ts,security,@/modules/security/server/secretEncryption,static_import_or_export,test,production,no,yes,yes,src/modules/open-platform/tests/OpenPlatformAiRuntimeSmoke.test.ts -> @/modules/security/server/secretEncryption
knowledge_workbench,src/modules/open-platform/tests/OpenPlatformKnowledgeManagementPanel.test.tsx,open-platform,src/modules/workspace/components/PlatformConsole.tsx,workspace,@/modules/workspace/components/PlatformConsole,static_import_or_export,test,production,no,yes,no,src/modules/open-platform/tests/OpenPlatformKnowledgeManagementPanel.test.tsx -> @/modules/workspace/components/PlatformConsole
shared_types_services,src/modules/open-platform/tests/OpenPlatformTenantManagementApiRoute.test.ts,open-platform,src/modules/security/domain/access-control.ts,security,@/modules/security/domain/access-control,static_import_or_export,test,production,no,yes,no,src/modules/open-platform/tests/OpenPlatformTenantManagementApiRoute.test.ts -> @/modules/security/domain/access-control
shared_types_services,src/modules/open-platform/tests/OpenPlatformTenantManagementApiRoute.test.ts,open-platform,src/modules/security/server/access-context.ts,security,@/modules/security/server/access-context,literal_dynamic_or_require|test_mock,test,production,no,yes,yes,src/modules/open-platform/tests/OpenPlatformTenantManagementApiRoute.test.ts -> @/modules/security/server/access-context
shared_types_services,src/modules/open-platform/tests/PackageAiQuotaReadonlyApiRoute.test.ts,open-platform,src/modules/security/domain/access-control.ts,security,@/modules/security/domain/access-control,literal_dynamic_or_require|test_mock,test,production,no,yes,no,src/modules/open-platform/tests/PackageAiQuotaReadonlyApiRoute.test.ts -> @/modules/security/domain/access-control
shared_types_services,src/modules/open-platform/tests/PackageAiQuotaReadonlyApiRoute.test.ts,open-platform,src/modules/security/server/access-context.ts,security,@/modules/security/server/access-context,test_mock,test,production,no,yes,yes,src/modules/open-platform/tests/PackageAiQuotaReadonlyApiRoute.test.ts -> @/modules/security/server/access-context
shared_types_services,src/modules/open-platform/tests/PlanCatalogApiRoute.test.ts,open-platform,src/modules/security/domain/access-control.ts,security,@/modules/security/domain/access-control,static_import_or_export,test,production,no,yes,no,src/modules/open-platform/tests/PlanCatalogApiRoute.test.ts -> @/modules/security/domain/access-control
shared_types_services,src/modules/open-platform/tests/PlanCatalogApiRoute.test.ts,open-platform,src/modules/security/server/access-context.ts,security,@/modules/security/server/access-context,literal_dynamic_or_require|test_mock,test,production,no,yes,yes,src/modules/open-platform/tests/PlanCatalogApiRoute.test.ts -> @/modules/security/server/access-context
shared_types_services,src/modules/open-platform/tests/PlatformCommercialHealthDomain.test.ts,open-platform,src/modules/audit/domain/audit-event-query.ts,audit,@/modules/audit/domain/audit-event-query,static_import_or_export,test,production,no,no,no,src/modules/open-platform/tests/PlatformCommercialHealthDomain.test.ts -> @/modules/audit/domain/audit-event-query
knowledge_workbench,src/modules/open-platform/tests/PlatformConsoleUx.test.tsx,open-platform,src/modules/workspace/components/PlatformConsole.tsx,workspace,@/modules/workspace/components/PlatformConsole,static_import_or_export,test,production,no,no,no,src/modules/open-platform/tests/PlatformConsoleUx.test.tsx -> @/modules/workspace/components/PlatformConsole
shared_types_services,src/modules/open-platform/tests/PlatformEntitlementUsageApiRoute.test.ts,open-platform,src/modules/security/domain/access-control.ts,security,@/modules/security/domain/access-control,literal_dynamic_or_require|test_mock,test,production,no,yes,no,src/modules/open-platform/tests/PlatformEntitlementUsageApiRoute.test.ts -> @/modules/security/domain/access-control
shared_types_services,src/modules/open-platform/tests/PlatformEntitlementUsageApiRoute.test.ts,open-platform,src/modules/security/server/access-context.ts,security,@/modules/security/server/access-context,test_mock,test,production,no,yes,yes,src/modules/open-platform/tests/PlatformEntitlementUsageApiRoute.test.ts -> @/modules/security/server/access-context
shared_types_services,src/modules/open-platform/tests/PlatformKnowledgeDirectoryManagementApiRoute.test.ts,open-platform,src/modules/audit/server/audit-event-repository.ts,audit,@/modules/audit/server/audit-event-repository,static_import_or_export|test_mock,test,production,no,yes,yes,src/modules/open-platform/tests/PlatformKnowledgeDirectoryManagementApiRoute.test.ts -> @/modules/audit/server/audit-event-repository
shared_types_services,src/modules/open-platform/tests/PlatformKnowledgeDirectoryManagementApiRoute.test.ts,open-platform,src/modules/security/server/access-context.ts,security,@/modules/security/server/access-context,static_import_or_export|test_mock,test,production,no,yes,yes,src/modules/open-platform/tests/PlatformKnowledgeDirectoryManagementApiRoute.test.ts -> @/modules/security/server/access-context
shared_types_services,src/modules/open-platform/tests/PlatformKnowledgeDocumentParsingApiRoute.test.ts,open-platform,src/modules/security/domain/access-control.ts,security,@/modules/security/domain/access-control,static_import_or_export,test,production,no,yes,no,src/modules/open-platform/tests/PlatformKnowledgeDocumentParsingApiRoute.test.ts -> @/modules/security/domain/access-control
shared_types_services,src/modules/open-platform/tests/PlatformKnowledgeDocumentParsingApiRoute.test.ts,open-platform,src/modules/security/server/access-context.ts,security,@/modules/security/server/access-context,static_import_or_export|test_mock,test,production,no,yes,yes,src/modules/open-platform/tests/PlatformKnowledgeDocumentParsingApiRoute.test.ts -> @/modules/security/server/access-context
knowledge_workbench,src/modules/open-platform/tests/PlatformKnowledgeDocumentParsingService.test.ts,open-platform,src/modules/knowledge-base/server/v1-knowledge-base-upload-parse-chunk-runtime.ts,knowledge-base,@/modules/knowledge-base/server/v1-knowledge-base-upload-parse-chunk-runtime,static_import_or_export,test,production,no,yes,yes,src/modules/open-platform/tests/PlatformKnowledgeDocumentParsingService.test.ts -> @/modules/knowledge-base/server/v1-knowledge-base-upload-parse-chunk-runtime
shared_types_services,src/modules/open-platform/tests/PlatformKnowledgeEmbeddingVectorSearchApiRoute.test.ts,open-platform,src/modules/security/server/access-context.ts,security,@/modules/security/server/access-context,static_import_or_export|test_mock,test,production,no,yes,yes,src/modules/open-platform/tests/PlatformKnowledgeEmbeddingVectorSearchApiRoute.test.ts -> @/modules/security/server/access-context
shared_types_services,src/modules/open-platform/tests/PlatformKnowledgeFileManagementApiRoute.test.ts,open-platform,src/modules/security/domain/access-control.ts,security,@/modules/security/domain/access-control,static_import_or_export,test,production,no,yes,no,src/modules/open-platform/tests/PlatformKnowledgeFileManagementApiRoute.test.ts -> @/modules/security/domain/access-control
shared_types_services,src/modules/open-platform/tests/PlatformKnowledgeFileManagementApiRoute.test.ts,open-platform,src/modules/security/server/access-context.ts,security,@/modules/security/server/access-context,static_import_or_export|test_mock,test,production,no,yes,yes,src/modules/open-platform/tests/PlatformKnowledgeFileManagementApiRoute.test.ts -> @/modules/security/server/access-context
shared_types_services,src/modules/open-platform/tests/PlatformKnowledgeKeywordSearchApiRoute.test.ts,open-platform,src/modules/security/server/access-context.ts,security,@/modules/security/server/access-context,static_import_or_export|test_mock,test,production,no,yes,yes,src/modules/open-platform/tests/PlatformKnowledgeKeywordSearchApiRoute.test.ts -> @/modules/security/server/access-context
knowledge_workbench,src/modules/open-platform/tests/PlatformKnowledgeProductionGovernancePolicy.test.ts,open-platform,src/modules/knowledge-base/domain/v1-knowledge-base-controlled-trial-readiness.ts,knowledge-base,@/modules/knowledge-base/domain/v1-knowledge-base-controlled-trial-readiness,static_import_or_export,test,production,no,yes,no,src/modules/open-platform/tests/PlatformKnowledgeProductionGovernancePolicy.test.ts -> @/modules/knowledge-base/domain/v1-knowledge-base-controlled-trial-readiness
shared_types_services,src/modules/open-platform/tests/PlatformKnowledgeQaApiRoute.test.ts,open-platform,src/modules/security/server/access-context.ts,security,@/modules/security/server/access-context,static_import_or_export|test_mock,test,production,no,yes,yes,src/modules/open-platform/tests/PlatformKnowledgeQaApiRoute.test.ts -> @/modules/security/server/access-context
shared_types_services,src/modules/open-platform/tests/TenantAccountManagementApiRoute.test.ts,open-platform,src/modules/security/domain/access-control.ts,security,@/modules/security/domain/access-control,static_import_or_export,test,production,no,yes,no,src/modules/open-platform/tests/TenantAccountManagementApiRoute.test.ts -> @/modules/security/domain/access-control
shared_types_services,src/modules/open-platform/tests/TenantAccountManagementApiRoute.test.ts,open-platform,src/modules/security/server/access-context.ts,security,@/modules/security/server/access-context,literal_dynamic_or_require|test_mock,test,production,no,yes,yes,src/modules/open-platform/tests/TenantAccountManagementApiRoute.test.ts -> @/modules/security/server/access-context
shared_types_services,src/modules/open-platform/tests/TenantCommercialRecordsApiRoute.test.ts,open-platform,src/modules/security/domain/access-control.ts,security,@/modules/security/domain/access-control,static_import_or_export,test,production,no,yes,no,src/modules/open-platform/tests/TenantCommercialRecordsApiRoute.test.ts -> @/modules/security/domain/access-control
shared_types_services,src/modules/open-platform/tests/TenantCommercialRecordsApiRoute.test.ts,open-platform,src/modules/security/server/access-context.ts,security,@/modules/security/server/access-context,literal_dynamic_or_require|test_mock,test,production,no,yes,yes,src/modules/open-platform/tests/TenantCommercialRecordsApiRoute.test.ts -> @/modules/security/server/access-context
shared_types_services,src/modules/open-platform/tests/TenantPlanBindingApiRoute.test.ts,open-platform,src/modules/security/domain/access-control.ts,security,@/modules/security/domain/access-control,static_import_or_export,test,production,no,yes,no,src/modules/open-platform/tests/TenantPlanBindingApiRoute.test.ts -> @/modules/security/domain/access-control
shared_types_services,src/modules/open-platform/tests/TenantPlanBindingApiRoute.test.ts,open-platform,src/modules/security/server/access-context.ts,security,@/modules/security/server/access-context,literal_dynamic_or_require|test_mock,test,production,no,yes,yes,src/modules/open-platform/tests/TenantPlanBindingApiRoute.test.ts -> @/modules/security/server/access-context
shared_types_services,src/modules/open-platform/tests/TenantPlanChangeApiRoute.test.ts,open-platform,src/modules/security/domain/access-control.ts,security,@/modules/security/domain/access-control,static_import_or_export,test,production,no,yes,no,src/modules/open-platform/tests/TenantPlanChangeApiRoute.test.ts -> @/modules/security/domain/access-control
shared_types_services,src/modules/open-platform/tests/TenantPlanChangeApiRoute.test.ts,open-platform,src/modules/security/server/access-context.ts,security,@/modules/security/server/access-context,literal_dynamic_or_require|test_mock,test,production,no,yes,yes,src/modules/open-platform/tests/TenantPlanChangeApiRoute.test.ts -> @/modules/security/server/access-context
shared_types_services,src/modules/open-platform/tests/VendorProviderConfig.test.ts,open-platform,src/modules/security/server/access-context.ts,security,@/modules/security/server/access-context,static_import_or_export|test_mock,test,production,no,yes,yes,src/modules/open-platform/tests/VendorProviderConfig.test.ts -> @/modules/security/server/access-context
shared_types_services,src/modules/open-platform/tests/VendorProviderSmoke.test.ts,open-platform,src/modules/security/server/access-context.ts,security,@/modules/security/server/access-context,static_import_or_export|test_mock,test,production,no,yes,yes,src/modules/open-platform/tests/VendorProviderSmoke.test.ts -> @/modules/security/server/access-context
shared_types_services,src/modules/open-platform/tests/WeComCustomerDataGovernanceApiRoute.test.ts,open-platform,src/modules/security/domain/access-control.ts,security,@/modules/security/domain/access-control,static_import_or_export,test,production,no,yes,no,src/modules/open-platform/tests/WeComCustomerDataGovernanceApiRoute.test.ts -> @/modules/security/domain/access-control
shared_types_services,src/modules/open-platform/tests/WeComCustomerDataGovernanceApiRoute.test.ts,open-platform,src/modules/security/server/access-context.ts,security,@/modules/security/server/access-context,literal_dynamic_or_require|test_mock,test,production,no,yes,yes,src/modules/open-platform/tests/WeComCustomerDataGovernanceApiRoute.test.ts -> @/modules/security/server/access-context
knowledge_workbench,src/modules/open-platform/tests/WeComCustomerDataGovernancePanel.test.tsx,open-platform,src/modules/workspace/components/PlatformConsole.tsx,workspace,@/modules/workspace/components/PlatformConsole,static_import_or_export,test,production,no,no,no,src/modules/open-platform/tests/WeComCustomerDataGovernancePanel.test.tsx -> @/modules/workspace/components/PlatformConsole
shared_types_services,src/modules/security/server/access-context.ts,security,src/modules/auth/domain/session.ts,auth,@/modules/auth/domain/session,static_import_or_export,production,production,yes,yes,no,src/modules/security/server/access-context.ts -> @/modules/auth/domain/session
customer_followup|shared_types_services,src/modules/security/server/institution-access-context.ts,security,src/modules/institution-contracts/v1/institution-navigation.ts,institution-contracts,@/modules/institution-contracts/v1/institution-navigation,static_import_or_export,production,production,yes,yes,no,src/modules/security/server/institution-access-context.ts -> @/modules/institution-contracts/v1/institution-navigation
shared_types_services,src/modules/security/server/institution-anchor-repository.ts,security,src/server/db/client.ts,__src_server__,@/server/db/client,static_import_or_export,production,production,yes,yes,yes,src/modules/security/server/institution-anchor-repository.ts -> @/server/db/client
shared_types_services,src/modules/security/server/institution-anchor-repository.ts,security,src/server/db/schema.ts,__src_server__,@/server/db/schema,static_import_or_export,production,production,yes,yes,yes,src/modules/security/server/institution-anchor-repository.ts -> @/server/db/schema
shared_types_services,src/modules/security/server/institution-guard-runtime-config.ts,security,src/modules/auth/server/formal-server-session-provenance-owner.ts,auth,@/modules/auth/server/formal-server-session-provenance-owner,static_import_or_export,production,production,yes,yes,yes,src/modules/security/server/institution-guard-runtime-config.ts -> @/modules/auth/server/formal-server-session-provenance-owner
shared_types_services,src/modules/security/server/institution-membership-provider.ts,security,src/modules/auth/domain/session.ts,auth,@/modules/auth/domain/session,static_import_or_export,production,production,yes,yes,no,src/modules/security/server/institution-membership-provider.ts -> @/modules/auth/domain/session
customer_followup|shared_types_services,src/modules/security/server/institution-scope-guard.ts,security,src/modules/institution-contracts/v1/institution-navigation.ts,institution-contracts,@/modules/institution-contracts/v1/institution-navigation,static_import_or_export,production,production,yes,yes,no,src/modules/security/server/institution-scope-guard.ts -> @/modules/institution-contracts/v1/institution-navigation
shared_types_services,src/modules/security/tests/AccessContext.test.ts,security,src/modules/auth/server/demo-session.ts,auth,@/modules/auth/server/demo-session,static_import_or_export,test,production,no,no,yes,src/modules/security/tests/AccessContext.test.ts -> @/modules/auth/server/demo-session
customer_followup|shared_types_services,src/modules/security/tests/InstitutionAccessDomain.test.ts,security,src/modules/institution-contracts/v1/institution-navigation.ts,institution-contracts,@/modules/institution-contracts/v1/institution-navigation,static_import_or_export,test,production,no,no,no,src/modules/security/tests/InstitutionAccessDomain.test.ts -> @/modules/institution-contracts/v1/institution-navigation
shared_types_services,src/modules/security/tests/InstitutionAnchorRepository.test.ts,security,src/server/db/client.ts,__src_server__,@/server/db/client,static_import_or_export,test,production,no,yes,yes,src/modules/security/tests/InstitutionAnchorRepository.test.ts -> @/server/db/client
shared_types_services,src/modules/security/tests/InstitutionAnchorRepository.test.ts,security,src/server/db/schema.ts,__src_server__,@/server/db/schema,static_import_or_export,test,production,no,yes,yes,src/modules/security/tests/InstitutionAnchorRepository.test.ts -> @/server/db/schema
shared_types_services,src/modules/security/tests/InstitutionRequestAuthorization.test.ts,security,src/modules/auth/server/auth-account-repository.ts,auth,@/modules/auth/server/auth-account-repository,static_import_or_export,test,production,no,no,yes,src/modules/security/tests/InstitutionRequestAuthorization.test.ts -> @/modules/auth/server/auth-account-repository
customer_followup|shared_types_services,src/modules/security/tests/InstitutionRequestAuthorization.test.ts,security,src/modules/institution-contracts/v1/institution-navigation.ts,institution-contracts,@/modules/institution-contracts/v1/institution-navigation,static_import_or_export,test,production,no,no,no,src/modules/security/tests/InstitutionRequestAuthorization.test.ts -> @/modules/institution-contracts/v1/institution-navigation
shared_types_services,src/modules/security/tests/InstitutionScopeGuard.test.ts,security,src/modules/auth/server/auth-account-repository.ts,auth,@/modules/auth/server/auth-account-repository,static_import_or_export,test,production,no,yes,yes,src/modules/security/tests/InstitutionScopeGuard.test.ts -> @/modules/auth/server/auth-account-repository
shared_types_services,src/modules/security/tests/InstitutionSectionGuard.test.ts,security,src/modules/auth/server/auth-account-repository.ts,auth,@/modules/auth/server/auth-account-repository,static_import_or_export,test,production,no,no,yes,src/modules/security/tests/InstitutionSectionGuard.test.ts -> @/modules/auth/server/auth-account-repository
shared_types_services,src/modules/security/tests/SafetySwitchApiRoute.test.ts,security,src/app/api/institution/safety-switch/route.ts,__src_app__,@/app/api/institution/safety-switch/route,static_import_or_export,test,production,no,yes,yes,src/modules/security/tests/SafetySwitchApiRoute.test.ts -> @/app/api/institution/safety-switch/route
shared_types_services,src/modules/security/tests/SafetySwitchApiRoute.test.ts,security,src/modules/audit/domain/audit-events.ts,audit,@/modules/audit/domain/audit-events,test_mock,test,production,no,yes,no,src/modules/security/tests/SafetySwitchApiRoute.test.ts -> @/modules/audit/domain/audit-events
shared_types_services,src/modules/security/tests/SafetySwitchApiRoute.test.ts,security,src/modules/audit/server/audit-event-repository.ts,audit,@/modules/audit/server/audit-event-repository,test_mock,test,production,no,yes,yes,src/modules/security/tests/SafetySwitchApiRoute.test.ts -> @/modules/audit/server/audit-event-repository
shared_types_services,src/modules/security/tests/SafetySwitchApiRoute.test.ts,security,src/server/db/client.ts,__src_server__,@/server/db/client,test_mock,test,production,no,yes,yes,src/modules/security/tests/SafetySwitchApiRoute.test.ts -> @/server/db/client
knowledge_workbench|shared_types_services,src/modules/workspace/components/InstitutionWorkspace.tsx,workspace,src/modules/auth/components/LogoutButton.tsx,auth,@/modules/auth/components/LogoutButton,static_import_or_export,production,production,yes,yes,yes,src/modules/workspace/components/InstitutionWorkspace.tsx -> @/modules/auth/components/LogoutButton
knowledge_workbench|shared_types_services,src/modules/workspace/components/InstitutionWorkspace.tsx,workspace,src/modules/auth/domain/session.ts,auth,@/modules/auth/domain/session,static_import_or_export,production,production,yes,yes,no,src/modules/workspace/components/InstitutionWorkspace.tsx -> @/modules/auth/domain/session
knowledge_workbench,src/modules/workspace/components/InstitutionWorkspace.tsx,workspace,src/modules/institution/components/AppointmentCenterShell.tsx,institution,@/modules/institution/components/AppointmentCenterShell,static_import_or_export,production,production,yes,yes,no,src/modules/workspace/components/InstitutionWorkspace.tsx -> @/modules/institution/components/AppointmentCenterShell
knowledge_workbench,src/modules/workspace/components/InstitutionWorkspace.tsx,workspace,src/modules/institution/components/CustomerCenterShell.tsx,institution,@/modules/institution/components/CustomerCenterShell,static_import_or_export,production,production,yes,yes,yes,src/modules/workspace/components/InstitutionWorkspace.tsx -> @/modules/institution/components/CustomerCenterShell
knowledge_workbench,src/modules/workspace/components/InstitutionWorkspace.tsx,workspace,src/modules/institution/components/HisConnectionReadOnlyPanel.tsx,institution,@/modules/institution/components/HisConnectionReadOnlyPanel,static_import_or_export,production,production,yes,yes,yes,src/modules/workspace/components/InstitutionWorkspace.tsx -> @/modules/institution/components/HisConnectionReadOnlyPanel
knowledge_workbench,src/modules/workspace/components/InstitutionWorkspace.tsx,workspace,src/modules/institution/components/InstitutionAiServiceUsageShell.tsx,institution,@/modules/institution/components/InstitutionAiServiceUsageShell,static_import_or_export,production,production,yes,yes,yes,src/modules/workspace/components/InstitutionWorkspace.tsx -> @/modules/institution/components/InstitutionAiServiceUsageShell
knowledge_workbench,src/modules/workspace/components/InstitutionWorkspace.tsx,workspace,src/modules/institution/components/InstitutionAuditEventsShell.tsx,institution,@/modules/institution/components/InstitutionAuditEventsShell,static_import_or_export,production,production,yes,yes,no,src/modules/workspace/components/InstitutionWorkspace.tsx -> @/modules/institution/components/InstitutionAuditEventsShell
knowledge_workbench,src/modules/workspace/components/InstitutionWorkspace.tsx,workspace,src/modules/institution/components/InstitutionKnowledgeReadonlyShell.tsx,institution,@/modules/institution/components/InstitutionKnowledgeReadonlyShell,static_import_or_export,production,production,yes,yes,yes,src/modules/workspace/components/InstitutionWorkspace.tsx -> @/modules/institution/components/InstitutionKnowledgeReadonlyShell
knowledge_workbench,src/modules/workspace/components/InstitutionWorkspace.tsx,workspace,src/modules/institution/components/OpportunityPoolShell.tsx,institution,@/modules/institution/components/OpportunityPoolShell,static_import_or_export,production,production,yes,yes,no,src/modules/workspace/components/InstitutionWorkspace.tsx -> @/modules/institution/components/OpportunityPoolShell
knowledge_workbench,src/modules/workspace/components/InstitutionWorkspace.tsx,workspace,src/modules/institution/components/SmartFollowUpShell.tsx,institution,@/modules/institution/components/SmartFollowUpShell,static_import_or_export,production,production,yes,yes,no,src/modules/workspace/components/InstitutionWorkspace.tsx -> @/modules/institution/components/SmartFollowUpShell
knowledge_workbench,src/modules/workspace/components/InstitutionWorkspace.tsx,workspace,src/modules/institution/components/TreatmentSummaryManagementShell.tsx,institution,@/modules/institution/components/TreatmentSummaryManagementShell,static_import_or_export,production,production,yes,yes,no,src/modules/workspace/components/InstitutionWorkspace.tsx -> @/modules/institution/components/TreatmentSummaryManagementShell
knowledge_workbench,src/modules/workspace/components/InstitutionWorkspace.tsx,workspace,src/modules/institution/components/WeComCustomerMappingCandidatesReadonlyPanel.tsx,institution,@/modules/institution/components/WeComCustomerMappingCandidatesReadonlyPanel,static_import_or_export,production,production,yes,yes,yes,src/modules/workspace/components/InstitutionWorkspace.tsx -> @/modules/institution/components/WeComCustomerMappingCandidatesReadonlyPanel
knowledge_workbench,src/modules/workspace/components/InstitutionWorkspace.tsx,workspace,src/modules/institution/components/WeComExternalContactReadonlyPanel.tsx,institution,@/modules/institution/components/WeComExternalContactReadonlyPanel,static_import_or_export,production,production,yes,yes,yes,src/modules/workspace/components/InstitutionWorkspace.tsx -> @/modules/institution/components/WeComExternalContactReadonlyPanel
knowledge_workbench,src/modules/workspace/components/InstitutionWorkspace.tsx,workspace,src/modules/knowledge-base/domain/v1-knowledge-base-demo-readonly-api-contract.ts,knowledge-base,@/modules/knowledge-base/domain/v1-knowledge-base-demo-readonly-api-contract,static_import_or_export,production,production,yes,yes,yes,src/modules/workspace/components/InstitutionWorkspace.tsx -> @/modules/knowledge-base/domain/v1-knowledge-base-demo-readonly-api-contract
knowledge_workbench,src/modules/workspace/components/InstitutionWorkspace.tsx,workspace,src/shared/utils/cn.ts,__src_shared__,@/shared/utils/cn,static_import_or_export,production,production,yes,yes,no,src/modules/workspace/components/InstitutionWorkspace.tsx -> @/shared/utils/cn
knowledge_workbench|shared_types_services,src/modules/workspace/components/PlatformConsole.tsx,workspace,src/modules/auth/components/LogoutButton.tsx,auth,@/modules/auth/components/LogoutButton,static_import_or_export,production,production,yes,no,yes,src/modules/workspace/components/PlatformConsole.tsx -> @/modules/auth/components/LogoutButton
knowledge_workbench,src/modules/workspace/components/PlatformConsole.tsx,workspace,src/modules/open-platform/client/platform-tenant-management-client.ts,open-platform,@/modules/open-platform/client/platform-tenant-management-client,static_import_or_export,production,production,yes,no,yes,src/modules/workspace/components/PlatformConsole.tsx -> @/modules/open-platform/client/platform-tenant-management-client
knowledge_workbench,src/modules/workspace/components/PlatformConsole.tsx,workspace,src/modules/open-platform/components/CommercialBoundaryPanel.tsx,open-platform,@/modules/open-platform/components/CommercialBoundaryPanel,static_import_or_export,production,production,yes,no,no,src/modules/workspace/components/PlatformConsole.tsx -> @/modules/open-platform/components/CommercialBoundaryPanel
knowledge_workbench,src/modules/workspace/components/PlatformConsole.tsx,workspace,src/modules/open-platform/components/HomepageBrandPanel.tsx,open-platform,@/modules/open-platform/components/HomepageBrandPanel,static_import_or_export,production,production,yes,no,yes,src/modules/workspace/components/PlatformConsole.tsx -> @/modules/open-platform/components/HomepageBrandPanel
knowledge_workbench,src/modules/workspace/components/PlatformConsole.tsx,workspace,src/modules/open-platform/components/OpenConnectionRoadmapPanel.tsx,open-platform,@/modules/open-platform/components/OpenConnectionRoadmapPanel,static_import_or_export,production,production,yes,no,no,src/modules/workspace/components/PlatformConsole.tsx -> @/modules/open-platform/components/OpenConnectionRoadmapPanel
knowledge_workbench,src/modules/workspace/components/PlatformConsole.tsx,workspace,src/modules/open-platform/components/OpenPlatformAiCreditMeteringRulesPanel.tsx,open-platform,@/modules/open-platform/components/OpenPlatformAiCreditMeteringRulesPanel,static_import_or_export,production,production,yes,no,no,src/modules/workspace/components/PlatformConsole.tsx -> @/modules/open-platform/components/OpenPlatformAiCreditMeteringRulesPanel
knowledge_workbench,src/modules/workspace/components/PlatformConsole.tsx,workspace,src/modules/open-platform/components/OpenPlatformAiModelConfigPanel.tsx,open-platform,@/modules/open-platform/components/OpenPlatformAiModelConfigPanel,static_import_or_export,production,production,yes,no,yes,src/modules/workspace/components/PlatformConsole.tsx -> @/modules/open-platform/components/OpenPlatformAiModelConfigPanel
knowledge_workbench,src/modules/workspace/components/PlatformConsole.tsx,workspace,src/modules/open-platform/components/OpenPlatformAiReadonlyPanel.tsx,open-platform,@/modules/open-platform/components/OpenPlatformAiReadonlyPanel,static_import_or_export,production,production,yes,no,yes,src/modules/workspace/components/PlatformConsole.tsx -> @/modules/open-platform/components/OpenPlatformAiReadonlyPanel
knowledge_workbench,src/modules/workspace/components/PlatformConsole.tsx,workspace,src/modules/open-platform/components/OpenPlatformAuditEventsPanel.tsx,open-platform,@/modules/open-platform/components/OpenPlatformAuditEventsPanel,static_import_or_export,production,production,yes,no,no,src/modules/workspace/components/PlatformConsole.tsx -> @/modules/open-platform/components/OpenPlatformAuditEventsPanel
knowledge_workbench,src/modules/workspace/components/PlatformConsole.tsx,workspace,src/modules/open-platform/components/OpenPlatformKnowledgeManagementPanel.tsx,open-platform,@/modules/open-platform/components/OpenPlatformKnowledgeManagementPanel,static_import_or_export,production,production,yes,no,yes,src/modules/workspace/components/PlatformConsole.tsx -> @/modules/open-platform/components/OpenPlatformKnowledgeManagementPanel
knowledge_workbench,src/modules/workspace/components/PlatformConsole.tsx,workspace,src/modules/open-platform/components/OpenPlatformTenantManagementPanel.tsx,open-platform,@/modules/open-platform/components/OpenPlatformTenantManagementPanel,static_import_or_export,production,production,yes,no,yes,src/modules/workspace/components/PlatformConsole.tsx -> @/modules/open-platform/components/OpenPlatformTenantManagementPanel
knowledge_workbench,src/modules/workspace/components/PlatformConsole.tsx,workspace,src/modules/open-platform/components/PlatformSectionBanner.tsx,open-platform,@/modules/open-platform/components/PlatformSectionBanner,static_import_or_export,production,production,yes,no,no,src/modules/workspace/components/PlatformConsole.tsx -> @/modules/open-platform/components/PlatformSectionBanner
knowledge_workbench,src/modules/workspace/components/PlatformConsole.tsx,workspace,src/modules/open-platform/components/ProductPlanPanel.tsx,open-platform,@/modules/open-platform/components/ProductPlanPanel,static_import_or_export,production,production,yes,no,no,src/modules/workspace/components/PlatformConsole.tsx -> @/modules/open-platform/components/ProductPlanPanel
knowledge_workbench,src/modules/workspace/components/PlatformConsole.tsx,workspace,src/modules/open-platform/components/TrialDataResetPanel.tsx,open-platform,@/modules/open-platform/components/TrialDataResetPanel,static_import_or_export,production,production,yes,no,yes,src/modules/workspace/components/PlatformConsole.tsx -> @/modules/open-platform/components/TrialDataResetPanel
knowledge_workbench,src/modules/workspace/components/PlatformConsole.tsx,workspace,src/modules/open-platform/components/TrialV01ExperienceHandoffPanel.tsx,open-platform,@/modules/open-platform/components/TrialV01ExperienceHandoffPanel,static_import_or_export,production,production,yes,no,yes,src/modules/workspace/components/PlatformConsole.tsx -> @/modules/open-platform/components/TrialV01ExperienceHandoffPanel
knowledge_workbench,src/modules/workspace/components/PlatformConsole.tsx,workspace,src/modules/open-platform/components/WeComCustomerDataGovernancePanel.tsx,open-platform,@/modules/open-platform/components/WeComCustomerDataGovernancePanel,static_import_or_export,production,production,yes,no,yes,src/modules/workspace/components/PlatformConsole.tsx -> @/modules/open-platform/components/WeComCustomerDataGovernancePanel
knowledge_workbench,src/modules/workspace/components/PlatformConsole.tsx,workspace,src/shared/utils/cn.ts,__src_shared__,@/shared/utils/cn,static_import_or_export,production,production,yes,no,no,src/modules/workspace/components/PlatformConsole.tsx -> @/shared/utils/cn
knowledge_workbench,src/modules/workspace/domain/institution-dashboard-view-models.ts,workspace,src/modules/institution/domain/appointment-records.ts,institution,@/modules/institution/domain/appointment-records,static_import_or_export,production,production,yes,no,no,src/modules/workspace/domain/institution-dashboard-view-models.ts -> @/modules/institution/domain/appointment-records
knowledge_workbench,src/modules/workspace/domain/institution-dashboard-view-models.ts,workspace,src/modules/institution/domain/customer-records.ts,institution,@/modules/institution/domain/customer-records,static_import_or_export,production,production,yes,no,no,src/modules/workspace/domain/institution-dashboard-view-models.ts -> @/modules/institution/domain/customer-records
knowledge_workbench,src/modules/workspace/domain/institution-dashboard-view-models.ts,workspace,src/modules/institution/domain/followup-workflow.ts,institution,@/modules/institution/domain/followup-workflow,static_import_or_export,production,production,yes,no,no,src/modules/workspace/domain/institution-dashboard-view-models.ts -> @/modules/institution/domain/followup-workflow
knowledge_workbench|shared_types_services,src/modules/workspace/domain/institution-dashboard.ts,workspace,src/modules/security/domain/access-control.ts,security,@/modules/security/domain/access-control,static_import_or_export,production,production,yes,no,no,src/modules/workspace/domain/institution-dashboard.ts -> @/modules/security/domain/access-control
knowledge_workbench,src/modules/workspace/domain/platform-dashboard.ts,workspace,src/modules/open-platform/domain/tenant-management-view.ts,open-platform,@/modules/open-platform/domain/tenant-management-view,static_import_or_export,production,production,yes,no,no,src/modules/workspace/domain/platform-dashboard.ts -> @/modules/open-platform/domain/tenant-management-view
knowledge_workbench,src/modules/workspace/domain/platform-dashboard.ts,workspace,src/modules/open-platform/domain/tenant-management.ts,open-platform,@/modules/open-platform/domain/tenant-management,static_import_or_export,production,production,yes,no,no,src/modules/workspace/domain/platform-dashboard.ts -> @/modules/open-platform/domain/tenant-management
knowledge_workbench,src/modules/workspace/tests/V1BusinessClosedLoopReadonly.test.ts,workspace,src/modules/institution/domain/treatment-followup-suggestions.ts,institution,@/modules/institution/domain/treatment-followup-suggestions,static_import_or_export,test,production,no,no,no,src/modules/workspace/tests/V1BusinessClosedLoopReadonly.test.ts -> @/modules/institution/domain/treatment-followup-suggestions
knowledge_workbench,src/modules/workspace/tests/V1WorkspaceDashboardReadonlyAggregationApiRoute.test.ts,workspace,src/app/api/v1/workspace-dashboard/readonly-aggregation/route.ts,__src_app__,@/app/api/v1/workspace-dashboard/readonly-aggregation/route,static_import_or_export,test,production,no,yes,yes,src/modules/workspace/tests/V1WorkspaceDashboardReadonlyAggregationApiRoute.test.ts -> @/app/api/v1/workspace-dashboard/readonly-aggregation/route
knowledge_workbench,src/modules/workspace/tests/WorkspaceDashboardDomain.test.ts,workspace,src/modules/institution/domain/appointment-records.ts,institution,@/modules/institution/domain/appointment-records,static_import_or_export,test,production,no,no,no,src/modules/workspace/tests/WorkspaceDashboardDomain.test.ts -> @/modules/institution/domain/appointment-records
knowledge_workbench,src/modules/workspace/tests/WorkspaceDashboardDomain.test.ts,workspace,src/modules/institution/domain/customer-records.ts,institution,@/modules/institution/domain/customer-records,static_import_or_export,test,production,no,no,no,src/modules/workspace/tests/WorkspaceDashboardDomain.test.ts -> @/modules/institution/domain/customer-records
knowledge_workbench,src/modules/workspace/tests/WorkspaceDashboardDomain.test.ts,workspace,src/modules/institution/domain/followup-workflow.ts,institution,@/modules/institution/domain/followup-workflow,static_import_or_export,test,production,no,no,no,src/modules/workspace/tests/WorkspaceDashboardDomain.test.ts -> @/modules/institution/domain/followup-workflow
knowledge_workbench,src/modules/workspace/tests/WorkspaceEntryPages.test.tsx,workspace,src/app/open-platform/page.tsx,__src_app__,@/app/open-platform/page,static_import_or_export,test,production,no,yes,no,src/modules/workspace/tests/WorkspaceEntryPages.test.tsx -> @/app/open-platform/page
knowledge_workbench|shared_types_services,src/modules/workspace/tests/WorkspaceEntryPages.test.tsx,workspace,src/modules/audit/domain/audit-event-query.ts,audit,@/modules/audit/domain/audit-event-query,static_import_or_export,test,production,no,yes,no,src/modules/workspace/tests/WorkspaceEntryPages.test.tsx -> @/modules/audit/domain/audit-event-query
knowledge_workbench,src/modules/workspace/tests/WorkspaceEntryPages.test.tsx,workspace,src/modules/institution/domain/appointment-records.ts,institution,@/modules/institution/domain/appointment-records,static_import_or_export,test,production,no,yes,no,src/modules/workspace/tests/WorkspaceEntryPages.test.tsx -> @/modules/institution/domain/appointment-records
knowledge_workbench,src/modules/workspace/tests/WorkspaceEntryPages.test.tsx,workspace,src/modules/institution/domain/customer-records.ts,institution,@/modules/institution/domain/customer-records,static_import_or_export,test,production,no,yes,no,src/modules/workspace/tests/WorkspaceEntryPages.test.tsx -> @/modules/institution/domain/customer-records
knowledge_workbench,src/modules/workspace/tests/WorkspaceEntryPages.test.tsx,workspace,src/modules/institution/domain/followup-workflow.ts,institution,@/modules/institution/domain/followup-workflow,static_import_or_export,test,production,no,yes,no,src/modules/workspace/tests/WorkspaceEntryPages.test.tsx -> @/modules/institution/domain/followup-workflow
knowledge_workbench,src/modules/workspace/tests/WorkspaceEntryPages.test.tsx,workspace,src/modules/open-platform/client/platform-tenant-management-client.ts,open-platform,@/modules/open-platform/client/platform-tenant-management-client,static_import_or_export,test,production,no,yes,yes,src/modules/workspace/tests/WorkspaceEntryPages.test.tsx -> @/modules/open-platform/client/platform-tenant-management-client
shared_types_services,src/server/db/schema.ts,__src_server__,src/modules/audit/domain/audit-events.ts,audit,@/modules/audit/domain/audit-events,static_import_or_export,production,production,yes,yes,no,src/server/db/schema.ts -> @/modules/audit/domain/audit-events
page_domain,src/server/db/schema.ts,__src_server__,src/modules/marketing/domain/homepageBrandConfig.ts,marketing,@/modules/marketing/domain/homepageBrandConfig,static_import_or_export,production,production,yes,yes,no,src/server/db/schema.ts -> @/modules/marketing/domain/homepageBrandConfig
shared_types_services,src/server/db/schema.ts,__src_server__,src/modules/security/server/secretEncryption.ts,security,@/modules/security/server/secretEncryption,static_import_or_export,production,production,yes,yes,yes,src/server/db/schema.ts -> @/modules/security/server/secretEncryption
shared_types_services,src/server/db/tests/Schema.test.ts,__src_server__,src/modules/auth/server/demo-session.ts,auth,@/modules/auth/server/demo-session,static_import_or_export,test,production,no,yes,yes,src/server/db/tests/Schema.test.ts -> @/modules/auth/server/demo-session
