source,target,import_specifier,edge_scope,source_role,target_role,reverse_dependency,cycle_edge
src/app/(auth)/login/page.tsx,src/modules/open-platform/server/homepage-brand-repository.ts,@/modules/open-platform/server/homepage-brand-repository,project_inbound,page_shell,server_repository,no,no
src/app/(auth)/login/page.tsx,src/modules/open-platform/server/homepage-brand-service.ts,@/modules/open-platform/server/homepage-brand-service,project_inbound,page_shell,server_service,no,no
src/app/(auth)/platform-login/page.tsx,src/modules/open-platform/server/homepage-brand-repository.ts,@/modules/open-platform/server/homepage-brand-repository,project_inbound,page_shell,server_repository,no,no
src/app/(auth)/platform-login/page.tsx,src/modules/open-platform/server/homepage-brand-service.ts,@/modules/open-platform/server/homepage-brand-service,project_inbound,page_shell,server_service,no,no
src/app/(marketing)/page.tsx,src/modules/open-platform/server/homepage-brand-service.ts,@/modules/open-platform/server/homepage-brand-service,project_inbound,page_shell,server_service,no,no
src/app/api/open-platform/ai-credit-metering-rules/[id]/route.ts,src/modules/open-platform/server/ai-credit-metering-rules-management.ts,@/modules/open-platform/server/ai-credit-metering-rules-management,project_inbound,other,server_service,no,no
src/app/api/open-platform/ai-credit-metering-rules/route.ts,src/modules/open-platform/server/ai-credit-metering-rules-management.ts,@/modules/open-platform/server/ai-credit-metering-rules-management,project_inbound,other,server_service,no,no
src/app/api/open-platform/ai-usage-credits/route.ts,src/modules/open-platform/server/ai-usage-credits.ts,@/modules/open-platform/server/ai-usage-credits,project_inbound,other,server_service,no,no
src/app/api/open-platform/tenants/route.ts,src/modules/open-platform/domain/tenant-management.ts,@/modules/open-platform/domain/tenant-management,project_inbound,other,domain,no,no
src/app/api/open-platform/tenants/route.ts,src/modules/open-platform/server/tenant-management-repository.ts,@/modules/open-platform/server/tenant-management-repository,project_inbound,other,server_repository,no,no
src/app/api/open-platform/wecom/customer-data-governance/route.ts,src/modules/open-platform/domain/wecom-customer-data-governance.ts,@/modules/open-platform/domain/wecom-customer-data-governance,project_inbound,other,domain,no,no
src/app/api/v1/open-platform/ai-model-config/route.ts,src/modules/open-platform/server/platformAiModelConfigPersistence.ts,@/modules/open-platform/server/platformAiModelConfigPersistence,project_inbound,other,server_service,no,no
src/app/api/v1/open-platform/ai-model-config/route.ts,src/modules/open-platform/server/platformAiModelConfigPersistenceRepository.ts,@/modules/open-platform/server/platformAiModelConfigPersistenceRepository,project_inbound,other,server_repository,no,no
src/app/api/v1/open-platform/ai-model-config/route.ts,src/modules/open-platform/server/platformAiModelConfigPersistenceTypes.ts,@/modules/open-platform/server/platformAiModelConfigPersistenceTypes,project_inbound,other,server_service,no,no
src/app/api/v1/open-platform/ai-model-config/sync/route.ts,src/modules/open-platform/domain/vendor-catalog.ts,@/modules/open-platform/domain/vendor-catalog,project_inbound,other,domain,no,no
src/app/api/v1/open-platform/ai-model-config/sync/route.ts,src/modules/open-platform/server/platformAiModelConfigPersistence.ts,@/modules/open-platform/server/platformAiModelConfigPersistence,project_inbound,other,server_service,no,no
src/app/api/v1/open-platform/ai-model-config/sync/route.ts,src/modules/open-platform/server/platformAiModelConfigPersistenceRepository.ts,@/modules/open-platform/server/platformAiModelConfigPersistenceRepository,project_inbound,other,server_repository,no,no
src/app/api/v1/open-platform/ai-model-config/sync/route.ts,src/modules/open-platform/server/platformAiModelVendorOperations.ts,@/modules/open-platform/server/platformAiModelVendorOperations,project_inbound,other,server_service,no,no
src/app/api/v1/open-platform/ai-model-config/sync/route.ts,src/modules/open-platform/server/vendorProviderConfigRepository.ts,@/modules/open-platform/server/vendorProviderConfigRepository,project_inbound,other,server_repository,no,no
src/app/api/v1/open-platform/ai-model-config/test/route.ts,src/modules/open-platform/domain/vendor-catalog.ts,@/modules/open-platform/domain/vendor-catalog,project_inbound,other,domain,no,no
src/app/api/v1/open-platform/ai-model-config/test/route.ts,src/modules/open-platform/server/platformAiModelConfigPersistence.ts,@/modules/open-platform/server/platformAiModelConfigPersistence,project_inbound,other,server_service,no,no
src/app/api/v1/open-platform/ai-model-config/test/route.ts,src/modules/open-platform/server/platformAiModelConfigPersistenceRepository.ts,@/modules/open-platform/server/platformAiModelConfigPersistenceRepository,project_inbound,other,server_repository,no,no
src/app/api/v1/open-platform/ai-model-config/test/route.ts,src/modules/open-platform/server/platformAiModelVendorOperations.ts,@/modules/open-platform/server/platformAiModelVendorOperations,project_inbound,other,server_service,no,no
src/app/api/v1/open-platform/ai-model-config/test/route.ts,src/modules/open-platform/server/vendorProviderConfigRepository.ts,@/modules/open-platform/server/vendorProviderConfigRepository,project_inbound,other,server_repository,no,no
src/app/api/v1/open-platform/ai-readonly/route.ts,src/modules/open-platform/server/platformAiReadonlyApiContract.ts,@/modules/open-platform/server/platformAiReadonlyApiContract,project_inbound,other,server_service,no,no
src/app/api/v1/open-platform/ai-runtime/provider-config/route.ts,src/modules/open-platform/server/platformAiProviderConfig.ts,@/modules/open-platform/server/platformAiProviderConfig,project_inbound,other,server_service,no,no
src/app/api/v1/open-platform/ai-runtime/provider-config/route.ts,src/modules/open-platform/server/platformAiProviderConfigRepository.ts,@/modules/open-platform/server/platformAiProviderConfigRepository,project_inbound,other,server_repository,no,no
src/app/api/v1/open-platform/ai-runtime/smoke/route.ts,src/modules/open-platform/server/platformAiProviderConfigRepository.ts,@/modules/open-platform/server/platformAiProviderConfigRepository,project_inbound,other,server_repository,no,no
src/app/api/v1/open-platform/ai-runtime/smoke/route.ts,src/modules/open-platform/server/platformAiRuntimeSmoke.ts,@/modules/open-platform/server/platformAiRuntimeSmoke,project_inbound,other,server_service,no,no
src/app/api/v1/open-platform/ai-runtime/status/route.ts,src/modules/open-platform/server/platformAiRuntimeConfig.ts,@/modules/open-platform/server/platformAiRuntimeConfig,project_inbound,other,server_service,no,no
src/app/api/v1/open-platform/homepage-brand/_shared.ts,src/modules/open-platform/server/homepage-brand-asset-storage.ts,@/modules/open-platform/server/homepage-brand-asset-storage,project_inbound,other,server_repository,no,no
src/app/api/v1/open-platform/homepage-brand/_shared.ts,src/modules/open-platform/server/homepage-brand-local-repository.ts,@/modules/open-platform/server/homepage-brand-local-repository,project_inbound,other,server_repository,no,no
src/app/api/v1/open-platform/homepage-brand/_shared.ts,src/modules/open-platform/server/homepage-brand-repository.ts,@/modules/open-platform/server/homepage-brand-repository,project_inbound,other,server_repository,no,no
src/app/api/v1/open-platform/homepage-brand/_shared.ts,src/modules/open-platform/server/homepage-brand-service.ts,@/modules/open-platform/server/homepage-brand-service,project_inbound,other,server_service,no,no
src/app/api/v1/open-platform/homepage-brand/assets/route.ts,src/modules/open-platform/server/homepage-brand-service.ts,@/modules/open-platform/server/homepage-brand-service,project_inbound,other,server_service,no,no
src/app/api/v1/open-platform/homepage-brand/draft/route.ts,src/modules/open-platform/server/homepage-brand-service.ts,@/modules/open-platform/server/homepage-brand-service,project_inbound,other,server_service,no,no
src/app/api/v1/open-platform/homepage-brand/publish/route.ts,src/modules/open-platform/server/homepage-brand-service.ts,@/modules/open-platform/server/homepage-brand-service,project_inbound,other,server_service,no,no
src/app/api/v1/open-platform/homepage-brand/rollback/route.ts,src/modules/open-platform/server/homepage-brand-service.ts,@/modules/open-platform/server/homepage-brand-service,project_inbound,other,server_service,no,no
src/app/api/v1/open-platform/homepage-brand/route.ts,src/modules/open-platform/server/homepage-brand-service.ts,@/modules/open-platform/server/homepage-brand-service,project_inbound,other,server_service,no,no
src/app/api/v1/open-platform/homepage-brand/versions/route.ts,src/modules/open-platform/server/homepage-brand-service.ts,@/modules/open-platform/server/homepage-brand-service,project_inbound,other,server_service,no,no
src/app/api/v1/open-platform/knowledge-management/capabilities/route.ts,src/modules/open-platform/server/platform-knowledge-production-governance-policy.ts,@/modules/open-platform/server/platform-knowledge-production-governance-policy,project_inbound,other,server_service,no,no
src/app/api/v1/open-platform/knowledge-management/capabilities/route.ts,src/modules/open-platform/server/platformKnowledgeManagementApiContract.ts,@/modules/open-platform/server/platformKnowledgeManagementApiContract,project_inbound,other,server_service,no,no
src/app/api/v1/open-platform/knowledge-management/directories/[directoryId]/route.ts,src/modules/open-platform/server/platform-knowledge-management-repository.ts,@/modules/open-platform/server/platform-knowledge-management-repository,project_inbound,other,server_repository,no,no
src/app/api/v1/open-platform/knowledge-management/directories/[directoryId]/route.ts,src/modules/open-platform/server/platform-knowledge-management-service.ts,@/modules/open-platform/server/platform-knowledge-management-service,project_inbound,other,server_service,no,no
src/app/api/v1/open-platform/knowledge-management/directories/[directoryId]/route.ts,src/modules/open-platform/server/platformKnowledgeManagementApiContract.ts,@/modules/open-platform/server/platformKnowledgeManagementApiContract,project_inbound,other,server_service,no,no
src/app/api/v1/open-platform/knowledge-management/directories/reorder/route.ts,src/modules/open-platform/server/platform-knowledge-management-repository.ts,@/modules/open-platform/server/platform-knowledge-management-repository,project_inbound,other,server_repository,no,no
src/app/api/v1/open-platform/knowledge-management/directories/reorder/route.ts,src/modules/open-platform/server/platform-knowledge-management-service.ts,@/modules/open-platform/server/platform-knowledge-management-service,project_inbound,other,server_service,no,no
src/app/api/v1/open-platform/knowledge-management/directories/reorder/route.ts,src/modules/open-platform/server/platformKnowledgeManagementApiContract.ts,@/modules/open-platform/server/platformKnowledgeManagementApiContract,project_inbound,other,server_service,no,no
src/app/api/v1/open-platform/knowledge-management/directories/route.ts,src/modules/open-platform/server/platform-knowledge-management-repository.ts,@/modules/open-platform/server/platform-knowledge-management-repository,project_inbound,other,server_repository,no,no
src/app/api/v1/open-platform/knowledge-management/directories/route.ts,src/modules/open-platform/server/platform-knowledge-management-service.ts,@/modules/open-platform/server/platform-knowledge-management-service,project_inbound,other,server_service,no,no
src/app/api/v1/open-platform/knowledge-management/directories/route.ts,src/modules/open-platform/server/platformKnowledgeManagementApiContract.ts,@/modules/open-platform/server/platformKnowledgeManagementApiContract,project_inbound,other,server_service,no,no
src/app/api/v1/open-platform/knowledge-management/embeddings/route.ts,src/modules/open-platform/server/platform-knowledge-embedding-vector-search-service.ts,@/modules/open-platform/server/platform-knowledge-embedding-vector-search-service,project_inbound,other,server_service,no,no
src/app/api/v1/open-platform/knowledge-management/embeddings/route.ts,src/modules/open-platform/server/platform-knowledge-management-repository.ts,@/modules/open-platform/server/platform-knowledge-management-repository,project_inbound,other,server_repository,no,no
src/app/api/v1/open-platform/knowledge-management/embeddings/route.ts,src/modules/open-platform/server/platformKnowledgeManagementApiContract.ts,@/modules/open-platform/server/platformKnowledgeManagementApiContract,project_inbound,other,server_service,no,no
src/app/api/v1/open-platform/knowledge-management/files/route.ts,src/modules/open-platform/server/platform-knowledge-management-repository.ts,@/modules/open-platform/server/platform-knowledge-management-repository,project_inbound,other,server_repository,no,no
src/app/api/v1/open-platform/knowledge-management/files/route.ts,src/modules/open-platform/server/platform-knowledge-management-service.ts,@/modules/open-platform/server/platform-knowledge-management-service,project_inbound,other,server_service,no,no
src/app/api/v1/open-platform/knowledge-management/files/route.ts,src/modules/open-platform/server/platformKnowledgeManagementApiContract.ts,@/modules/open-platform/server/platformKnowledgeManagementApiContract,project_inbound,other,server_service,no,no
src/app/api/v1/open-platform/knowledge-management/items/[knowledgeId]/files/[fileId]/download/route.ts,src/modules/open-platform/server/platform-knowledge-file-management-service.ts,@/modules/open-platform/server/platform-knowledge-file-management-service,project_inbound,other,server_service,no,no
src/app/api/v1/open-platform/knowledge-management/items/[knowledgeId]/files/[fileId]/download/route.ts,src/modules/open-platform/server/platform-knowledge-file-storage.ts,@/modules/open-platform/server/platform-knowledge-file-storage,project_inbound,other,server_repository,no,no
src/app/api/v1/open-platform/knowledge-management/items/[knowledgeId]/files/[fileId]/download/route.ts,src/modules/open-platform/server/platform-knowledge-management-repository.ts,@/modules/open-platform/server/platform-knowledge-management-repository,project_inbound,other,server_repository,no,no
src/app/api/v1/open-platform/knowledge-management/items/[knowledgeId]/files/[fileId]/download/route.ts,src/modules/open-platform/server/platformKnowledgeManagementApiContract.ts,@/modules/open-platform/server/platformKnowledgeManagementApiContract,project_inbound,other,server_service,no,no
src/app/api/v1/open-platform/knowledge-management/items/[knowledgeId]/files/[fileId]/parse/chunks/route.ts,src/modules/open-platform/server/platform-knowledge-document-parsing-service.ts,@/modules/open-platform/server/platform-knowledge-document-parsing-service,project_inbound,other,server_service,no,no
src/app/api/v1/open-platform/knowledge-management/items/[knowledgeId]/files/[fileId]/parse/chunks/route.ts,src/modules/open-platform/server/platform-knowledge-management-repository.ts,@/modules/open-platform/server/platform-knowledge-management-repository,project_inbound,other,server_repository,no,no
src/app/api/v1/open-platform/knowledge-management/items/[knowledgeId]/files/[fileId]/parse/chunks/route.ts,src/modules/open-platform/server/platformKnowledgeManagementApiContract.ts,@/modules/open-platform/server/platformKnowledgeManagementApiContract,project_inbound,other,server_service,no,no
src/app/api/v1/open-platform/knowledge-management/items/[knowledgeId]/files/[fileId]/parse/route.ts,src/modules/open-platform/server/platform-knowledge-document-parsing-service.ts,@/modules/open-platform/server/platform-knowledge-document-parsing-service,project_inbound,other,server_service,no,no
src/app/api/v1/open-platform/knowledge-management/items/[knowledgeId]/files/[fileId]/parse/route.ts,src/modules/open-platform/server/platform-knowledge-file-storage.ts,@/modules/open-platform/server/platform-knowledge-file-storage,project_inbound,other,server_repository,no,no
src/app/api/v1/open-platform/knowledge-management/items/[knowledgeId]/files/[fileId]/parse/route.ts,src/modules/open-platform/server/platform-knowledge-management-repository.ts,@/modules/open-platform/server/platform-knowledge-management-repository,project_inbound,other,server_repository,no,no
src/app/api/v1/open-platform/knowledge-management/items/[knowledgeId]/files/[fileId]/parse/route.ts,src/modules/open-platform/server/platformKnowledgeManagementApiContract.ts,@/modules/open-platform/server/platformKnowledgeManagementApiContract,project_inbound,other,server_service,no,no
src/app/api/v1/open-platform/knowledge-management/items/[knowledgeId]/files/[fileId]/route.ts,src/modules/open-platform/server/platform-knowledge-file-management-service.ts,@/modules/open-platform/server/platform-knowledge-file-management-service,project_inbound,other,server_service,no,no
src/app/api/v1/open-platform/knowledge-management/items/[knowledgeId]/files/[fileId]/route.ts,src/modules/open-platform/server/platform-knowledge-management-repository.ts,@/modules/open-platform/server/platform-knowledge-management-repository,project_inbound,other,server_repository,no,no
src/app/api/v1/open-platform/knowledge-management/items/[knowledgeId]/files/[fileId]/route.ts,src/modules/open-platform/server/platformKnowledgeManagementApiContract.ts,@/modules/open-platform/server/platformKnowledgeManagementApiContract,project_inbound,other,server_service,no,no
src/app/api/v1/open-platform/knowledge-management/items/[knowledgeId]/files/route.ts,src/modules/open-platform/server/platform-knowledge-file-management-service.ts,@/modules/open-platform/server/platform-knowledge-file-management-service,project_inbound,other,server_service,no,no
src/app/api/v1/open-platform/knowledge-management/items/[knowledgeId]/files/route.ts,src/modules/open-platform/server/platform-knowledge-file-storage.ts,@/modules/open-platform/server/platform-knowledge-file-storage,project_inbound,other,server_repository,no,no
src/app/api/v1/open-platform/knowledge-management/items/[knowledgeId]/files/route.ts,src/modules/open-platform/server/platform-knowledge-management-repository.ts,@/modules/open-platform/server/platform-knowledge-management-repository,project_inbound,other,server_repository,no,no
src/app/api/v1/open-platform/knowledge-management/items/[knowledgeId]/files/route.ts,src/modules/open-platform/server/platformKnowledgeManagementApiContract.ts,@/modules/open-platform/server/platformKnowledgeManagementApiContract,project_inbound,other,server_service,no,no
src/app/api/v1/open-platform/knowledge-management/items/[knowledgeId]/visibility/route.ts,src/modules/open-platform/server/platform-knowledge-management-repository.ts,@/modules/open-platform/server/platform-knowledge-management-repository,project_inbound,other,server_repository,no,no
src/app/api/v1/open-platform/knowledge-management/items/[knowledgeId]/visibility/route.ts,src/modules/open-platform/server/platform-knowledge-management-service.ts,@/modules/open-platform/server/platform-knowledge-management-service,project_inbound,other,server_service,no,no
src/app/api/v1/open-platform/knowledge-management/items/[knowledgeId]/visibility/route.ts,src/modules/open-platform/server/platformKnowledgeManagementApiContract.ts,@/modules/open-platform/server/platformKnowledgeManagementApiContract,project_inbound,other,server_service,no,no
src/app/api/v1/open-platform/knowledge-management/items/route.ts,src/modules/open-platform/server/platform-knowledge-management-repository.ts,@/modules/open-platform/server/platform-knowledge-management-repository,project_inbound,other,server_repository,no,no
src/app/api/v1/open-platform/knowledge-management/items/route.ts,src/modules/open-platform/server/platform-knowledge-management-service.ts,@/modules/open-platform/server/platform-knowledge-management-service,project_inbound,other,server_service,no,no
src/app/api/v1/open-platform/knowledge-management/items/route.ts,src/modules/open-platform/server/platformKnowledgeManagementApiContract.ts,@/modules/open-platform/server/platformKnowledgeManagementApiContract,project_inbound,other,server_service,no,no
src/app/api/v1/open-platform/knowledge-management/qa/audits/route.ts,src/modules/open-platform/server/platform-knowledge-management-repository.ts,@/modules/open-platform/server/platform-knowledge-management-repository,project_inbound,other,server_repository,no,no
src/app/api/v1/open-platform/knowledge-management/qa/audits/route.ts,src/modules/open-platform/server/platform-knowledge-qa-service.ts,@/modules/open-platform/server/platform-knowledge-qa-service,project_inbound,other,server_service,no,no
src/app/api/v1/open-platform/knowledge-management/qa/route.ts,src/modules/open-platform/server/platform-knowledge-management-repository.ts,@/modules/open-platform/server/platform-knowledge-management-repository,project_inbound,other,server_repository,no,no
src/app/api/v1/open-platform/knowledge-management/qa/route.ts,src/modules/open-platform/server/platform-knowledge-qa-service.ts,@/modules/open-platform/server/platform-knowledge-qa-service,project_inbound,other,server_service,no,no
src/app/api/v1/open-platform/knowledge-management/route.ts,src/modules/open-platform/server/platform-knowledge-management-repository.ts,@/modules/open-platform/server/platform-knowledge-management-repository,project_inbound,other,server_repository,no,no
src/app/api/v1/open-platform/knowledge-management/route.ts,src/modules/open-platform/server/platform-knowledge-management-service.ts,@/modules/open-platform/server/platform-knowledge-management-service,project_inbound,other,server_service,no,no
src/app/api/v1/open-platform/knowledge-management/route.ts,src/modules/open-platform/server/platformKnowledgeManagementApiContract.ts,@/modules/open-platform/server/platformKnowledgeManagementApiContract,project_inbound,other,server_service,no,no
src/app/api/v1/open-platform/knowledge-management/search/route.ts,src/modules/open-platform/server/platform-knowledge-keyword-search-service.ts,@/modules/open-platform/server/platform-knowledge-keyword-search-service,project_inbound,other,server_service,no,no
src/app/api/v1/open-platform/knowledge-management/search/route.ts,src/modules/open-platform/server/platform-knowledge-management-repository.ts,@/modules/open-platform/server/platform-knowledge-management-repository,project_inbound,other,server_repository,no,no
src/app/api/v1/open-platform/knowledge-management/search/route.ts,src/modules/open-platform/server/platformKnowledgeManagementApiContract.ts,@/modules/open-platform/server/platformKnowledgeManagementApiContract,project_inbound,other,server_service,no,no
src/app/api/v1/open-platform/knowledge-management/vector-search/route.ts,src/modules/open-platform/server/platform-knowledge-embedding-vector-search-service.ts,@/modules/open-platform/server/platform-knowledge-embedding-vector-search-service,project_inbound,other,server_service,no,no
src/app/api/v1/open-platform/knowledge-management/vector-search/route.ts,src/modules/open-platform/server/platform-knowledge-management-repository.ts,@/modules/open-platform/server/platform-knowledge-management-repository,project_inbound,other,server_repository,no,no
src/app/api/v1/open-platform/knowledge-management/vector-search/route.ts,src/modules/open-platform/server/platformKnowledgeManagementApiContract.ts,@/modules/open-platform/server/platformKnowledgeManagementApiContract,project_inbound,other,server_service,no,no
src/app/api/v1/open-platform/package-ai-quota/route.ts,src/modules/open-platform/server/package-ai-quota-readonly.ts,@/modules/open-platform/server/package-ai-quota-readonly,project_inbound,other,server_service,no,no
src/app/api/v1/open-platform/plan-catalog/[planId]/versions/route.ts,src/modules/open-platform/server/plan-catalog-service.ts,@/modules/open-platform/server/plan-catalog-service,project_inbound,other,server_service,no,no
src/app/api/v1/open-platform/plan-catalog/_shared.ts,src/modules/open-platform/server/plan-catalog-repository.ts,@/modules/open-platform/server/plan-catalog-repository,project_inbound,other,server_repository,no,no
src/app/api/v1/open-platform/plan-catalog/route.ts,src/modules/open-platform/server/plan-catalog-service.ts,@/modules/open-platform/server/plan-catalog-service,project_inbound,other,server_service,no,no
src/app/api/v1/open-platform/plan-catalog/versions/[versionId]/publish/route.ts,src/modules/open-platform/server/plan-catalog-service.ts,@/modules/open-platform/server/plan-catalog-service,project_inbound,other,server_service,no,no
src/app/api/v1/open-platform/plan-catalog/versions/[versionId]/retire/route.ts,src/modules/open-platform/server/plan-catalog-service.ts,@/modules/open-platform/server/plan-catalog-service,project_inbound,other,server_service,no,no
src/app/api/v1/open-platform/plan-catalog/versions/[versionId]/route.ts,src/modules/open-platform/server/plan-catalog-service.ts,@/modules/open-platform/server/plan-catalog-service,project_inbound,other,server_service,no,no
src/app/api/v1/open-platform/provider-configs/route.ts,src/modules/open-platform/domain/vendor-catalog.ts,@/modules/open-platform/domain/vendor-catalog,project_inbound,other,domain,no,no
src/app/api/v1/open-platform/provider-configs/route.ts,src/modules/open-platform/server/vendorProviderConfig.ts,@/modules/open-platform/server/vendorProviderConfig,project_inbound,other,server_service,no,no
src/app/api/v1/open-platform/provider-configs/route.ts,src/modules/open-platform/server/vendorProviderConfigRepository.ts,@/modules/open-platform/server/vendorProviderConfigRepository,project_inbound,other,server_repository,no,no
src/app/api/v1/open-platform/provider-configs/route.ts,src/modules/open-platform/server/vendorProviderConfigTypes.ts,@/modules/open-platform/server/vendorProviderConfigTypes,project_inbound,other,server_service,no,no
src/app/api/v1/open-platform/provider-configs/smoke/route.ts,src/modules/open-platform/domain/vendor-catalog.ts,@/modules/open-platform/domain/vendor-catalog,project_inbound,other,domain,no,no
src/app/api/v1/open-platform/provider-configs/smoke/route.ts,src/modules/open-platform/server/vendorProviderConfigRepository.ts,@/modules/open-platform/server/vendorProviderConfigRepository,project_inbound,other,server_repository,no,no
src/app/api/v1/open-platform/provider-configs/smoke/route.ts,src/modules/open-platform/server/vendorProviderSmoke.ts,@/modules/open-platform/server/vendorProviderSmoke,project_inbound,other,server_service,no,no
src/app/api/v1/open-platform/tenant-plan-options/route.ts,src/modules/open-platform/server/tenant-plan-binding-repository.ts,@/modules/open-platform/server/tenant-plan-binding-repository,project_inbound,other,server_repository,no,no
src/app/api/v1/open-platform/tenant-plan-options/route.ts,src/modules/open-platform/server/tenant-plan-binding-service.ts,@/modules/open-platform/server/tenant-plan-binding-service,project_inbound,other,server_service,no,no
src/app/api/v1/open-platform/tenants/[tenantId]/_plan-change-shared.ts,src/modules/open-platform/server/tenant-plan-change-repository.ts,@/modules/open-platform/server/tenant-plan-change-repository,project_inbound,other,server_repository,no,no
src/app/api/v1/open-platform/tenants/[tenantId]/account/route.ts,src/modules/open-platform/server/tenant-account-management-repository.ts,@/modules/open-platform/server/tenant-account-management-repository,project_inbound,other,server_repository,no,no
src/app/api/v1/open-platform/tenants/[tenantId]/account/route.ts,src/modules/open-platform/server/tenant-account-management-service.ts,@/modules/open-platform/server/tenant-account-management-service,project_inbound,other,server_service,no,no
src/app/api/v1/open-platform/tenants/[tenantId]/commercial-records/route.ts,src/modules/open-platform/domain/tenant-commercial-records.ts,@/modules/open-platform/domain/tenant-commercial-records,project_inbound,other,domain,no,no
src/app/api/v1/open-platform/tenants/[tenantId]/commercial-records/route.ts,src/modules/open-platform/server/tenant-commercial-records-repository.ts,@/modules/open-platform/server/tenant-commercial-records-repository,project_inbound,other,server_repository,no,no
src/app/api/v1/open-platform/tenants/[tenantId]/plan-change-preview/route.ts,src/modules/open-platform/server/tenant-plan-change-service.ts,@/modules/open-platform/server/tenant-plan-change-service,project_inbound,other,server_service,no,no
src/app/api/v1/open-platform/tenants/[tenantId]/plan-change/route.ts,src/modules/open-platform/server/tenant-plan-change-service.ts,@/modules/open-platform/server/tenant-plan-change-service,project_inbound,other,server_service,no,no
src/app/api/v1/open-platform/tenants/route.ts,src/modules/open-platform/server/tenant-plan-binding-repository.ts,@/modules/open-platform/server/tenant-plan-binding-repository,project_inbound,other,server_repository,no,no
src/app/api/v1/open-platform/tenants/route.ts,src/modules/open-platform/server/tenant-plan-binding-service.ts,@/modules/open-platform/server/tenant-plan-binding-service,project_inbound,other,server_service,no,no
src/app/api/v1/open-platform/trial-data-reset/route.ts,src/modules/open-platform/server/trial-data-reset-service.ts,@/modules/open-platform/server/trial-data-reset-service,project_inbound,other,server_service,no,no
src/app/uploads/homepage-brand/[kind]/[filename]/route.ts,src/modules/open-platform/server/homepage-brand-asset-storage.ts,@/modules/open-platform/server/homepage-brand-asset-storage,project_inbound,other,server_repository,no,no
src/app/uploads/homepage-brand/[kind]/[filename]/route.ts,src/modules/open-platform/server/homepage-brand-service.ts,@/modules/open-platform/server/homepage-brand-service,project_inbound,other,server_service,no,no
src/modules/institution/domain/institution-knowledge-management.ts,src/modules/open-platform/server/platformKnowledgeManagementApiContract.ts,@/modules/open-platform/server/platformKnowledgeManagementApiContract,cross_module_inbound,domain,server_service,no,no
src/modules/institution/server/institution-ai-call-service.ts,src/modules/open-platform/server/platform-knowledge-management-repository.ts,@/modules/open-platform/server/platform-knowledge-management-repository,cross_module_inbound,server_service,server_repository,no,no
src/modules/institution/server/institution-knowledge-file-management-service.ts,src/modules/open-platform/server/platform-knowledge-file-management-service.ts,@/modules/open-platform/server/platform-knowledge-file-management-service,cross_module_inbound,server_service,server_service,no,no
src/modules/institution/server/institution-knowledge-file-parsing-service.ts,src/modules/open-platform/server/platform-knowledge-document-parsing-service.ts,@/modules/open-platform/server/platform-knowledge-document-parsing-service,cross_module_inbound,server_service,server_service,no,no
src/modules/institution/server/institution-knowledge-file-parsing-service.ts,src/modules/open-platform/server/platform-knowledge-file-management-service.ts,@/modules/open-platform/server/platform-knowledge-file-management-service,cross_module_inbound,server_service,server_service,no,no
src/modules/institution/server/institution-knowledge-keyword-search-service.ts,src/modules/open-platform/server/platform-knowledge-keyword-search-service.ts,@/modules/open-platform/server/platform-knowledge-keyword-search-service,cross_module_inbound,server_service,server_service,no,no
src/modules/institution/server/institution-knowledge-management-service.ts,src/modules/open-platform/server/platform-knowledge-management-repository.ts,@/modules/open-platform/server/platform-knowledge-management-repository,cross_module_inbound,server_service,server_repository,no,no
src/modules/institution/server/institution-knowledge-qa-service.ts,src/modules/open-platform/server/platform-knowledge-qa-service.ts,@/modules/open-platform/server/platform-knowledge-qa-service,cross_module_inbound,server_service,server_service,no,no
src/modules/institution/server/institution-knowledge-rag-answer-service.ts,src/modules/open-platform/server/platform-knowledge-embedding-vector-search-service.ts,@/modules/open-platform/server/platform-knowledge-embedding-vector-search-service,cross_module_inbound,server_service,server_service,no,no
src/modules/institution/server/institution-knowledge-rag-answer-service.ts,src/modules/open-platform/server/platform-knowledge-management-repository.ts,@/modules/open-platform/server/platform-knowledge-management-repository,cross_module_inbound,server_service,server_repository,no,no
src/modules/institution/server/institution-knowledge-upload-service.ts,src/modules/open-platform/server/platform-knowledge-document-parsing-service.ts,@/modules/open-platform/server/platform-knowledge-document-parsing-service,cross_module_inbound,server_service,server_service,no,no
src/modules/institution/server/institution-knowledge-upload-service.ts,src/modules/open-platform/server/platform-knowledge-file-management-service.ts,@/modules/open-platform/server/platform-knowledge-file-management-service,cross_module_inbound,server_service,server_service,no,no
src/modules/institution/server/institution-knowledge-upload-service.ts,src/modules/open-platform/server/platform-knowledge-indexing-job-service.ts,@/modules/open-platform/server/platform-knowledge-indexing-job-service,cross_module_inbound,server_service,server_service,no,no
src/modules/institution/server/institution-knowledge-vector-search-service.ts,src/modules/open-platform/server/platform-knowledge-embedding-vector-search-service.ts,@/modules/open-platform/server/platform-knowledge-embedding-vector-search-service,cross_module_inbound,server_service,server_service,no,no
src/modules/institution/server/institution-knowledge-write-repository.ts,src/modules/open-platform/server/platform-knowledge-management-repository.ts,@/modules/open-platform/server/platform-knowledge-management-repository,cross_module_inbound,server_repository,server_repository,no,no
src/modules/institution/server/tenant-quota-enforcement.ts,src/modules/open-platform/server/platform-knowledge-indexing-job-service.ts,@/modules/open-platform/server/platform-knowledge-indexing-job-service,cross_module_inbound,server_service,server_service,no,no
src/modules/institution/tests/InstitutionAiModelsRoute.test.ts,src/modules/open-platform/server/vendorProviderConfigRepository.ts,@/modules/open-platform/server/vendorProviderConfigRepository,cross_module_inbound,test,server_repository,no,no
src/modules/institution/tests/InstitutionKnowledgeKeywordSearchService.test.ts,src/modules/open-platform/server/platform-knowledge-keyword-search-service.ts,@/modules/open-platform/server/platform-knowledge-keyword-search-service,cross_module_inbound,test,server_service,no,no
src/modules/institution/tests/InstitutionKnowledgeKeywordSearchService.test.ts,src/modules/open-platform/server/platform-knowledge-management-repository.ts,@/modules/open-platform/server/platform-knowledge-management-repository,cross_module_inbound,test,server_repository,no,no
src/modules/institution/tests/InstitutionKnowledgeManagementReadonlyService.test.ts,src/modules/open-platform/server/platform-knowledge-management-repository.ts,@/modules/open-platform/server/platform-knowledge-management-repository,cross_module_inbound,test,server_repository,no,no
src/modules/institution/tests/InstitutionKnowledgeRagAnswerService.test.ts,src/modules/open-platform/server/platform-knowledge-embedding-vector-search-service.ts,@/modules/open-platform/server/platform-knowledge-embedding-vector-search-service,cross_module_inbound,test,server_service,no,no
src/modules/institution/tests/InstitutionKnowledgeRagAnswerService.test.ts,src/modules/open-platform/server/platform-knowledge-management-repository.ts,@/modules/open-platform/server/platform-knowledge-management-repository,cross_module_inbound,test,server_repository,no,no
src/modules/institution/tests/InstitutionKnowledgeUploadService.test.ts,src/modules/open-platform/server/platform-knowledge-indexing-job-service.ts,@/modules/open-platform/server/platform-knowledge-indexing-job-service,cross_module_inbound,test,server_service,no,no
src/modules/institution/tests/KnowledgeAiReadinessE2EAcceptance.test.ts,src/modules/open-platform/server/platform-knowledge-embedding-vector-search-service.ts,@/modules/open-platform/server/platform-knowledge-embedding-vector-search-service,cross_module_inbound,test,server_service,no,no
src/modules/institution/tests/KnowledgeAiReadinessE2EAcceptance.test.ts,src/modules/open-platform/server/platform-knowledge-keyword-search-service.ts,@/modules/open-platform/server/platform-knowledge-keyword-search-service,cross_module_inbound,test,server_service,no,no
src/modules/institution/tests/KnowledgeAiReadinessE2EAcceptance.test.ts,src/modules/open-platform/server/platform-knowledge-management-repository.ts,@/modules/open-platform/server/platform-knowledge-management-repository,cross_module_inbound,test,server_repository,no,no
src/modules/institution/tests/KnowledgeAiReadinessE2EAcceptance.test.ts,src/modules/open-platform/server/platform-knowledge-production-governance-policy.ts,@/modules/open-platform/server/platform-knowledge-production-governance-policy,cross_module_inbound,test,server_service,no,no
src/modules/institution/tests/KnowledgeAiReadinessE2EAcceptance.test.ts,src/modules/open-platform/server/platform-knowledge-qa-service.ts,@/modules/open-platform/server/platform-knowledge-qa-service,cross_module_inbound,test,server_service,no,no
src/modules/institution/tests/KnowledgeManagementPlatformInstitutionE2EAcceptance.test.ts,src/modules/open-platform/server/platform-knowledge-management-repository.ts,@/modules/open-platform/server/platform-knowledge-management-repository,cross_module_inbound,test,server_repository,no,no
src/modules/institution/tests/KnowledgeManagementPlatformInstitutionE2EAcceptance.test.ts,src/modules/open-platform/server/platform-knowledge-management-service.ts,@/modules/open-platform/server/platform-knowledge-management-service,cross_module_inbound,test,server_service,no,no
src/modules/marketing/tests/MarketingPage.test.tsx,src/modules/open-platform/server/homepage-brand-service.ts,@/modules/open-platform/server/homepage-brand-service,cross_module_inbound,test,server_service,no,no
src/modules/open-platform/client/platform-plan-catalog-client.ts,src/modules/open-platform/domain/plan-catalog.ts,@/modules/open-platform/domain/plan-catalog,internal,client,domain,no,no
src/modules/open-platform/client/platform-tenant-management-client.ts,src/modules/audit/client/open-platform-audit-events-client.ts,@/modules/audit/client/open-platform-audit-events-client,cross_module_outbound,client,client,no,no
src/modules/open-platform/client/platform-tenant-management-client.ts,src/modules/open-platform/domain/platform-commercial-health.ts,@/modules/open-platform/domain/platform-commercial-health,internal,client,domain,no,no
src/modules/open-platform/client/platform-tenant-management-client.ts,src/modules/open-platform/domain/tenant-commercial-records.ts,@/modules/open-platform/domain/tenant-commercial-records,internal,client,domain,no,no
src/modules/open-platform/client/platform-tenant-management-client.ts,src/modules/open-platform/domain/tenant-management.ts,@/modules/open-platform/domain/tenant-management,internal,client,domain,no,no
src/modules/open-platform/client/platform-tenant-management-client.ts,src/modules/open-platform/domain/tenant-plan-binding.ts,@/modules/open-platform/domain/tenant-plan-binding,internal,client,domain,no,no
src/modules/open-platform/client/platform-tenant-management-client.ts,src/modules/open-platform/domain/tenant-plan-change.ts,@/modules/open-platform/domain/tenant-plan-change,internal,client,domain,no,no
src/modules/open-platform/components/AiQuotaBoundaryPanel.tsx,src/modules/open-platform/components/PlatformSectionBanner.tsx,@/modules/open-platform/components/PlatformSectionBanner,internal,component,component,no,no
src/modules/open-platform/components/AiQuotaBoundaryPanel.tsx,src/shared/utils/cn.ts,@/shared/utils/cn,project_outbound,component,other,no,no
src/modules/open-platform/components/CommercialBoundaryPanel.tsx,src/modules/open-platform/components/PlatformSectionBanner.tsx,@/modules/open-platform/components/PlatformSectionBanner,internal,component,component,no,no
src/modules/open-platform/components/CommercialBoundaryPanel.tsx,src/shared/utils/cn.ts,@/shared/utils/cn,project_outbound,component,other,no,no
src/modules/open-platform/components/HomepageBrandPanel.tsx,src/modules/marketing/components/MarketingHome.tsx,@/modules/marketing/components/MarketingHome,cross_module_outbound,component,component,no,no
src/modules/open-platform/components/HomepageBrandPanel.tsx,src/modules/marketing/domain/homepageBrandConfig.ts,@/modules/marketing/domain/homepageBrandConfig,cross_module_outbound,component,domain,no,no
src/modules/open-platform/components/HomepageBrandPanel.tsx,src/modules/open-platform/components/PlatformSectionBanner.tsx,@/modules/open-platform/components/PlatformSectionBanner,internal,component,component,no,no
src/modules/open-platform/components/HomepageBrandPanel.tsx,src/shared/utils/cn.ts,@/shared/utils/cn,project_outbound,component,other,no,no
src/modules/open-platform/components/KnowledgeFileCard.tsx,src/shared/utils/cn.ts,@/shared/utils/cn,project_outbound,component,other,no,no
src/modules/open-platform/components/KnowledgeMetricCard.tsx,src/shared/utils/cn.ts,@/shared/utils/cn,project_outbound,component,other,no,no
src/modules/open-platform/components/KnowledgeSignalCard.tsx,src/shared/utils/cn.ts,@/shared/utils/cn,project_outbound,component,other,no,no
src/modules/open-platform/components/KnowledgeTenantRow.tsx,src/shared/utils/cn.ts,@/shared/utils/cn,project_outbound,component,other,no,no
src/modules/open-platform/components/OpenConnectionRoadmapPanel.tsx,src/modules/open-platform/components/PlatformSectionBanner.tsx,@/modules/open-platform/components/PlatformSectionBanner,internal,component,component,no,no
src/modules/open-platform/components/OpenConnectionRoadmapPanel.tsx,src/shared/utils/cn.ts,@/shared/utils/cn,project_outbound,component,other,no,no
src/modules/open-platform/components/OpenPlatformAiCreditMeteringRulesPanel.tsx,src/modules/open-platform/client/platform-ai-credit-metering-rules-client.ts,@/modules/open-platform/client/platform-ai-credit-metering-rules-client,internal,component,client,no,no
src/modules/open-platform/components/OpenPlatformAiCreditMeteringRulesPanel.tsx,src/modules/open-platform/components/PlatformSectionBanner.tsx,@/modules/open-platform/components/PlatformSectionBanner,internal,component,component,no,no
src/modules/open-platform/components/OpenPlatformAiCreditMeteringRulesPanel.tsx,src/shared/utils/cn.ts,@/shared/utils/cn,project_outbound,component,other,no,no
src/modules/open-platform/components/OpenPlatformAiModelConfigPanel.tsx,src/modules/open-platform/components/PlatformSectionBanner.tsx,@/modules/open-platform/components/PlatformSectionBanner,internal,component,component,no,no
src/modules/open-platform/components/OpenPlatformAiModelConfigPanel.tsx,src/modules/open-platform/domain/vendor-catalog.ts,@/modules/open-platform/domain/vendor-catalog,internal,component,domain,no,no
src/modules/open-platform/components/OpenPlatformAiModelConfigPanel.tsx,src/modules/open-platform/mock/platformAiModelConfig.ts,@/modules/open-platform/mock/platformAiModelConfig,internal,component,other,no,no
src/modules/open-platform/components/OpenPlatformAiModelConfigPanel.tsx,src/modules/open-platform/server/platformAiModelConfigPersistenceTypes.ts,@/modules/open-platform/server/platformAiModelConfigPersistenceTypes,internal,component,server_service,no,no
src/modules/open-platform/components/OpenPlatformAiModelConfigPanel.tsx,src/shared/utils/cn.ts,@/shared/utils/cn,project_outbound,component,other,no,no
src/modules/open-platform/components/OpenPlatformAiReadonlyPanel.tsx,src/modules/open-platform/client/platform-ai-usage-credits-client.ts,@/modules/open-platform/client/platform-ai-usage-credits-client,internal,component,client,no,no
src/modules/open-platform/components/OpenPlatformAiReadonlyPanel.tsx,src/modules/open-platform/components/PlatformSectionBanner.tsx,@/modules/open-platform/components/PlatformSectionBanner,internal,component,component,no,no
src/modules/open-platform/components/OpenPlatformAiReadonlyPanel.tsx,src/shared/utils/cn.ts,@/shared/utils/cn,project_outbound,component,other,no,no
src/modules/open-platform/components/OpenPlatformAuditEventsPanel.tsx,src/modules/audit/client/open-platform-audit-events-client.ts,@/modules/audit/client/open-platform-audit-events-client,cross_module_outbound,component,client,no,no
src/modules/open-platform/components/OpenPlatformAuditEventsPanel.tsx,src/modules/audit/domain/audit-event-query.ts,@/modules/audit/domain/audit-event-query,cross_module_outbound,component,domain,no,no
src/modules/open-platform/components/OpenPlatformAuditEventsPanel.tsx,src/modules/open-platform/components/PlatformSectionBanner.tsx,@/modules/open-platform/components/PlatformSectionBanner,internal,component,component,no,no
src/modules/open-platform/components/OpenPlatformAuditEventsPanel.tsx,src/modules/security/domain/access-control.ts,@/modules/security/domain/access-control,cross_module_outbound,component,domain,no,no
src/modules/open-platform/components/OpenPlatformGovernancePanel.tsx,src/modules/open-platform/components/PlatformSectionBanner.tsx,@/modules/open-platform/components/PlatformSectionBanner,internal,component,component,no,no
src/modules/open-platform/components/OpenPlatformGovernancePanel.tsx,src/modules/open-platform/domain/governance.ts,@/modules/open-platform/domain/governance,internal,component,domain,no,no
src/modules/open-platform/components/OpenPlatformGovernancePanel.tsx,src/shared/utils/cn.ts,@/shared/utils/cn,project_outbound,component,other,no,no
src/modules/open-platform/components/OpenPlatformKnowledgeManagementPanel.tsx,src/modules/open-platform/components/KnowledgeFileCard.tsx,@/modules/open-platform/components/KnowledgeFileCard,internal,component,component,no,no
src/modules/open-platform/components/OpenPlatformKnowledgeManagementPanel.tsx,src/modules/open-platform/components/KnowledgeMetricCard.tsx,@/modules/open-platform/components/KnowledgeMetricCard,internal,component,component,no,no
src/modules/open-platform/components/OpenPlatformKnowledgeManagementPanel.tsx,src/modules/open-platform/components/KnowledgeSignalCard.tsx,@/modules/open-platform/components/KnowledgeSignalCard,internal,component,component,no,no
src/modules/open-platform/components/OpenPlatformKnowledgeManagementPanel.tsx,src/modules/open-platform/components/KnowledgeTenantRow.tsx,@/modules/open-platform/components/KnowledgeTenantRow,internal,component,component,no,no
src/modules/open-platform/components/OpenPlatformKnowledgeManagementPanel.tsx,src/modules/open-platform/components/PlatformSectionBanner.tsx,@/modules/open-platform/components/PlatformSectionBanner,internal,component,component,no,no
src/modules/open-platform/components/OpenPlatformKnowledgeManagementPanel.tsx,src/modules/open-platform/lib/platformKnowledgeManagementViewLoader.ts,@/modules/open-platform/lib/platformKnowledgeManagementViewLoader,internal,component,other,no,no
src/modules/open-platform/components/OpenPlatformKnowledgeManagementPanel.tsx,src/shared/utils/cn.ts,@/shared/utils/cn,project_outbound,component,other,no,no
src/modules/open-platform/components/OpenPlatformKnowledgeManagementPanel.tsx,src/shared/utils/tar.ts,@/shared/utils/tar,project_outbound,component,other,no,no
src/modules/open-platform/components/OpenPlatformTenantManagementPanel.tsx,src/modules/open-platform/client/platform-tenant-management-client.ts,@/modules/open-platform/client/platform-tenant-management-client,internal,component,client,no,no
src/modules/open-platform/components/OpenPlatformTenantManagementPanel.tsx,src/modules/open-platform/components/PlatformSectionBanner.tsx,@/modules/open-platform/components/PlatformSectionBanner,internal,component,component,no,no
src/modules/open-platform/components/OpenPlatformTenantManagementPanel.tsx,src/modules/open-platform/domain/tenant-commercial-records.ts,@/modules/open-platform/domain/tenant-commercial-records,internal,component,domain,no,no
src/modules/open-platform/components/OpenPlatformTenantManagementPanel.tsx,src/modules/open-platform/domain/tenant-management-view.ts,@/modules/open-platform/domain/tenant-management-view,internal,component,domain,no,no
src/modules/open-platform/components/OpenPlatformTenantManagementPanel.tsx,src/modules/open-platform/domain/tenant-plan-binding.ts,@/modules/open-platform/domain/tenant-plan-binding,internal,component,domain,no,no
src/modules/open-platform/components/OpenPlatformTenantManagementPanel.tsx,src/modules/open-platform/domain/tenant-plan-change.ts,@/modules/open-platform/domain/tenant-plan-change,internal,component,domain,no,no
src/modules/open-platform/components/OpenPlatformTenantManagementPanel.tsx,src/shared/utils/cn.ts,@/shared/utils/cn,project_outbound,component,other,no,no
src/modules/open-platform/components/PlatformSectionBanner.tsx,src/shared/utils/cn.ts,@/shared/utils/cn,project_outbound,component,other,no,no
src/modules/open-platform/components/ProductPlanPanel.tsx,src/modules/open-platform/client/platform-plan-catalog-client.ts,@/modules/open-platform/client/platform-plan-catalog-client,internal,component,client,no,no
src/modules/open-platform/components/ProductPlanPanel.tsx,src/modules/open-platform/components/PlatformSectionBanner.tsx,@/modules/open-platform/components/PlatformSectionBanner,internal,component,component,no,no
src/modules/open-platform/components/ProductPlanPanel.tsx,src/modules/open-platform/domain/plan-catalog.ts,@/modules/open-platform/domain/plan-catalog,internal,component,domain,no,no
src/modules/open-platform/components/ProductPlanPanel.tsx,src/shared/utils/cn.ts,@/shared/utils/cn,project_outbound,component,other,no,no
src/modules/open-platform/components/TrialDataResetPanel.tsx,src/modules/open-platform/components/PlatformSectionBanner.tsx,@/modules/open-platform/components/PlatformSectionBanner,internal,component,component,no,no
src/modules/open-platform/components/WeComCustomerDataGovernancePanel.tsx,src/modules/open-platform/components/PlatformSectionBanner.tsx,@/modules/open-platform/components/PlatformSectionBanner,internal,component,component,no,no
src/modules/open-platform/components/WeComCustomerDataGovernancePanel.tsx,src/modules/open-platform/domain/wecom-customer-data-governance.ts,@/modules/open-platform/domain/wecom-customer-data-governance,internal,component,domain,no,no
src/modules/open-platform/domain/platform-commercial-health.ts,src/modules/audit/domain/audit-event-query.ts,@/modules/audit/domain/audit-event-query,cross_module_outbound,domain,domain,no,no
src/modules/open-platform/domain/platform-commercial-health.ts,src/modules/open-platform/domain/tenant-management.ts,@/modules/open-platform/domain/tenant-management,internal,domain,domain,no,no
src/modules/open-platform/domain/tenant-management-view.ts,src/modules/open-platform/domain/tenant-management.ts,@/modules/open-platform/domain/tenant-management,internal,domain,domain,no,no
src/modules/open-platform/domain/tenant-plan-change.ts,src/modules/open-platform/domain/tenant-plan-binding.ts,@/modules/open-platform/domain/tenant-plan-binding,internal,domain,domain,no,no
src/modules/open-platform/domain/wecom-customer-data-governance.ts,src/modules/institution/domain/wecom-external-contact-readonly.ts,@/modules/institution/domain/wecom-external-contact-readonly,cross_module_outbound,domain,domain,no,no
src/modules/open-platform/lib/platformAiReadonlyViewLoader.ts,src/modules/open-platform/server/platformAiReadonlyApiContract.ts,@/modules/open-platform/server/platformAiReadonlyApiContract,internal,other,server_service,no,no
src/modules/open-platform/lib/platformKnowledgeManagementViewLoader.ts,src/modules/open-platform/server/platformKnowledgeManagementApiContract.ts,@/modules/open-platform/server/platformKnowledgeManagementApiContract,internal,other,server_service,no,no
src/modules/open-platform/mock/platformAiReadonly.ts,src/modules/open-platform/mock/platformAiModelRegistry.ts,@/modules/open-platform/mock/platformAiModelRegistry,internal,other,other,no,no
src/modules/open-platform/mock/platformAiReadonly.ts,src/modules/open-platform/mock/platformAiUsageCost.ts,@/modules/open-platform/mock/platformAiUsageCost,internal,other,other,no,no
src/modules/open-platform/server/ai-credit-metering-rules-management.ts,src/server/db/client.ts,@/server/db/client,project_outbound,server_service,server_service,no,no
src/modules/open-platform/server/ai-credit-metering-rules-management.ts,src/server/db/schema.ts,@/server/db/schema,project_outbound,server_service,server_service,no,no
src/modules/open-platform/server/ai-usage-credits.ts,src/modules/open-platform/mock/platformAiModelConfig.ts,@/modules/open-platform/mock/platformAiModelConfig,internal,server_service,other,no,no
src/modules/open-platform/server/ai-usage-credits.ts,src/server/db/client.ts,@/server/db/client,project_outbound,server_service,server_service,no,no
src/modules/open-platform/server/ai-usage-credits.ts,src/server/db/schema.ts,@/server/db/schema,project_outbound,server_service,server_service,no,no
src/modules/open-platform/server/homepage-brand-asset-storage.ts,src/modules/open-platform/server/homepage-brand-service.ts,./homepage-brand-service,internal,server_repository,server_service,yes,no
src/modules/open-platform/server/homepage-brand-local-repository.ts,src/modules/marketing/domain/homepageBrandConfig.ts,@/modules/marketing/domain/homepageBrandConfig,cross_module_outbound,server_repository,domain,no,no
src/modules/open-platform/server/homepage-brand-local-repository.ts,src/modules/open-platform/server/homepage-brand-service.ts,./homepage-brand-service,internal,server_repository,server_service,yes,no
src/modules/open-platform/server/homepage-brand-repository.ts,src/modules/marketing/domain/homepageBrandConfig.ts,@/modules/marketing/domain/homepageBrandConfig,cross_module_outbound,server_repository,domain,no,no
src/modules/open-platform/server/homepage-brand-repository.ts,src/modules/open-platform/server/homepage-brand-service.ts,./homepage-brand-service,internal,server_repository,server_service,yes,no
src/modules/open-platform/server/homepage-brand-repository.ts,src/server/db/client.ts,@/server/db/client,project_outbound,server_repository,server_service,no,no
src/modules/open-platform/server/homepage-brand-repository.ts,src/server/db/schema.ts,@/server/db/schema,project_outbound,server_repository,server_service,no,no
src/modules/open-platform/server/homepage-brand-service.ts,src/modules/marketing/domain/homepageBrandConfig.ts,@/modules/marketing/domain/homepageBrandConfig,cross_module_outbound,server_service,domain,no,no
src/modules/open-platform/server/package-ai-quota-readonly.ts,src/modules/institution/domain/package-ai-quota-contract.ts,@/modules/institution/domain/package-ai-quota-contract,cross_module_outbound,server_service,domain,no,no
src/modules/open-platform/server/plan-catalog-repository.ts,src/modules/open-platform/domain/plan-catalog.ts,@/modules/open-platform/domain/plan-catalog,internal,server_repository,domain,no,no
src/modules/open-platform/server/plan-catalog-repository.ts,src/server/db/client.ts,@/server/db/client,project_outbound,server_repository,server_service,no,no
src/modules/open-platform/server/plan-catalog-repository.ts,src/server/db/schema.ts,@/server/db/schema,project_outbound,server_repository,server_service,no,no
src/modules/open-platform/server/plan-catalog-service.ts,src/modules/open-platform/domain/plan-catalog.ts,@/modules/open-platform/domain/plan-catalog,internal,server_service,domain,no,no
src/modules/open-platform/server/plan-catalog-service.ts,src/modules/open-platform/server/plan-catalog-repository.ts,./plan-catalog-repository,internal,server_service,server_repository,no,no
src/modules/open-platform/server/platform-knowledge-ai-provider-adapter.ts,src/modules/open-platform/server/platform-knowledge-qa-service.ts,@/modules/open-platform/server/platform-knowledge-qa-service,internal,server_service,server_service,no,yes
src/modules/open-platform/server/platform-knowledge-document-parsing-service.ts,src/modules/institution/server/knowledge-quota-usage-service.ts,@/modules/institution/server/knowledge-quota-usage-service,cross_module_outbound,server_service,server_service,no,no
src/modules/open-platform/server/platform-knowledge-document-parsing-service.ts,src/modules/institution/server/tenant-quota-enforcement.ts,@/modules/institution/server/tenant-quota-enforcement,cross_module_outbound,server_service,server_service,no,no
src/modules/open-platform/server/platform-knowledge-document-parsing-service.ts,src/modules/knowledge-base/server/v1-knowledge-base-upload-parse-chunk-runtime.ts,@/modules/knowledge-base/server/v1-knowledge-base-upload-parse-chunk-runtime,cross_module_outbound,server_service,server_service,no,no
src/modules/open-platform/server/platform-knowledge-document-parsing-service.ts,src/modules/open-platform/server/platform-knowledge-file-management-service.ts,@/modules/open-platform/server/platform-knowledge-file-management-service,internal,server_service,server_service,no,yes
src/modules/open-platform/server/platform-knowledge-document-parsing-service.ts,src/modules/open-platform/server/platform-knowledge-management-repository.ts,@/modules/open-platform/server/platform-knowledge-management-repository,internal,server_service,server_repository,no,yes
src/modules/open-platform/server/platform-knowledge-document-parsing-service.ts,src/modules/open-platform/server/platform-knowledge-ocr-provider.ts,@/modules/open-platform/server/platform-knowledge-ocr-provider,internal,server_service,server_service,no,no
src/modules/open-platform/server/platform-knowledge-document-parsing-service.ts,src/server/db/client.ts,@/server/db/client,project_outbound,server_service,server_service,no,no
src/modules/open-platform/server/platform-knowledge-embedding-vector-search-service.ts,src/modules/open-platform/server/platform-knowledge-file-management-service.ts,@/modules/open-platform/server/platform-knowledge-file-management-service,internal,server_service,server_service,no,yes
src/modules/open-platform/server/platform-knowledge-embedding-vector-search-service.ts,src/modules/open-platform/server/platform-knowledge-management-repository.ts,@/modules/open-platform/server/platform-knowledge-management-repository,internal,server_service,server_repository,no,yes
src/modules/open-platform/server/platform-knowledge-file-management-service.ts,src/modules/open-platform/server/platform-knowledge-management-repository.ts,@/modules/open-platform/server/platform-knowledge-management-repository,internal,server_service,server_repository,no,yes
src/modules/open-platform/server/platform-knowledge-file-management-service.ts,src/modules/open-platform/server/platformKnowledgeManagementApiContract.ts,@/modules/open-platform/server/platformKnowledgeManagementApiContract,internal,server_service,server_service,no,no
src/modules/open-platform/server/platform-knowledge-file-storage.ts,src/modules/open-platform/server/platform-knowledge-file-management-service.ts,./platform-knowledge-file-management-service,internal,server_repository,server_service,yes,no
src/modules/open-platform/server/platform-knowledge-indexing-job-service.ts,src/modules/institution/domain/quota-enforcement.ts,@/modules/institution/domain/quota-enforcement,cross_module_outbound,server_service,domain,no,no
src/modules/open-platform/server/platform-knowledge-indexing-job-service.ts,src/modules/institution/server/knowledge-quota-usage-service.ts,@/modules/institution/server/knowledge-quota-usage-service,cross_module_outbound,server_service,server_service,no,no
src/modules/open-platform/server/platform-knowledge-indexing-job-service.ts,src/modules/institution/server/tenant-quota-enforcement.ts,@/modules/institution/server/tenant-quota-enforcement,cross_module_outbound,server_service,server_service,no,no
src/modules/open-platform/server/platform-knowledge-indexing-job-service.ts,src/modules/open-platform/server/platform-knowledge-document-parsing-service.ts,@/modules/open-platform/server/platform-knowledge-document-parsing-service,internal,server_service,server_service,no,yes
src/modules/open-platform/server/platform-knowledge-indexing-job-service.ts,src/modules/open-platform/server/platform-knowledge-embedding-vector-search-service.ts,@/modules/open-platform/server/platform-knowledge-embedding-vector-search-service,internal,server_service,server_service,no,yes
src/modules/open-platform/server/platform-knowledge-indexing-job-service.ts,src/modules/open-platform/server/platform-knowledge-file-management-service.ts,@/modules/open-platform/server/platform-knowledge-file-management-service,internal,server_service,server_service,no,yes
src/modules/open-platform/server/platform-knowledge-indexing-job-service.ts,src/modules/open-platform/server/platform-knowledge-management-repository.ts,@/modules/open-platform/server/platform-knowledge-management-repository,internal,server_service,server_repository,no,yes
src/modules/open-platform/server/platform-knowledge-indexing-job-service.ts,src/modules/open-platform/server/platform-knowledge-ocr-provider.ts,@/modules/open-platform/server/platform-knowledge-ocr-provider,internal,server_service,server_service,no,no
src/modules/open-platform/server/platform-knowledge-indexing-job-service.ts,src/server/db/client.ts,@/server/db/client,project_outbound,server_service,server_service,no,no
src/modules/open-platform/server/platform-knowledge-keyword-search-service.ts,src/modules/open-platform/server/platform-knowledge-file-management-service.ts,@/modules/open-platform/server/platform-knowledge-file-management-service,internal,server_service,server_service,no,yes
src/modules/open-platform/server/platform-knowledge-keyword-search-service.ts,src/modules/open-platform/server/platform-knowledge-management-repository.ts,@/modules/open-platform/server/platform-knowledge-management-repository,internal,server_service,server_repository,no,yes
src/modules/open-platform/server/platform-knowledge-management-repository.ts,src/modules/knowledge-base/domain/v1-knowledge-base-runtime-foundation-api-contract.ts,@/modules/knowledge-base/domain/v1-knowledge-base-runtime-foundation-api-contract,cross_module_outbound,server_repository,domain,no,no
src/modules/open-platform/server/platform-knowledge-management-repository.ts,src/modules/open-platform/server/platform-knowledge-document-parsing-service.ts,./platform-knowledge-document-parsing-service,internal,server_repository,server_service,yes,yes
src/modules/open-platform/server/platform-knowledge-management-repository.ts,src/modules/open-platform/server/platform-knowledge-embedding-vector-search-service.ts,./platform-knowledge-embedding-vector-search-service,internal,server_repository,server_service,yes,yes
src/modules/open-platform/server/platform-knowledge-management-repository.ts,src/modules/open-platform/server/platform-knowledge-file-management-service.ts,./platform-knowledge-file-management-service,internal,server_repository,server_service,yes,yes
src/modules/open-platform/server/platform-knowledge-management-repository.ts,src/modules/open-platform/server/platform-knowledge-indexing-job-service.ts,./platform-knowledge-indexing-job-service,internal,server_repository,server_service,yes,yes
src/modules/open-platform/server/platform-knowledge-management-repository.ts,src/modules/open-platform/server/platform-knowledge-keyword-search-service.ts,./platform-knowledge-keyword-search-service,internal,server_repository,server_service,yes,yes
src/modules/open-platform/server/platform-knowledge-management-repository.ts,src/modules/open-platform/server/platform-knowledge-qa-service.ts,./platform-knowledge-qa-service,internal,server_repository,server_service,yes,yes
src/modules/open-platform/server/platform-knowledge-management-repository.ts,src/modules/open-platform/server/platformKnowledgeManagementApiContract.ts,./platformKnowledgeManagementApiContract,internal,server_repository,server_service,yes,no
src/modules/open-platform/server/platform-knowledge-management-repository.ts,src/server/db/client.ts,@/server/db/client,project_outbound,server_repository,server_service,no,no
src/modules/open-platform/server/platform-knowledge-management-repository.ts,src/server/db/schema.ts,@/server/db/schema,project_outbound,server_repository,server_service,no,no
src/modules/open-platform/server/platform-knowledge-management-service.ts,src/modules/audit/domain/audit-events.ts,@/modules/audit/domain/audit-events,cross_module_outbound,server_service,domain,no,no
src/modules/open-platform/server/platform-knowledge-management-service.ts,src/modules/knowledge-base/domain/v1-knowledge-base-runtime-foundation-api-contract.ts,@/modules/knowledge-base/domain/v1-knowledge-base-runtime-foundation-api-contract,cross_module_outbound,server_service,domain,no,no
src/modules/open-platform/server/platform-knowledge-management-service.ts,src/modules/open-platform/mock/platformKnowledge.ts,@/modules/open-platform/mock/platformKnowledge,internal,server_service,other,no,no
src/modules/open-platform/server/platform-knowledge-management-service.ts,src/modules/open-platform/server/platform-knowledge-management-repository.ts,@/modules/open-platform/server/platform-knowledge-management-repository,internal,server_service,server_repository,no,no
src/modules/open-platform/server/platform-knowledge-management-service.ts,src/modules/open-platform/server/platform-knowledge-qa-service.ts,@/modules/open-platform/server/platform-knowledge-qa-service,internal,server_service,server_service,no,no
src/modules/open-platform/server/platform-knowledge-management-service.ts,src/modules/open-platform/server/platformKnowledgeManagementApiContract.ts,@/modules/open-platform/server/platformKnowledgeManagementApiContract,internal,server_service,server_service,no,no
src/modules/open-platform/server/platform-knowledge-management-service.ts,src/modules/security/domain/access-control.ts,@/modules/security/domain/access-control,cross_module_outbound,server_service,domain,no,no
src/modules/open-platform/server/platform-knowledge-production-governance-policy.ts,src/modules/knowledge-base/domain/v1-knowledge-base-controlled-trial-readiness.ts,@/modules/knowledge-base/domain/v1-knowledge-base-controlled-trial-readiness,cross_module_outbound,server_service,domain,no,no
src/modules/open-platform/server/platform-knowledge-qa-service.ts,src/modules/open-platform/server/platform-knowledge-ai-provider-adapter.ts,@/modules/open-platform/server/platform-knowledge-ai-provider-adapter,internal,server_service,server_service,no,yes
src/modules/open-platform/server/platform-knowledge-qa-service.ts,src/modules/open-platform/server/platform-knowledge-ai-readiness-evaluation.ts,@/modules/open-platform/server/platform-knowledge-ai-readiness-evaluation,internal,server_service,server_service,no,no
src/modules/open-platform/server/platform-knowledge-qa-service.ts,src/modules/open-platform/server/platform-knowledge-embedding-vector-search-service.ts,@/modules/open-platform/server/platform-knowledge-embedding-vector-search-service,internal,server_service,server_service,no,yes
src/modules/open-platform/server/platform-knowledge-qa-service.ts,src/modules/open-platform/server/platform-knowledge-file-management-service.ts,@/modules/open-platform/server/platform-knowledge-file-management-service,internal,server_service,server_service,no,yes
src/modules/open-platform/server/platform-knowledge-qa-service.ts,src/modules/open-platform/server/platform-knowledge-keyword-search-service.ts,@/modules/open-platform/server/platform-knowledge-keyword-search-service,internal,server_service,server_service,no,yes
src/modules/open-platform/server/platform-knowledge-qa-service.ts,src/modules/open-platform/server/platform-knowledge-management-repository.ts,@/modules/open-platform/server/platform-knowledge-management-repository,internal,server_service,server_repository,no,yes
src/modules/open-platform/server/platform-knowledge-qa-service.ts,src/modules/open-platform/server/platform-knowledge-production-governance-policy.ts,@/modules/open-platform/server/platform-knowledge-production-governance-policy,internal,server_service,server_service,no,no
src/modules/open-platform/server/platformAiModelConfigContract.ts,src/modules/open-platform/mock/platformAiModelConfig.ts,@/modules/open-platform/mock/platformAiModelConfig,internal,server_service,other,no,no
src/modules/open-platform/server/platformAiModelConfigPersistence.ts,src/modules/open-platform/mock/platformAiModelConfig.ts,@/modules/open-platform/mock/platformAiModelConfig,internal,server_service,other,no,no
src/modules/open-platform/server/platformAiModelConfigPersistence.ts,src/modules/open-platform/server/platformAiModelConfigPersistenceTypes.ts,./platformAiModelConfigPersistenceTypes,internal,server_service,server_service,no,no
src/modules/open-platform/server/platformAiModelConfigPersistence.ts,src/modules/security/domain/access-control.ts,@/modules/security/domain/access-control,cross_module_outbound,server_service,domain,no,no
src/modules/open-platform/server/platformAiModelConfigPersistenceRepository.ts,src/modules/open-platform/server/platformAiModelConfigPersistence.ts,./platformAiModelConfigPersistence,internal,server_repository,server_service,yes,no
src/modules/open-platform/server/platformAiModelConfigPersistenceRepository.ts,src/modules/open-platform/server/platformAiModelConfigPersistenceTypes.ts,./platformAiModelConfigPersistenceTypes,internal,server_repository,server_service,yes,no
src/modules/open-platform/server/platformAiModelConfigPersistenceRepository.ts,src/server/db/client.ts,@/server/db/client,project_outbound,server_repository,server_service,no,no
src/modules/open-platform/server/platformAiModelConfigPersistenceRepository.ts,src/server/db/schema.ts,@/server/db/schema,project_outbound,server_repository,server_service,no,no
src/modules/open-platform/server/platformAiModelConfigPersistenceTypes.ts,src/modules/audit/domain/audit-events.ts,@/modules/audit/domain/audit-events,cross_module_outbound,server_service,domain,no,no
src/modules/open-platform/server/platformAiModelConfigPersistenceTypes.ts,src/modules/open-platform/mock/platformAiModelConfig.ts,@/modules/open-platform/mock/platformAiModelConfig,internal,server_service,other,no,no
src/modules/open-platform/server/platformAiModelConfigPersistenceTypes.ts,src/modules/security/domain/access-control.ts,@/modules/security/domain/access-control,cross_module_outbound,server_service,domain,no,no
src/modules/open-platform/server/platformAiModelRegistryContract.ts,src/modules/open-platform/mock/platformAiModelRegistry.ts,@/modules/open-platform/mock/platformAiModelRegistry,internal,server_service,other,no,no
src/modules/open-platform/server/platformAiModelVendorOperations.ts,src/modules/open-platform/domain/vendor-catalog.ts,@/modules/open-platform/domain/vendor-catalog,internal,server_service,domain,no,no
src/modules/open-platform/server/platformAiModelVendorOperations.ts,src/modules/open-platform/server/vendorProviderConfigRepository.ts,./vendorProviderConfigRepository,internal,server_service,server_repository,no,no
src/modules/open-platform/server/platformAiModelVendorOperations.ts,src/modules/security/server/secretEncryption.ts,@/modules/security/server/secretEncryption,cross_module_outbound,server_service,server_service,no,no
src/modules/open-platform/server/platformAiProviderConfig.ts,src/modules/open-platform/server/platformAiRuntimeConfig.ts,./platformAiRuntimeConfig,internal,server_service,server_service,no,no
src/modules/open-platform/server/platformAiProviderConfig.ts,src/modules/security/server/secretEncryption.ts,@/modules/security/server/secretEncryption,cross_module_outbound,server_service,server_service,no,no
src/modules/open-platform/server/platformAiProviderConfigRepository.ts,src/modules/open-platform/server/platformAiProviderConfig.ts,./platformAiProviderConfig,internal,server_repository,server_service,yes,no
src/modules/open-platform/server/platformAiProviderConfigRepository.ts,src/server/db/client.ts,@/server/db/client,project_outbound,server_repository,server_service,no,no
src/modules/open-platform/server/platformAiProviderConfigRepository.ts,src/server/db/schema.ts,@/server/db/schema,project_outbound,server_repository,server_service,no,no
src/modules/open-platform/server/platformAiReadonlyApiContract.ts,src/modules/open-platform/mock/platformAiReadonly.ts,@/modules/open-platform/mock/platformAiReadonly,internal,server_service,other,no,no
src/modules/open-platform/server/platformAiReadonlyApiContract.ts,src/modules/open-platform/server/platformAiModelRegistryContract.ts,@/modules/open-platform/server/platformAiModelRegistryContract,internal,server_service,server_service,no,no
src/modules/open-platform/server/platformAiReadonlyApiContract.ts,src/modules/open-platform/server/platformAiUsageCostContract.ts,@/modules/open-platform/server/platformAiUsageCostContract,internal,server_service,server_service,no,no
src/modules/open-platform/server/platformAiRuntimeSmoke.ts,src/modules/open-platform/server/platformAiProviderConfig.ts,@/modules/open-platform/server/platformAiProviderConfig,internal,server_service,server_service,no,no
src/modules/open-platform/server/platformAiRuntimeSmoke.ts,src/modules/open-platform/server/platformAiRuntimeConfig.ts,@/modules/open-platform/server/platformAiRuntimeConfig,internal,server_service,server_service,no,no
src/modules/open-platform/server/platformAiUsageCostContract.ts,src/modules/open-platform/mock/platformAiUsageCost.ts,@/modules/open-platform/mock/platformAiUsageCost,internal,server_service,other,no,no
src/modules/open-platform/server/platformKnowledgeManagementApiContract.ts,src/modules/knowledge-base/domain/v1-knowledge-base-runtime-foundation-api-contract.ts,@/modules/knowledge-base/domain/v1-knowledge-base-runtime-foundation-api-contract,cross_module_outbound,server_service,domain,no,no
src/modules/open-platform/server/platformKnowledgeManagementApiContract.ts,src/modules/open-platform/mock/platformKnowledge.ts,@/modules/open-platform/mock/platformKnowledge,internal,server_service,other,no,no
src/modules/open-platform/server/tenant-account-management-repository.ts,src/modules/audit/server/audit-event-repository.ts,@/modules/audit/server/audit-event-repository,cross_module_outbound,server_repository,server_repository,no,no
src/modules/open-platform/server/tenant-account-management-repository.ts,src/modules/open-platform/server/tenant-account-management-service.ts,@/modules/open-platform/server/tenant-account-management-service,internal,server_repository,server_service,yes,no
src/modules/open-platform/server/tenant-account-management-repository.ts,src/modules/open-platform/server/tenant-commercial-records-repository.ts,@/modules/open-platform/server/tenant-commercial-records-repository,internal,server_repository,server_repository,no,no
src/modules/open-platform/server/tenant-account-management-repository.ts,src/server/db/client.ts,@/server/db/client,project_outbound,server_repository,server_service,no,no
src/modules/open-platform/server/tenant-account-management-repository.ts,src/server/db/schema.ts,@/server/db/schema,project_outbound,server_repository,server_service,no,no
src/modules/open-platform/server/tenant-account-management-service.ts,src/modules/audit/domain/audit-events.ts,@/modules/audit/domain/audit-events,cross_module_outbound,server_service,domain,no,no
src/modules/open-platform/server/tenant-account-management-service.ts,src/modules/auth/domain/auth-account.ts,@/modules/auth/domain/auth-account,cross_module_outbound,server_service,domain,no,no
src/modules/open-platform/server/tenant-account-management-service.ts,src/modules/auth/server/auth-account-service.ts,@/modules/auth/server/auth-account-service,cross_module_outbound,server_service,server_service,no,no
src/modules/open-platform/server/tenant-account-management-service.ts,src/modules/auth/server/password-hash.ts,@/modules/auth/server/password-hash,cross_module_outbound,server_service,server_service,no,no
src/modules/open-platform/server/tenant-account-management-service.ts,src/modules/security/domain/access-control.ts,@/modules/security/domain/access-control,cross_module_outbound,server_service,domain,no,no
src/modules/open-platform/server/tenant-commercial-records-repository.ts,src/modules/open-platform/domain/tenant-commercial-records.ts,@/modules/open-platform/domain/tenant-commercial-records,internal,server_repository,domain,no,no
src/modules/open-platform/server/tenant-commercial-records-repository.ts,src/server/db/client.ts,@/server/db/client,project_outbound,server_repository,server_service,no,no
src/modules/open-platform/server/tenant-commercial-records-repository.ts,src/server/db/schema.ts,@/server/db/schema,project_outbound,server_repository,server_service,no,no
src/modules/open-platform/server/tenant-management-repository.ts,src/modules/open-platform/domain/tenant-management.ts,@/modules/open-platform/domain/tenant-management,internal,server_repository,domain,no,no
src/modules/open-platform/server/tenant-management-repository.ts,src/server/db/client.ts,@/server/db/client,project_outbound,server_repository,server_service,no,no
src/modules/open-platform/server/tenant-management-repository.ts,src/server/db/schema.ts,@/server/db/schema,project_outbound,server_repository,server_service,no,no
src/modules/open-platform/server/tenant-plan-binding-repository.ts,src/modules/audit/server/audit-event-repository.ts,@/modules/audit/server/audit-event-repository,cross_module_outbound,server_repository,server_repository,no,no
src/modules/open-platform/server/tenant-plan-binding-repository.ts,src/modules/open-platform/domain/tenant-management.ts,@/modules/open-platform/domain/tenant-management,internal,server_repository,domain,no,no
src/modules/open-platform/server/tenant-plan-binding-repository.ts,src/modules/open-platform/domain/tenant-plan-binding.ts,@/modules/open-platform/domain/tenant-plan-binding,internal,server_repository,domain,no,no
src/modules/open-platform/server/tenant-plan-binding-repository.ts,src/modules/open-platform/server/tenant-commercial-records-repository.ts,@/modules/open-platform/server/tenant-commercial-records-repository,internal,server_repository,server_repository,no,no
src/modules/open-platform/server/tenant-plan-binding-repository.ts,src/modules/open-platform/server/tenant-plan-binding-service.ts,@/modules/open-platform/server/tenant-plan-binding-service,internal,server_repository,server_service,yes,no
src/modules/open-platform/server/tenant-plan-binding-repository.ts,src/server/db/client.ts,@/server/db/client,project_outbound,server_repository,server_service,no,no
src/modules/open-platform/server/tenant-plan-binding-repository.ts,src/server/db/schema.ts,@/server/db/schema,project_outbound,server_repository,server_service,no,no
src/modules/open-platform/server/tenant-plan-binding-service.ts,src/modules/audit/domain/audit-events.ts,@/modules/audit/domain/audit-events,cross_module_outbound,server_service,domain,no,no
src/modules/open-platform/server/tenant-plan-binding-service.ts,src/modules/auth/domain/auth-account.ts,@/modules/auth/domain/auth-account,cross_module_outbound,server_service,domain,no,no
src/modules/open-platform/server/tenant-plan-binding-service.ts,src/modules/auth/server/auth-account-service.ts,@/modules/auth/server/auth-account-service,cross_module_outbound,server_service,server_service,no,no
src/modules/open-platform/server/tenant-plan-binding-service.ts,src/modules/auth/server/password-hash.ts,@/modules/auth/server/password-hash,cross_module_outbound,server_service,server_service,no,no
src/modules/open-platform/server/tenant-plan-binding-service.ts,src/modules/open-platform/domain/tenant-management.ts,@/modules/open-platform/domain/tenant-management,internal,server_service,domain,no,no
src/modules/open-platform/server/tenant-plan-binding-service.ts,src/modules/open-platform/domain/tenant-plan-binding.ts,@/modules/open-platform/domain/tenant-plan-binding,internal,server_service,domain,no,no
src/modules/open-platform/server/tenant-plan-change-repository.ts,src/modules/audit/server/audit-event-repository.ts,@/modules/audit/server/audit-event-repository,cross_module_outbound,server_repository,server_repository,no,no
src/modules/open-platform/server/tenant-plan-change-repository.ts,src/modules/open-platform/domain/tenant-management.ts,@/modules/open-platform/domain/tenant-management,internal,server_repository,domain,no,no
src/modules/open-platform/server/tenant-plan-change-repository.ts,src/modules/open-platform/domain/tenant-plan-binding.ts,@/modules/open-platform/domain/tenant-plan-binding,internal,server_repository,domain,no,no
src/modules/open-platform/server/tenant-plan-change-repository.ts,src/modules/open-platform/server/tenant-commercial-records-repository.ts,@/modules/open-platform/server/tenant-commercial-records-repository,internal,server_repository,server_repository,no,no
src/modules/open-platform/server/tenant-plan-change-repository.ts,src/modules/open-platform/server/tenant-plan-change-service.ts,@/modules/open-platform/server/tenant-plan-change-service,internal,server_repository,server_service,yes,no
src/modules/open-platform/server/tenant-plan-change-repository.ts,src/server/db/client.ts,@/server/db/client,project_outbound,server_repository,server_service,no,no
src/modules/open-platform/server/tenant-plan-change-repository.ts,src/server/db/schema.ts,@/server/db/schema,project_outbound,server_repository,server_service,no,no
src/modules/open-platform/server/tenant-plan-change-service.ts,src/modules/audit/domain/audit-events.ts,@/modules/audit/domain/audit-events,cross_module_outbound,server_service,domain,no,no
src/modules/open-platform/server/tenant-plan-change-service.ts,src/modules/open-platform/domain/tenant-management.ts,@/modules/open-platform/domain/tenant-management,internal,server_service,domain,no,no
src/modules/open-platform/server/tenant-plan-change-service.ts,src/modules/open-platform/domain/tenant-plan-binding.ts,@/modules/open-platform/domain/tenant-plan-binding,internal,server_service,domain,no,no
src/modules/open-platform/server/tenant-plan-change-service.ts,src/modules/open-platform/domain/tenant-plan-change.ts,@/modules/open-platform/domain/tenant-plan-change,internal,server_service,domain,no,no
src/modules/open-platform/server/tenant-plan-change-service.ts,src/modules/security/domain/access-control.ts,@/modules/security/domain/access-control,cross_module_outbound,server_service,domain,no,no
src/modules/open-platform/server/trial-data-reset-service.ts,src/modules/audit/domain/audit-events.ts,@/modules/audit/domain/audit-events,cross_module_outbound,server_service,domain,no,no
src/modules/open-platform/server/trial-data-reset-service.ts,src/modules/audit/server/audit-event-repository.ts,@/modules/audit/server/audit-event-repository,cross_module_outbound,server_service,server_repository,no,no
src/modules/open-platform/server/trial-data-reset-service.ts,src/server/db/client.ts,@/server/db/client,project_outbound,server_service,server_service,no,no
src/modules/open-platform/server/trial-data-reset-service.ts,src/server/db/schema.ts,@/server/db/schema,project_outbound,server_service,server_service,no,no
src/modules/open-platform/server/vendorProviderConfig.ts,src/modules/open-platform/domain/vendor-catalog.ts,@/modules/open-platform/domain/vendor-catalog,internal,server_service,domain,no,no
src/modules/open-platform/server/vendorProviderConfig.ts,src/modules/open-platform/server/platformAiRuntimeConfig.ts,./platformAiRuntimeConfig,internal,server_service,server_service,no,no
src/modules/open-platform/server/vendorProviderConfig.ts,src/modules/open-platform/server/vendorProviderConfigRepository.ts,./vendorProviderConfigRepository,internal,server_service,server_repository,no,no
src/modules/open-platform/server/vendorProviderConfig.ts,src/modules/open-platform/server/vendorProviderConfigTypes.ts,./vendorProviderConfigTypes,internal,server_service,server_service,no,no
src/modules/open-platform/server/vendorProviderConfig.ts,src/modules/security/server/secretEncryption.ts,@/modules/security/server/secretEncryption,cross_module_outbound,server_service,server_service,no,no
src/modules/open-platform/server/vendorProviderConfigRepository.ts,src/modules/open-platform/domain/vendor-catalog.ts,@/modules/open-platform/domain/vendor-catalog,internal,server_repository,domain,no,no
src/modules/open-platform/server/vendorProviderConfigRepository.ts,src/modules/open-platform/server/vendorProviderConfigTypes.ts,./vendorProviderConfigTypes,internal,server_repository,server_service,yes,no
src/modules/open-platform/server/vendorProviderConfigRepository.ts,src/server/db/client.ts,@/server/db/client,project_outbound,server_repository,server_service,no,no
src/modules/open-platform/server/vendorProviderConfigRepository.ts,src/server/db/schema.ts,@/server/db/schema,project_outbound,server_repository,server_service,no,no
src/modules/open-platform/server/vendorProviderConfigTypes.ts,src/modules/open-platform/domain/vendor-catalog.ts,@/modules/open-platform/domain/vendor-catalog,internal,server_service,domain,no,no
src/modules/open-platform/server/vendorProviderConfigTypes.ts,src/modules/open-platform/server/platformAiRuntimeConfig.ts,./platformAiRuntimeConfig,internal,server_service,server_service,no,no
src/modules/open-platform/server/vendorProviderConfigTypes.ts,src/modules/security/server/secretEncryption.ts,@/modules/security/server/secretEncryption,cross_module_outbound,server_service,server_service,no,no
src/modules/open-platform/server/vendorProviderSmoke.ts,src/modules/open-platform/domain/vendor-catalog.ts,@/modules/open-platform/domain/vendor-catalog,internal,server_service,domain,no,no
src/modules/open-platform/server/vendorProviderSmoke.ts,src/modules/open-platform/server/vendorProviderConfigRepository.ts,./vendorProviderConfigRepository,internal,server_service,server_repository,no,no
src/modules/open-platform/tests/AiCreditMeteringRulesApiRoute.test.ts,src/app/api/open-platform/ai-credit-metering-rules/[id]/route.ts,@/app/api/open-platform/ai-credit-metering-rules/[id]/route,project_outbound,test,other,no,no
src/modules/open-platform/tests/AiCreditMeteringRulesApiRoute.test.ts,src/app/api/open-platform/ai-credit-metering-rules/route.ts,@/app/api/open-platform/ai-credit-metering-rules/route,project_outbound,test,other,no,no
src/modules/open-platform/tests/AiCreditMeteringRulesApiRoute.test.ts,src/modules/open-platform/server/ai-credit-metering-rules-management.ts,@/modules/open-platform/server/ai-credit-metering-rules-management,internal,test,server_service,no,no
src/modules/open-platform/tests/AiCreditMeteringRulesApiRoute.test.ts,src/modules/security/server/access-context.ts,@/modules/security/server/access-context,cross_module_outbound,test,server_service,no,no
src/modules/open-platform/tests/AiCreditMeteringRulesClient.test.ts,src/modules/open-platform/client/platform-ai-credit-metering-rules-client.ts,@/modules/open-platform/client/platform-ai-credit-metering-rules-client,internal,test,client,no,no
src/modules/open-platform/tests/AiCreditMeteringRulesManagement.test.ts,src/modules/open-platform/server/ai-credit-metering-rules-management.ts,@/modules/open-platform/server/ai-credit-metering-rules-management,internal,test,server_service,no,no
src/modules/open-platform/tests/AiQuotaBoundaryPanel.test.tsx,src/modules/open-platform/components/AiQuotaBoundaryPanel.tsx,@/modules/open-platform/components/AiQuotaBoundaryPanel,internal,test,component,no,no
src/modules/open-platform/tests/AiUsageCreditsApiRoute.test.ts,src/app/api/open-platform/ai-usage-credits/route.ts,@/app/api/open-platform/ai-usage-credits/route,project_outbound,test,other,no,no
src/modules/open-platform/tests/AiUsageCreditsApiRoute.test.ts,src/modules/open-platform/server/ai-usage-credits.ts,@/modules/open-platform/server/ai-usage-credits,internal,test,server_service,no,no
src/modules/open-platform/tests/AiUsageCreditsApiRoute.test.ts,src/modules/security/server/access-context.ts,@/modules/security/server/access-context,cross_module_outbound,test,server_service,no,no
src/modules/open-platform/tests/AiUsageCreditsClient.test.ts,src/modules/open-platform/client/platform-ai-usage-credits-client.ts,@/modules/open-platform/client/platform-ai-usage-credits-client,internal,test,client,no,no
src/modules/open-platform/tests/AiUsageCreditsManagement.test.ts,src/modules/open-platform/server/ai-usage-credits.ts,@/modules/open-platform/server/ai-usage-credits,internal,test,server_service,no,no
src/modules/open-platform/tests/CommercialBoundaryPanel.test.tsx,src/modules/open-platform/components/CommercialBoundaryPanel.tsx,@/modules/open-platform/components/CommercialBoundaryPanel,internal,test,component,no,no
src/modules/open-platform/tests/HomepageBrandApiRoute.test.ts,src/app/api/v1/open-platform/homepage-brand/assets/route.ts,@/app/api/v1/open-platform/homepage-brand/assets/route,project_outbound,test,other,no,no
src/modules/open-platform/tests/HomepageBrandApiRoute.test.ts,src/app/api/v1/open-platform/homepage-brand/draft/route.ts,@/app/api/v1/open-platform/homepage-brand/draft/route,project_outbound,test,other,no,no
src/modules/open-platform/tests/HomepageBrandApiRoute.test.ts,src/app/api/v1/open-platform/homepage-brand/publish/route.ts,@/app/api/v1/open-platform/homepage-brand/publish/route,project_outbound,test,other,no,no
src/modules/open-platform/tests/HomepageBrandApiRoute.test.ts,src/app/api/v1/open-platform/homepage-brand/route.ts,@/app/api/v1/open-platform/homepage-brand/route,project_outbound,test,other,no,no
src/modules/open-platform/tests/HomepageBrandApiRoute.test.ts,src/modules/marketing/domain/homepageBrandConfig.ts,@/modules/marketing/domain/homepageBrandConfig,cross_module_outbound,test,domain,no,no
src/modules/open-platform/tests/HomepageBrandApiRoute.test.ts,src/modules/open-platform/server/homepage-brand-asset-storage.ts,@/modules/open-platform/server/homepage-brand-asset-storage,internal,test,server_repository,no,no
src/modules/open-platform/tests/HomepageBrandApiRoute.test.ts,src/modules/open-platform/server/homepage-brand-repository.ts,@/modules/open-platform/server/homepage-brand-repository,internal,test,server_repository,no,no
src/modules/open-platform/tests/HomepageBrandApiRoute.test.ts,src/modules/open-platform/server/homepage-brand-service.ts,@/modules/open-platform/server/homepage-brand-service,internal,test,server_service,no,no
src/modules/open-platform/tests/HomepageBrandApiRoute.test.ts,src/modules/security/server/access-context.ts,@/modules/security/server/access-context,cross_module_outbound,test,server_service,no,no
src/modules/open-platform/tests/HomepageBrandApiRoute.test.ts,src/server/db/client.ts,@/server/db/client,project_outbound,test,server_service,no,no
src/modules/open-platform/tests/HomepageBrandAssetPublicRoute.test.ts,src/app/uploads/homepage-brand/[kind]/[filename]/route.ts,@/app/uploads/homepage-brand/[kind]/[filename]/route,project_outbound,test,other,no,no
src/modules/open-platform/tests/HomepageBrandAssetPublicRoute.test.ts,src/modules/open-platform/server/homepage-brand-asset-storage.ts,@/modules/open-platform/server/homepage-brand-asset-storage,internal,test,server_repository,no,no
src/modules/open-platform/tests/HomepageBrandAssetStorage.test.ts,src/modules/open-platform/server/homepage-brand-asset-storage.ts,@/modules/open-platform/server/homepage-brand-asset-storage,internal,test,server_repository,no,no
src/modules/open-platform/tests/HomepageBrandConfig.test.ts,src/modules/marketing/domain/homepageBrandConfig.ts,@/modules/marketing/domain/homepageBrandConfig,cross_module_outbound,test,domain,no,no
src/modules/open-platform/tests/HomepageBrandLocalRepository.test.ts,src/app/api/v1/open-platform/homepage-brand/_shared.ts,@/app/api/v1/open-platform/homepage-brand/_shared,project_outbound,test,other,no,no
src/modules/open-platform/tests/HomepageBrandLocalRepository.test.ts,src/modules/marketing/domain/homepageBrandConfig.ts,@/modules/marketing/domain/homepageBrandConfig,cross_module_outbound,test,domain,no,no
src/modules/open-platform/tests/HomepageBrandLocalRepository.test.ts,src/modules/open-platform/server/homepage-brand-local-repository.ts,@/modules/open-platform/server/homepage-brand-local-repository,internal,test,server_repository,no,no
src/modules/open-platform/tests/HomepageBrandLocalRepository.test.ts,src/modules/open-platform/server/homepage-brand-service.ts,@/modules/open-platform/server/homepage-brand-service,internal,test,server_service,no,no
src/modules/open-platform/tests/HomepageBrandPanel.test.tsx,src/modules/marketing/components/MarketingHome.tsx,@/modules/marketing/components/MarketingHome,cross_module_outbound,test,component,no,no
src/modules/open-platform/tests/HomepageBrandPanel.test.tsx,src/modules/marketing/domain/homepageBrandConfig.ts,@/modules/marketing/domain/homepageBrandConfig,cross_module_outbound,test,domain,no,no
src/modules/open-platform/tests/HomepageBrandPanel.test.tsx,src/modules/open-platform/components/HomepageBrandPanel.tsx,@/modules/open-platform/components/HomepageBrandPanel,internal,test,component,no,no
src/modules/open-platform/tests/HomepageBrandRepository.test.ts,src/modules/open-platform/server/homepage-brand-repository.ts,@/modules/open-platform/server/homepage-brand-repository,internal,test,server_repository,no,no
src/modules/open-platform/tests/HomepageBrandSchema.test.ts,src/server/db/schema.ts,@/server/db/schema,project_outbound,test,server_service,no,no
src/modules/open-platform/tests/HomepageBrandService.test.ts,src/modules/marketing/domain/homepageBrandConfig.ts,@/modules/marketing/domain/homepageBrandConfig,cross_module_outbound,test,domain,no,no
src/modules/open-platform/tests/HomepageBrandService.test.ts,src/modules/open-platform/server/homepage-brand-service.ts,@/modules/open-platform/server/homepage-brand-service,internal,test,server_service,no,no
src/modules/open-platform/tests/OpenConnectionRoadmapPanel.test.tsx,src/modules/open-platform/components/OpenConnectionRoadmapPanel.tsx,@/modules/open-platform/components/OpenConnectionRoadmapPanel,internal,test,component,no,no
src/modules/open-platform/tests/OpenPlatformAiCreditMeteringRulesPanel.test.tsx,src/modules/open-platform/components/OpenPlatformAiCreditMeteringRulesPanel.tsx,@/modules/open-platform/components/OpenPlatformAiCreditMeteringRulesPanel,internal,test,component,no,no
src/modules/open-platform/tests/OpenPlatformAiModelConfigContract.test.ts,src/modules/open-platform/server/platformAiModelConfigContract.ts,@/modules/open-platform/server/platformAiModelConfigContract,internal,test,server_service,no,no
src/modules/open-platform/tests/OpenPlatformAiModelConfigPanel.test.tsx,src/modules/open-platform/server/platformAiModelConfigContract.ts,@/modules/open-platform/server/platformAiModelConfigContract,internal,test,server_service,no,no
src/modules/open-platform/tests/OpenPlatformAiModelConfigPanel.test.tsx,src/modules/workspace/components/PlatformConsole.tsx,@/modules/workspace/components/PlatformConsole,cross_module_outbound,test,component,no,no
src/modules/open-platform/tests/OpenPlatformAiModelConfigPersistence.test.ts,src/app/api/v1/open-platform/ai-model-config/route.ts,@/app/api/v1/open-platform/ai-model-config/route,project_outbound,test,other,no,no
src/modules/open-platform/tests/OpenPlatformAiModelConfigPersistence.test.ts,src/modules/open-platform/server/platformAiModelConfigPersistence.ts,@/modules/open-platform/server/platformAiModelConfigPersistence,internal,test,server_service,no,no
src/modules/open-platform/tests/OpenPlatformAiModelConfigPersistence.test.ts,src/modules/open-platform/server/platformAiModelConfigPersistenceTypes.ts,@/modules/open-platform/server/platformAiModelConfigPersistenceTypes,internal,test,server_service,no,no
src/modules/open-platform/tests/OpenPlatformAiModelConfigPersistence.test.ts,src/modules/security/server/access-context.ts,@/modules/security/server/access-context,cross_module_outbound,test,server_service,no,no
src/modules/open-platform/tests/OpenPlatformAiModelRegistryContract.test.ts,src/modules/open-platform/server/platformAiModelRegistryContract.ts,@/modules/open-platform/server/platformAiModelRegistryContract,internal,test,server_service,no,no
src/modules/open-platform/tests/OpenPlatformAiModelVendorOperations.test.ts,src/app/api/v1/open-platform/ai-model-config/sync/route.ts,@/app/api/v1/open-platform/ai-model-config/sync/route,project_outbound,test,other,no,no
src/modules/open-platform/tests/OpenPlatformAiModelVendorOperations.test.ts,src/app/api/v1/open-platform/ai-model-config/test/route.ts,@/app/api/v1/open-platform/ai-model-config/test/route,project_outbound,test,other,no,no
src/modules/open-platform/tests/OpenPlatformAiModelVendorOperations.test.ts,src/modules/open-platform/domain/vendor-catalog.ts,@/modules/open-platform/domain/vendor-catalog,internal,test,domain,no,no
src/modules/open-platform/tests/OpenPlatformAiModelVendorOperations.test.ts,src/modules/open-platform/server/platformAiModelVendorOperations.ts,@/modules/open-platform/server/platformAiModelVendorOperations,internal,test,server_service,no,no
src/modules/open-platform/tests/OpenPlatformAiModelVendorOperations.test.ts,src/modules/open-platform/server/vendorProviderConfigTypes.ts,@/modules/open-platform/server/vendorProviderConfigTypes,internal,test,server_service,no,no
src/modules/open-platform/tests/OpenPlatformAiModelVendorOperations.test.ts,src/modules/security/server/access-context.ts,@/modules/security/server/access-context,cross_module_outbound,test,server_service,no,no
src/modules/open-platform/tests/OpenPlatformAiModelVendorOperations.test.ts,src/modules/security/server/secretEncryption.ts,@/modules/security/server/secretEncryption,cross_module_outbound,test,server_service,no,no
src/modules/open-platform/tests/OpenPlatformAiProviderConfig.test.ts,src/app/api/v1/open-platform/ai-runtime/provider-config/route.ts,@/app/api/v1/open-platform/ai-runtime/provider-config/route,project_outbound,test,other,no,no
src/modules/open-platform/tests/OpenPlatformAiProviderConfig.test.ts,src/modules/open-platform/server/platformAiProviderConfig.ts,@/modules/open-platform/server/platformAiProviderConfig,internal,test,server_service,no,no
src/modules/open-platform/tests/OpenPlatformAiProviderConfig.test.ts,src/modules/open-platform/server/platformAiProviderConfigRepository.ts,@/modules/open-platform/server/platformAiProviderConfigRepository,internal,test,server_repository,no,no
src/modules/open-platform/tests/OpenPlatformAiProviderConfig.test.ts,src/modules/security/server/access-context.ts,@/modules/security/server/access-context,cross_module_outbound,test,server_service,no,no
src/modules/open-platform/tests/OpenPlatformAiReadonlyContract.test.ts,src/app/api/v1/open-platform/ai-readonly/route.ts,@/app/api/v1/open-platform/ai-readonly/route,project_outbound,test,other,no,no
src/modules/open-platform/tests/OpenPlatformAiReadonlyContract.test.ts,src/modules/open-platform/server/platformAiReadonlyApiContract.ts,@/modules/open-platform/server/platformAiReadonlyApiContract,internal,test,server_service,no,no
src/modules/open-platform/tests/OpenPlatformAiReadonlyPanel.test.tsx,src/modules/open-platform/components/OpenPlatformAiReadonlyPanel.tsx,@/modules/open-platform/components/OpenPlatformAiReadonlyPanel,internal,test,component,no,no
src/modules/open-platform/tests/OpenPlatformAiReadonlyPanel.test.tsx,src/modules/workspace/components/PlatformConsole.tsx,@/modules/workspace/components/PlatformConsole,cross_module_outbound,test,component,no,no
src/modules/open-platform/tests/OpenPlatformAiRuntimeConfig.test.ts,src/app/api/v1/open-platform/ai-runtime/status/route.ts,@/app/api/v1/open-platform/ai-runtime/status/route,project_outbound,test,other,no,no
src/modules/open-platform/tests/OpenPlatformAiRuntimeConfig.test.ts,src/modules/open-platform/server/platformAiRuntimeConfig.ts,@/modules/open-platform/server/platformAiRuntimeConfig,internal,test,server_service,no,no
src/modules/open-platform/tests/OpenPlatformAiRuntimeConfig.test.ts,src/modules/security/server/access-context.ts,@/modules/security/server/access-context,cross_module_outbound,test,server_service,no,no
src/modules/open-platform/tests/OpenPlatformAiRuntimeSmoke.test.ts,src/app/api/v1/open-platform/ai-runtime/smoke/route.ts,@/app/api/v1/open-platform/ai-runtime/smoke/route,project_outbound,test,other,no,no
src/modules/open-platform/tests/OpenPlatformAiRuntimeSmoke.test.ts,src/modules/open-platform/server/platformAiProviderConfig.ts,@/modules/open-platform/server/platformAiProviderConfig,internal,test,server_service,no,no
src/modules/open-platform/tests/OpenPlatformAiRuntimeSmoke.test.ts,src/modules/open-platform/server/platformAiRuntimeSmoke.ts,@/modules/open-platform/server/platformAiRuntimeSmoke,internal,test,server_service,no,no
src/modules/open-platform/tests/OpenPlatformAiRuntimeSmoke.test.ts,src/modules/security/server/access-context.ts,@/modules/security/server/access-context,cross_module_outbound,test,server_service,no,no
src/modules/open-platform/tests/OpenPlatformAiRuntimeSmoke.test.ts,src/modules/security/server/secretEncryption.ts,@/modules/security/server/secretEncryption,cross_module_outbound,test,server_service,no,no
src/modules/open-platform/tests/OpenPlatformAiUsageCostContract.test.ts,src/modules/open-platform/server/platformAiUsageCostContract.ts,@/modules/open-platform/server/platformAiUsageCostContract,internal,test,server_service,no,no
src/modules/open-platform/tests/OpenPlatformAiUsageCreditsPanel.test.tsx,src/modules/open-platform/components/OpenPlatformAiReadonlyPanel.tsx,@/modules/open-platform/components/OpenPlatformAiReadonlyPanel,internal,test,component,no,no
src/modules/open-platform/tests/OpenPlatformAuditEventsPanel.test.tsx,src/modules/open-platform/components/OpenPlatformAuditEventsPanel.tsx,@/modules/open-platform/components/OpenPlatformAuditEventsPanel,internal,test,component,no,no
src/modules/open-platform/tests/OpenPlatformGovernanceDomain.test.ts,src/modules/open-platform/domain/governance.ts,@/modules/open-platform/domain/governance,internal,test,domain,no,no
src/modules/open-platform/tests/OpenPlatformGovernanceDomain.test.ts,src/modules/security/domain/access-control.ts,@/modules/security/domain/access-control,cross_module_outbound,test,domain,no,no
src/modules/open-platform/tests/OpenPlatformGovernancePanel.test.tsx,src/modules/open-platform/components/OpenPlatformGovernancePanel.tsx,@/modules/open-platform/components/OpenPlatformGovernancePanel,internal,test,component,no,no
src/modules/open-platform/tests/OpenPlatformKnowledgeManagementApiContract.test.ts,src/app/api/v1/open-platform/knowledge-management/files/route.ts,@/app/api/v1/open-platform/knowledge-management/files/route,project_outbound,test,other,no,no
src/modules/open-platform/tests/OpenPlatformKnowledgeManagementApiContract.test.ts,src/app/api/v1/open-platform/knowledge-management/items/route.ts,@/app/api/v1/open-platform/knowledge-management/items/route,project_outbound,test,other,no,no
src/modules/open-platform/tests/OpenPlatformKnowledgeManagementApiContract.test.ts,src/app/api/v1/open-platform/knowledge-management/route.ts,@/app/api/v1/open-platform/knowledge-management/route,project_outbound,test,other,no,no
src/modules/open-platform/tests/OpenPlatformKnowledgeManagementApiContract.test.ts,src/modules/open-platform/server/platformKnowledgeManagementApiContract.ts,@/modules/open-platform/server/platformKnowledgeManagementApiContract,internal,test,server_service,no,no
src/modules/open-platform/tests/OpenPlatformKnowledgeManagementPanel.test.tsx,src/modules/open-platform/components/OpenPlatformKnowledgeManagementPanel.tsx,@/modules/open-platform/components/OpenPlatformKnowledgeManagementPanel,internal,test,component,no,no
src/modules/open-platform/tests/OpenPlatformKnowledgeManagementPanel.test.tsx,src/modules/open-platform/lib/platformKnowledgeManagementViewLoader.ts,@/modules/open-platform/lib/platformKnowledgeManagementViewLoader,internal,test,other,no,no
src/modules/open-platform/tests/OpenPlatformKnowledgeManagementPanel.test.tsx,src/modules/open-platform/server/platformKnowledgeManagementApiContract.ts,@/modules/open-platform/server/platformKnowledgeManagementApiContract,internal,test,server_service,no,no
src/modules/open-platform/tests/OpenPlatformKnowledgeManagementPanel.test.tsx,src/modules/workspace/components/PlatformConsole.tsx,@/modules/workspace/components/PlatformConsole,cross_module_outbound,test,component,no,no
src/modules/open-platform/tests/OpenPlatformKnowledgeManagementRealApiRoute.test.ts,src/app/api/v1/open-platform/knowledge-management/files/route.ts,@/app/api/v1/open-platform/knowledge-management/files/route,project_outbound,test,other,no,no
src/modules/open-platform/tests/OpenPlatformKnowledgeManagementRealApiRoute.test.ts,src/app/api/v1/open-platform/knowledge-management/items/[knowledgeId]/visibility/route.ts,@/app/api/v1/open-platform/knowledge-management/items/[knowledgeId]/visibility/route,project_outbound,test,other,no,no
src/modules/open-platform/tests/OpenPlatformKnowledgeManagementRealApiRoute.test.ts,src/app/api/v1/open-platform/knowledge-management/items/route.ts,@/app/api/v1/open-platform/knowledge-management/items/route,project_outbound,test,other,no,no
src/modules/open-platform/tests/OpenPlatformKnowledgeManagementRealApiRoute.test.ts,src/app/api/v1/open-platform/knowledge-management/route.ts,@/app/api/v1/open-platform/knowledge-management/route,project_outbound,test,other,no,no
src/modules/open-platform/tests/OpenPlatformKnowledgeManagementRealApiRoute.test.ts,src/modules/open-platform/server/platform-knowledge-management-repository.ts,@/modules/open-platform/server/platform-knowledge-management-repository,internal,test,server_repository,no,no
src/modules/open-platform/tests/OpenPlatformKnowledgeManagementRealApiRoute.test.ts,src/server/db/client.ts,@/server/db/client,project_outbound,test,server_service,no,no
src/modules/open-platform/tests/OpenPlatformKnowledgeManagementRealCore.test.ts,src/modules/open-platform/server/platform-knowledge-management-repository.ts,@/modules/open-platform/server/platform-knowledge-management-repository,internal,test,server_repository,no,no
src/modules/open-platform/tests/OpenPlatformKnowledgeManagementRealCore.test.ts,src/modules/open-platform/server/platform-knowledge-management-service.ts,@/modules/open-platform/server/platform-knowledge-management-service,internal,test,server_service,no,no
src/modules/open-platform/tests/OpenPlatformTenantManagementApiRoute.test.ts,src/app/api/open-platform/tenants/route.ts,@/app/api/open-platform/tenants/route,project_outbound,test,other,no,no
src/modules/open-platform/tests/OpenPlatformTenantManagementApiRoute.test.ts,src/modules/open-platform/server/tenant-management-repository.ts,@/modules/open-platform/server/tenant-management-repository,internal,test,server_repository,no,no
src/modules/open-platform/tests/OpenPlatformTenantManagementApiRoute.test.ts,src/modules/security/domain/access-control.ts,@/modules/security/domain/access-control,cross_module_outbound,test,domain,no,no
src/modules/open-platform/tests/OpenPlatformTenantManagementApiRoute.test.ts,src/modules/security/server/access-context.ts,@/modules/security/server/access-context,cross_module_outbound,test,server_service,no,no
src/modules/open-platform/tests/OpenPlatformTenantManagementApiRoute.test.ts,src/server/db/client.ts,@/server/db/client,project_outbound,test,server_service,no,no
src/modules/open-platform/tests/OpenPlatformTenantManagementDomain.test.ts,src/modules/open-platform/domain/tenant-management.ts,@/modules/open-platform/domain/tenant-management,internal,test,domain,no,no
src/modules/open-platform/tests/OpenPlatformTenantManagementPanel.test.tsx,src/modules/open-platform/components/OpenPlatformTenantManagementPanel.tsx,@/modules/open-platform/components/OpenPlatformTenantManagementPanel,internal,test,component,no,no
src/modules/open-platform/tests/OpenPlatformTenantManagementRepository.test.ts,src/modules/open-platform/server/tenant-management-repository.ts,@/modules/open-platform/server/tenant-management-repository,internal,test,server_repository,no,no
src/modules/open-platform/tests/OpenPlatformTenantManagementRepository.test.ts,src/server/db/client.ts,@/server/db/client,project_outbound,test,server_service,no,no
src/modules/open-platform/tests/OpenPlatformTenantManagementRepository.test.ts,src/server/db/schema.ts,@/server/db/schema,project_outbound,test,server_service,no,no
src/modules/open-platform/tests/OpenPlatformTenantManagementView.test.ts,src/modules/open-platform/domain/tenant-management-view.ts,@/modules/open-platform/domain/tenant-management-view,internal,test,domain,no,no
src/modules/open-platform/tests/OpenPlatformTenantManagementView.test.ts,src/modules/open-platform/domain/tenant-management.ts,@/modules/open-platform/domain/tenant-management,internal,test,domain,no,no
src/modules/open-platform/tests/PackageAiQuotaReadonlyApiRoute.test.ts,src/app/api/v1/open-platform/package-ai-quota/route.ts,@/app/api/v1/open-platform/package-ai-quota/route,project_outbound,test,other,no,no
src/modules/open-platform/tests/PackageAiQuotaReadonlyApiRoute.test.ts,src/modules/security/domain/access-control.ts,@/modules/security/domain/access-control,cross_module_outbound,test,domain,no,no
src/modules/open-platform/tests/PackageAiQuotaReadonlyService.test.ts,src/modules/open-platform/server/package-ai-quota-readonly.ts,@/modules/open-platform/server/package-ai-quota-readonly,internal,test,server_service,no,no
src/modules/open-platform/tests/PlanCatalogApiRoute.test.ts,src/app/api/v1/open-platform/plan-catalog/[planId]/versions/route.ts,@/app/api/v1/open-platform/plan-catalog/[planId]/versions/route,project_outbound,test,other,no,no
src/modules/open-platform/tests/PlanCatalogApiRoute.test.ts,src/app/api/v1/open-platform/plan-catalog/route.ts,@/app/api/v1/open-platform/plan-catalog/route,project_outbound,test,other,no,no
src/modules/open-platform/tests/PlanCatalogApiRoute.test.ts,src/app/api/v1/open-platform/plan-catalog/versions/[versionId]/publish/route.ts,@/app/api/v1/open-platform/plan-catalog/versions/[versionId]/publish/route,project_outbound,test,other,no,no
src/modules/open-platform/tests/PlanCatalogApiRoute.test.ts,src/app/api/v1/open-platform/plan-catalog/versions/[versionId]/retire/route.ts,@/app/api/v1/open-platform/plan-catalog/versions/[versionId]/retire/route,project_outbound,test,other,no,no
src/modules/open-platform/tests/PlanCatalogApiRoute.test.ts,src/app/api/v1/open-platform/plan-catalog/versions/[versionId]/route.ts,@/app/api/v1/open-platform/plan-catalog/versions/[versionId]/route,project_outbound,test,other,no,no
src/modules/open-platform/tests/PlanCatalogApiRoute.test.ts,src/modules/open-platform/server/plan-catalog-repository.ts,@/modules/open-platform/server/plan-catalog-repository,internal,test,server_repository,no,no
src/modules/open-platform/tests/PlanCatalogApiRoute.test.ts,src/modules/security/domain/access-control.ts,@/modules/security/domain/access-control,cross_module_outbound,test,domain,no,no
src/modules/open-platform/tests/PlanCatalogApiRoute.test.ts,src/modules/security/server/access-context.ts,@/modules/security/server/access-context,cross_module_outbound,test,server_service,no,no
src/modules/open-platform/tests/PlanCatalogApiRoute.test.ts,src/server/db/client.ts,@/server/db/client,project_outbound,test,server_service,no,no
src/modules/open-platform/tests/PlanCatalogDomain.test.ts,src/modules/open-platform/domain/plan-catalog.ts,@/modules/open-platform/domain/plan-catalog,internal,test,domain,no,no
src/modules/open-platform/tests/PlanCatalogRepository.test.ts,src/modules/open-platform/server/plan-catalog-repository.ts,@/modules/open-platform/server/plan-catalog-repository,internal,test,server_repository,no,no
src/modules/open-platform/tests/PlanCatalogRepository.test.ts,src/server/db/client.ts,@/server/db/client,project_outbound,test,server_service,no,no
src/modules/open-platform/tests/PlanCatalogRepository.test.ts,src/server/db/schema.ts,@/server/db/schema,project_outbound,test,server_service,no,no
src/modules/open-platform/tests/PlatformCommercialHealthClient.test.ts,src/modules/open-platform/client/platform-tenant-management-client.ts,@/modules/open-platform/client/platform-tenant-management-client,internal,test,client,no,no
src/modules/open-platform/tests/PlatformCommercialHealthDomain.test.ts,src/modules/audit/domain/audit-event-query.ts,@/modules/audit/domain/audit-event-query,cross_module_outbound,test,domain,no,no
src/modules/open-platform/tests/PlatformCommercialHealthDomain.test.ts,src/modules/open-platform/domain/platform-commercial-health.ts,@/modules/open-platform/domain/platform-commercial-health,internal,test,domain,no,no
src/modules/open-platform/tests/PlatformCommercialHealthDomain.test.ts,src/modules/open-platform/domain/tenant-management.ts,@/modules/open-platform/domain/tenant-management,internal,test,domain,no,no
src/modules/open-platform/tests/PlatformConsoleUx.test.tsx,src/modules/workspace/components/PlatformConsole.tsx,@/modules/workspace/components/PlatformConsole,cross_module_outbound,test,component,no,no
src/modules/open-platform/tests/PlatformEntitlementUsageApiRoute.test.ts,src/app/api/v1/open-platform/tenants/[tenantId]/entitlement-usage/route.ts,@/app/api/v1/open-platform/tenants/[tenantId]/entitlement-usage/route,project_outbound,test,other,no,no
src/modules/open-platform/tests/PlatformEntitlementUsageApiRoute.test.ts,src/modules/security/domain/access-control.ts,@/modules/security/domain/access-control,cross_module_outbound,test,domain,no,no
src/modules/open-platform/tests/PlatformKnowledgeAiProviderSafetyAdapter.test.ts,src/modules/open-platform/server/platform-knowledge-ai-provider-adapter.ts,@/modules/open-platform/server/platform-knowledge-ai-provider-adapter,internal,test,server_service,no,no
src/modules/open-platform/tests/PlatformKnowledgeAiReadinessEvaluation.test.ts,src/modules/open-platform/server/platform-knowledge-ai-provider-adapter.ts,@/modules/open-platform/server/platform-knowledge-ai-provider-adapter,internal,test,server_service,no,no
src/modules/open-platform/tests/PlatformKnowledgeAiReadinessEvaluation.test.ts,src/modules/open-platform/server/platform-knowledge-ai-readiness-evaluation.ts,@/modules/open-platform/server/platform-knowledge-ai-readiness-evaluation,internal,test,server_service,no,no
src/modules/open-platform/tests/PlatformKnowledgeAiReadinessEvaluation.test.ts,src/modules/open-platform/server/platform-knowledge-embedding-vector-search-service.ts,@/modules/open-platform/server/platform-knowledge-embedding-vector-search-service,internal,test,server_service,no,no
src/modules/open-platform/tests/PlatformKnowledgeAiReadinessEvaluation.test.ts,src/modules/open-platform/server/platform-knowledge-keyword-search-service.ts,@/modules/open-platform/server/platform-knowledge-keyword-search-service,internal,test,server_service,no,no
src/modules/open-platform/tests/PlatformKnowledgeAiReadinessEvaluation.test.ts,src/modules/open-platform/server/platform-knowledge-management-repository.ts,@/modules/open-platform/server/platform-knowledge-management-repository,internal,test,server_repository,no,no
src/modules/open-platform/tests/PlatformKnowledgeAiReadinessEvaluation.test.ts,src/modules/open-platform/server/platform-knowledge-production-governance-policy.ts,@/modules/open-platform/server/platform-knowledge-production-governance-policy,internal,test,server_service,no,no
src/modules/open-platform/tests/PlatformKnowledgeAiReadinessEvaluation.test.ts,src/modules/open-platform/server/platform-knowledge-qa-service.ts,@/modules/open-platform/server/platform-knowledge-qa-service,internal,test,server_service,no,no
src/modules/open-platform/tests/PlatformKnowledgeDirectoryManagementApiRoute.test.ts,src/app/api/v1/open-platform/knowledge-management/directories/[directoryId]/route.ts,@/app/api/v1/open-platform/knowledge-management/directories/[directoryId]/route,project_outbound,test,other,no,no
src/modules/open-platform/tests/PlatformKnowledgeDirectoryManagementApiRoute.test.ts,src/app/api/v1/open-platform/knowledge-management/directories/reorder/route.ts,@/app/api/v1/open-platform/knowledge-management/directories/reorder/route,project_outbound,test,other,no,no
src/modules/open-platform/tests/PlatformKnowledgeDirectoryManagementApiRoute.test.ts,src/app/api/v1/open-platform/knowledge-management/directories/route.ts,@/app/api/v1/open-platform/knowledge-management/directories/route,project_outbound,test,other,no,no
src/modules/open-platform/tests/PlatformKnowledgeDirectoryManagementApiRoute.test.ts,src/modules/audit/server/audit-event-repository.ts,@/modules/audit/server/audit-event-repository,cross_module_outbound,test,server_repository,no,no
src/modules/open-platform/tests/PlatformKnowledgeDirectoryManagementApiRoute.test.ts,src/modules/open-platform/server/platform-knowledge-management-repository.ts,@/modules/open-platform/server/platform-knowledge-management-repository,internal,test,server_repository,no,no
src/modules/open-platform/tests/PlatformKnowledgeDirectoryManagementApiRoute.test.ts,src/modules/security/server/access-context.ts,@/modules/security/server/access-context,cross_module_outbound,test,server_service,no,no
src/modules/open-platform/tests/PlatformKnowledgeDirectoryManagementApiRoute.test.ts,src/server/db/client.ts,@/server/db/client,project_outbound,test,server_service,no,no
src/modules/open-platform/tests/PlatformKnowledgeDocumentParsingApiRoute.test.ts,src/app/api/institution/knowledge-management/items/[knowledgeId]/files/[fileId]/parse/chunks/route.ts,@/app/api/institution/knowledge-management/items/[knowledgeId]/files/[fileId]/parse/chunks/route,project_outbound,test,other,no,no
src/modules/open-platform/tests/PlatformKnowledgeDocumentParsingApiRoute.test.ts,src/app/api/institution/knowledge-management/items/[knowledgeId]/files/[fileId]/parse/route.ts,@/app/api/institution/knowledge-management/items/[knowledgeId]/files/[fileId]/parse/route,project_outbound,test,other,no,no
src/modules/open-platform/tests/PlatformKnowledgeDocumentParsingApiRoute.test.ts,src/app/api/v1/open-platform/knowledge-management/items/[knowledgeId]/files/[fileId]/parse/chunks/route.ts,@/app/api/v1/open-platform/knowledge-management/items/[knowledgeId]/files/[fileId]/parse/chunks/route,project_outbound,test,other,no,no
src/modules/open-platform/tests/PlatformKnowledgeDocumentParsingApiRoute.test.ts,src/app/api/v1/open-platform/knowledge-management/items/[knowledgeId]/files/[fileId]/parse/route.ts,@/app/api/v1/open-platform/knowledge-management/items/[knowledgeId]/files/[fileId]/parse/route,project_outbound,test,other,no,no
src/modules/open-platform/tests/PlatformKnowledgeDocumentParsingApiRoute.test.ts,src/modules/open-platform/server/platform-knowledge-document-parsing-service.ts,@/modules/open-platform/server/platform-knowledge-document-parsing-service,internal,test,server_service,no,no
src/modules/open-platform/tests/PlatformKnowledgeDocumentParsingApiRoute.test.ts,src/modules/open-platform/server/platform-knowledge-file-management-service.ts,@/modules/open-platform/server/platform-knowledge-file-management-service,internal,test,server_service,no,no
src/modules/open-platform/tests/PlatformKnowledgeDocumentParsingApiRoute.test.ts,src/modules/open-platform/server/platform-knowledge-file-storage.ts,@/modules/open-platform/server/platform-knowledge-file-storage,internal,test,server_repository,no,no
src/modules/open-platform/tests/PlatformKnowledgeDocumentParsingApiRoute.test.ts,src/modules/open-platform/server/platform-knowledge-management-repository.ts,@/modules/open-platform/server/platform-knowledge-management-repository,internal,test,server_repository,no,no
src/modules/open-platform/tests/PlatformKnowledgeDocumentParsingApiRoute.test.ts,src/modules/security/domain/access-control.ts,@/modules/security/domain/access-control,cross_module_outbound,test,domain,no,no
src/modules/open-platform/tests/PlatformKnowledgeDocumentParsingApiRoute.test.ts,src/modules/security/server/access-context.ts,@/modules/security/server/access-context,cross_module_outbound,test,server_service,no,no
src/modules/open-platform/tests/PlatformKnowledgeDocumentParsingApiRoute.test.ts,src/server/db/client.ts,@/server/db/client,project_outbound,test,server_service,no,no
src/modules/open-platform/tests/PlatformKnowledgeDocumentParsingService.test.ts,src/modules/institution/server/institution-knowledge-file-parsing-service.ts,@/modules/institution/server/institution-knowledge-file-parsing-service,cross_module_outbound,test,server_service,no,no
src/modules/open-platform/tests/PlatformKnowledgeDocumentParsingService.test.ts,src/modules/knowledge-base/server/v1-knowledge-base-upload-parse-chunk-runtime.ts,@/modules/knowledge-base/server/v1-knowledge-base-upload-parse-chunk-runtime,cross_module_outbound,test,server_service,no,no
src/modules/open-platform/tests/PlatformKnowledgeDocumentParsingService.test.ts,src/modules/open-platform/server/platform-knowledge-document-parsing-service.ts,@/modules/open-platform/server/platform-knowledge-document-parsing-service,internal,test,server_service,no,no
src/modules/open-platform/tests/PlatformKnowledgeDocumentParsingService.test.ts,src/modules/open-platform/server/platform-knowledge-file-management-service.ts,@/modules/open-platform/server/platform-knowledge-file-management-service,internal,test,server_service,no,no
src/modules/open-platform/tests/PlatformKnowledgeDocumentParsingService.test.ts,src/modules/open-platform/server/platform-knowledge-management-repository.ts,@/modules/open-platform/server/platform-knowledge-management-repository,internal,test,server_repository,no,no
src/modules/open-platform/tests/PlatformKnowledgeDocumentParsingService.test.ts,src/modules/open-platform/server/platform-knowledge-ocr-provider.ts,@/modules/open-platform/server/platform-knowledge-ocr-provider,internal,test,server_service,no,no
src/modules/open-platform/tests/PlatformKnowledgeEmbeddingVectorSearchApiRoute.test.ts,src/app/api/institution/knowledge-management/vector-search/route.ts,@/app/api/institution/knowledge-management/vector-search/route,project_outbound,test,other,no,no
src/modules/open-platform/tests/PlatformKnowledgeEmbeddingVectorSearchApiRoute.test.ts,src/app/api/v1/open-platform/knowledge-management/embeddings/route.ts,@/app/api/v1/open-platform/knowledge-management/embeddings/route,project_outbound,test,other,no,no
src/modules/open-platform/tests/PlatformKnowledgeEmbeddingVectorSearchApiRoute.test.ts,src/app/api/v1/open-platform/knowledge-management/vector-search/route.ts,@/app/api/v1/open-platform/knowledge-management/vector-search/route,project_outbound,test,other,no,no
src/modules/open-platform/tests/PlatformKnowledgeEmbeddingVectorSearchApiRoute.test.ts,src/modules/open-platform/server/platform-knowledge-management-repository.ts,@/modules/open-platform/server/platform-knowledge-management-repository,internal,test,server_repository,no,no
src/modules/open-platform/tests/PlatformKnowledgeEmbeddingVectorSearchApiRoute.test.ts,src/modules/security/server/access-context.ts,@/modules/security/server/access-context,cross_module_outbound,test,server_service,no,no
src/modules/open-platform/tests/PlatformKnowledgeEmbeddingVectorSearchApiRoute.test.ts,src/server/db/client.ts,@/server/db/client,project_outbound,test,server_service,no,no
src/modules/open-platform/tests/PlatformKnowledgeEmbeddingVectorSearchService.test.ts,src/modules/open-platform/server/platform-knowledge-embedding-vector-search-service.ts,@/modules/open-platform/server/platform-knowledge-embedding-vector-search-service,internal,test,server_service,no,no
src/modules/open-platform/tests/PlatformKnowledgeEmbeddingVectorSearchService.test.ts,src/modules/open-platform/server/platform-knowledge-management-repository.ts,@/modules/open-platform/server/platform-knowledge-management-repository,internal,test,server_repository,no,no
src/modules/open-platform/tests/PlatformKnowledgeFileManagementApiRoute.test.ts,src/app/api/institution/knowledge-management/items/[knowledgeId]/files/[fileId]/download/route.ts,@/app/api/institution/knowledge-management/items/[knowledgeId]/files/[fileId]/download/route,project_outbound,test,other,no,no
src/modules/open-platform/tests/PlatformKnowledgeFileManagementApiRoute.test.ts,src/app/api/institution/knowledge-management/items/[knowledgeId]/files/route.ts,@/app/api/institution/knowledge-management/items/[knowledgeId]/files/route,project_outbound,test,other,no,no
src/modules/open-platform/tests/PlatformKnowledgeFileManagementApiRoute.test.ts,src/app/api/v1/open-platform/knowledge-management/items/[knowledgeId]/files/[fileId]/download/route.ts,@/app/api/v1/open-platform/knowledge-management/items/[knowledgeId]/files/[fileId]/download/route,project_outbound,test,other,no,no
src/modules/open-platform/tests/PlatformKnowledgeFileManagementApiRoute.test.ts,src/app/api/v1/open-platform/knowledge-management/items/[knowledgeId]/files/[fileId]/route.ts,@/app/api/v1/open-platform/knowledge-management/items/[knowledgeId]/files/[fileId]/route,project_outbound,test,other,no,no
src/modules/open-platform/tests/PlatformKnowledgeFileManagementApiRoute.test.ts,src/app/api/v1/open-platform/knowledge-management/items/[knowledgeId]/files/route.ts,@/app/api/v1/open-platform/knowledge-management/items/[knowledgeId]/files/route,project_outbound,test,other,no,no
src/modules/open-platform/tests/PlatformKnowledgeFileManagementApiRoute.test.ts,src/modules/open-platform/server/platform-knowledge-file-management-service.ts,@/modules/open-platform/server/platform-knowledge-file-management-service,internal,test,server_service,no,no
src/modules/open-platform/tests/PlatformKnowledgeFileManagementApiRoute.test.ts,src/modules/open-platform/server/platform-knowledge-file-storage.ts,@/modules/open-platform/server/platform-knowledge-file-storage,internal,test,server_repository,no,no
src/modules/open-platform/tests/PlatformKnowledgeFileManagementApiRoute.test.ts,src/modules/open-platform/server/platform-knowledge-management-repository.ts,@/modules/open-platform/server/platform-knowledge-management-repository,internal,test,server_repository,no,no
src/modules/open-platform/tests/PlatformKnowledgeFileManagementApiRoute.test.ts,src/modules/security/domain/access-control.ts,@/modules/security/domain/access-control,cross_module_outbound,test,domain,no,no
src/modules/open-platform/tests/PlatformKnowledgeFileManagementApiRoute.test.ts,src/modules/security/server/access-context.ts,@/modules/security/server/access-context,cross_module_outbound,test,server_service,no,no
src/modules/open-platform/tests/PlatformKnowledgeFileManagementApiRoute.test.ts,src/server/db/client.ts,@/server/db/client,project_outbound,test,server_service,no,no
src/modules/open-platform/tests/PlatformKnowledgeFileManagementService.test.ts,src/modules/institution/server/institution-knowledge-file-management-service.ts,@/modules/institution/server/institution-knowledge-file-management-service,cross_module_outbound,test,server_service,no,no
src/modules/open-platform/tests/PlatformKnowledgeFileManagementService.test.ts,src/modules/open-platform/server/platform-knowledge-file-management-service.ts,@/modules/open-platform/server/platform-knowledge-file-management-service,internal,test,server_service,no,no
src/modules/open-platform/tests/PlatformKnowledgeFileManagementService.test.ts,src/modules/open-platform/server/platform-knowledge-management-repository.ts,@/modules/open-platform/server/platform-knowledge-management-repository,internal,test,server_repository,no,no
src/modules/open-platform/tests/PlatformKnowledgeFileStorage.test.ts,src/modules/open-platform/server/platform-knowledge-file-storage.ts,@/modules/open-platform/server/platform-knowledge-file-storage,internal,test,server_repository,no,no
src/modules/open-platform/tests/PlatformKnowledgeIndexingJobService.test.ts,src/modules/open-platform/server/platform-knowledge-document-parsing-service.ts,@/modules/open-platform/server/platform-knowledge-document-parsing-service,internal,test,server_service,no,no
src/modules/open-platform/tests/PlatformKnowledgeIndexingJobService.test.ts,src/modules/open-platform/server/platform-knowledge-indexing-job-service.ts,@/modules/open-platform/server/platform-knowledge-indexing-job-service,internal,test,server_service,no,no
src/modules/open-platform/tests/PlatformKnowledgeIndexingJobService.test.ts,src/modules/open-platform/server/platform-knowledge-management-repository.ts,@/modules/open-platform/server/platform-knowledge-management-repository,internal,test,server_repository,no,no
src/modules/open-platform/tests/PlatformKnowledgeIndexingJobService.test.ts,src/modules/open-platform/server/platform-knowledge-ocr-provider.ts,@/modules/open-platform/server/platform-knowledge-ocr-provider,internal,test,server_service,no,no
src/modules/open-platform/tests/PlatformKnowledgeKeywordSearchApiRoute.test.ts,src/app/api/institution/knowledge-management/search/route.ts,@/app/api/institution/knowledge-management/search/route,project_outbound,test,other,no,no
src/modules/open-platform/tests/PlatformKnowledgeKeywordSearchApiRoute.test.ts,src/app/api/v1/open-platform/knowledge-management/search/route.ts,@/app/api/v1/open-platform/knowledge-management/search/route,project_outbound,test,other,no,no
src/modules/open-platform/tests/PlatformKnowledgeKeywordSearchApiRoute.test.ts,src/modules/open-platform/server/platform-knowledge-management-repository.ts,@/modules/open-platform/server/platform-knowledge-management-repository,internal,test,server_repository,no,no
src/modules/open-platform/tests/PlatformKnowledgeKeywordSearchApiRoute.test.ts,src/modules/security/server/access-context.ts,@/modules/security/server/access-context,cross_module_outbound,test,server_service,no,no
src/modules/open-platform/tests/PlatformKnowledgeKeywordSearchApiRoute.test.ts,src/server/db/client.ts,@/server/db/client,project_outbound,test,server_service,no,no
src/modules/open-platform/tests/PlatformKnowledgeKeywordSearchService.test.ts,src/modules/open-platform/server/platform-knowledge-keyword-search-service.ts,@/modules/open-platform/server/platform-knowledge-keyword-search-service,internal,test,server_service,no,no
src/modules/open-platform/tests/PlatformKnowledgeKeywordSearchService.test.ts,src/modules/open-platform/server/platform-knowledge-management-repository.ts,@/modules/open-platform/server/platform-knowledge-management-repository,internal,test,server_repository,no,no
src/modules/open-platform/tests/PlatformKnowledgeMockContract.test.ts,src/modules/open-platform/mock/platformKnowledge.ts,@/modules/open-platform/mock/platformKnowledge,internal,test,other,no,no
src/modules/open-platform/tests/PlatformKnowledgeProductionGoNoGoAcceptance.test.ts,src/modules/open-platform/server/platform-knowledge-ai-provider-adapter.ts,@/modules/open-platform/server/platform-knowledge-ai-provider-adapter,internal,test,server_service,no,no
src/modules/open-platform/tests/PlatformKnowledgeProductionGoNoGoAcceptance.test.ts,src/modules/open-platform/server/platform-knowledge-ai-readiness-evaluation.ts,@/modules/open-platform/server/platform-knowledge-ai-readiness-evaluation,internal,test,server_service,no,no
src/modules/open-platform/tests/PlatformKnowledgeProductionGoNoGoAcceptance.test.ts,src/modules/open-platform/server/platform-knowledge-embedding-vector-search-service.ts,@/modules/open-platform/server/platform-knowledge-embedding-vector-search-service,internal,test,server_service,no,no
src/modules/open-platform/tests/PlatformKnowledgeProductionGoNoGoAcceptance.test.ts,src/modules/open-platform/server/platform-knowledge-keyword-search-service.ts,@/modules/open-platform/server/platform-knowledge-keyword-search-service,internal,test,server_service,no,no
src/modules/open-platform/tests/PlatformKnowledgeProductionGoNoGoAcceptance.test.ts,src/modules/open-platform/server/platform-knowledge-management-repository.ts,@/modules/open-platform/server/platform-knowledge-management-repository,internal,test,server_repository,no,no
src/modules/open-platform/tests/PlatformKnowledgeProductionGoNoGoAcceptance.test.ts,src/modules/open-platform/server/platform-knowledge-production-governance-policy.ts,@/modules/open-platform/server/platform-knowledge-production-governance-policy,internal,test,server_service,no,no
src/modules/open-platform/tests/PlatformKnowledgeProductionGoNoGoAcceptance.test.ts,src/modules/open-platform/server/platform-knowledge-qa-service.ts,@/modules/open-platform/server/platform-knowledge-qa-service,internal,test,server_service,no,no
src/modules/open-platform/tests/PlatformKnowledgeProductionGovernancePolicy.test.ts,src/modules/knowledge-base/domain/v1-knowledge-base-controlled-trial-readiness.ts,@/modules/knowledge-base/domain/v1-knowledge-base-controlled-trial-readiness,cross_module_outbound,test,domain,no,no
src/modules/open-platform/tests/PlatformKnowledgeProductionGovernancePolicy.test.ts,src/modules/open-platform/server/platform-knowledge-production-governance-policy.ts,@/modules/open-platform/server/platform-knowledge-production-governance-policy,internal,test,server_service,no,no
src/modules/open-platform/tests/PlatformKnowledgeQaApiRoute.test.ts,src/app/api/institution/knowledge-management/qa/audits/route.ts,@/app/api/institution/knowledge-management/qa/audits/route,project_outbound,test,other,no,no
src/modules/open-platform/tests/PlatformKnowledgeQaApiRoute.test.ts,src/app/api/institution/knowledge-management/qa/route.ts,@/app/api/institution/knowledge-management/qa/route,project_outbound,test,other,no,no
src/modules/open-platform/tests/PlatformKnowledgeQaApiRoute.test.ts,src/app/api/v1/open-platform/knowledge-management/capabilities/route.ts,@/app/api/v1/open-platform/knowledge-management/capabilities/route,project_outbound,test,other,no,no
src/modules/open-platform/tests/PlatformKnowledgeQaApiRoute.test.ts,src/app/api/v1/open-platform/knowledge-management/embeddings/route.ts,@/app/api/v1/open-platform/knowledge-management/embeddings/route,project_outbound,test,other,no,no
src/modules/open-platform/tests/PlatformKnowledgeQaApiRoute.test.ts,src/app/api/v1/open-platform/knowledge-management/qa/audits/route.ts,@/app/api/v1/open-platform/knowledge-management/qa/audits/route,project_outbound,test,other,no,no
src/modules/open-platform/tests/PlatformKnowledgeQaApiRoute.test.ts,src/app/api/v1/open-platform/knowledge-management/qa/route.ts,@/app/api/v1/open-platform/knowledge-management/qa/route,project_outbound,test,other,no,no
src/modules/open-platform/tests/PlatformKnowledgeQaApiRoute.test.ts,src/modules/open-platform/server/platform-knowledge-management-repository.ts,@/modules/open-platform/server/platform-knowledge-management-repository,internal,test,server_repository,no,no
src/modules/open-platform/tests/PlatformKnowledgeQaApiRoute.test.ts,src/modules/security/server/access-context.ts,@/modules/security/server/access-context,cross_module_outbound,test,server_service,no,no
src/modules/open-platform/tests/PlatformKnowledgeQaApiRoute.test.ts,src/server/db/client.ts,@/server/db/client,project_outbound,test,server_service,no,no
src/modules/open-platform/tests/PlatformKnowledgeQaService.test.ts,src/modules/open-platform/server/platform-knowledge-ai-provider-adapter.ts,@/modules/open-platform/server/platform-knowledge-ai-provider-adapter,internal,test,server_service,no,no
src/modules/open-platform/tests/PlatformKnowledgeQaService.test.ts,src/modules/open-platform/server/platform-knowledge-embedding-vector-search-service.ts,@/modules/open-platform/server/platform-knowledge-embedding-vector-search-service,internal,test,server_service,no,no
src/modules/open-platform/tests/PlatformKnowledgeQaService.test.ts,src/modules/open-platform/server/platform-knowledge-keyword-search-service.ts,@/modules/open-platform/server/platform-knowledge-keyword-search-service,internal,test,server_service,no,no
src/modules/open-platform/tests/PlatformKnowledgeQaService.test.ts,src/modules/open-platform/server/platform-knowledge-management-repository.ts,@/modules/open-platform/server/platform-knowledge-management-repository,internal,test,server_repository,no,no
src/modules/open-platform/tests/PlatformKnowledgeQaService.test.ts,src/modules/open-platform/server/platform-knowledge-production-governance-policy.ts,@/modules/open-platform/server/platform-knowledge-production-governance-policy,internal,test,server_service,no,no
src/modules/open-platform/tests/PlatformKnowledgeQaService.test.ts,src/modules/open-platform/server/platform-knowledge-qa-service.ts,@/modules/open-platform/server/platform-knowledge-qa-service,internal,test,server_service,no,no
src/modules/open-platform/tests/ProductPlanPanel.test.tsx,src/modules/open-platform/components/ProductPlanPanel.tsx,@/modules/open-platform/components/ProductPlanPanel,internal,test,component,no,no
src/modules/open-platform/tests/TenantAccountManagementApiRoute.test.ts,src/app/api/v1/open-platform/tenants/[tenantId]/account/route.ts,@/app/api/v1/open-platform/tenants/[tenantId]/account/route,project_outbound,test,other,no,no
src/modules/open-platform/tests/TenantAccountManagementApiRoute.test.ts,src/modules/institution/server/tenant-quota-enforcement.ts,@/modules/institution/server/tenant-quota-enforcement,cross_module_outbound,test,server_service,no,no
src/modules/open-platform/tests/TenantAccountManagementApiRoute.test.ts,src/modules/open-platform/server/tenant-account-management-repository.ts,@/modules/open-platform/server/tenant-account-management-repository,internal,test,server_repository,no,no
src/modules/open-platform/tests/TenantAccountManagementApiRoute.test.ts,src/modules/security/domain/access-control.ts,@/modules/security/domain/access-control,cross_module_outbound,test,domain,no,no
src/modules/open-platform/tests/TenantAccountManagementApiRoute.test.ts,src/modules/security/server/access-context.ts,@/modules/security/server/access-context,cross_module_outbound,test,server_service,no,no
src/modules/open-platform/tests/TenantAccountManagementApiRoute.test.ts,src/server/db/client.ts,@/server/db/client,project_outbound,test,server_service,no,no
src/modules/open-platform/tests/TenantAccountManagementRepository.test.ts,src/modules/open-platform/server/tenant-account-management-repository.ts,@/modules/open-platform/server/tenant-account-management-repository,internal,test,server_repository,no,no
src/modules/open-platform/tests/TenantAccountManagementRepository.test.ts,src/server/db/client.ts,@/server/db/client,project_outbound,test,server_service,no,no
src/modules/open-platform/tests/TenantAccountManagementRepository.test.ts,src/server/db/schema.ts,@/server/db/schema,project_outbound,test,server_service,no,no
src/modules/open-platform/tests/TenantAccountManagementService.test.ts,src/modules/open-platform/server/tenant-account-management-service.ts,@/modules/open-platform/server/tenant-account-management-service,internal,test,server_service,no,no
src/modules/open-platform/tests/TenantCommercialRecordsApiRoute.test.ts,src/app/api/v1/open-platform/tenants/[tenantId]/commercial-records/route.ts,@/app/api/v1/open-platform/tenants/[tenantId]/commercial-records/route,project_outbound,test,other,no,no
src/modules/open-platform/tests/TenantCommercialRecordsApiRoute.test.ts,src/modules/open-platform/server/tenant-commercial-records-repository.ts,@/modules/open-platform/server/tenant-commercial-records-repository,internal,test,server_repository,no,no
src/modules/open-platform/tests/TenantCommercialRecordsApiRoute.test.ts,src/modules/security/domain/access-control.ts,@/modules/security/domain/access-control,cross_module_outbound,test,domain,no,no
src/modules/open-platform/tests/TenantCommercialRecordsApiRoute.test.ts,src/modules/security/server/access-context.ts,@/modules/security/server/access-context,cross_module_outbound,test,server_service,no,no
src/modules/open-platform/tests/TenantCommercialRecordsApiRoute.test.ts,src/server/db/client.ts,@/server/db/client,project_outbound,test,server_service,no,no
src/modules/open-platform/tests/TenantCommercialRecordsDomain.test.ts,src/modules/open-platform/domain/tenant-commercial-records.ts,@/modules/open-platform/domain/tenant-commercial-records,internal,test,domain,no,no
src/modules/open-platform/tests/TenantCommercialRecordsRepository.test.ts,src/modules/open-platform/server/tenant-commercial-records-repository.ts,@/modules/open-platform/server/tenant-commercial-records-repository,internal,test,server_repository,no,no
src/modules/open-platform/tests/TenantCommercialRecordsRepository.test.ts,src/server/db/client.ts,@/server/db/client,project_outbound,test,server_service,no,no
src/modules/open-platform/tests/TenantCommercialRecordsRepository.test.ts,src/server/db/schema.ts,@/server/db/schema,project_outbound,test,server_service,no,no
src/modules/open-platform/tests/TenantPlanBindingApiRoute.test.ts,src/app/api/v1/open-platform/tenant-plan-options/route.ts,@/app/api/v1/open-platform/tenant-plan-options/route,project_outbound,test,other,no,no
src/modules/open-platform/tests/TenantPlanBindingApiRoute.test.ts,src/app/api/v1/open-platform/tenants/route.ts,@/app/api/v1/open-platform/tenants/route,project_outbound,test,other,no,no
src/modules/open-platform/tests/TenantPlanBindingApiRoute.test.ts,src/modules/institution/domain/quota-enforcement.ts,@/modules/institution/domain/quota-enforcement,cross_module_outbound,test,domain,no,no
src/modules/open-platform/tests/TenantPlanBindingApiRoute.test.ts,src/modules/open-platform/server/tenant-plan-binding-repository.ts,@/modules/open-platform/server/tenant-plan-binding-repository,internal,test,server_repository,no,no
src/modules/open-platform/tests/TenantPlanBindingApiRoute.test.ts,src/modules/security/domain/access-control.ts,@/modules/security/domain/access-control,cross_module_outbound,test,domain,no,no
src/modules/open-platform/tests/TenantPlanBindingApiRoute.test.ts,src/modules/security/server/access-context.ts,@/modules/security/server/access-context,cross_module_outbound,test,server_service,no,no
src/modules/open-platform/tests/TenantPlanBindingApiRoute.test.ts,src/server/db/client.ts,@/server/db/client,project_outbound,test,server_service,no,no
src/modules/open-platform/tests/TenantPlanBindingDomain.test.ts,src/modules/open-platform/domain/tenant-plan-binding.ts,@/modules/open-platform/domain/tenant-plan-binding,internal,test,domain,no,no
src/modules/open-platform/tests/TenantPlanBindingRepository.test.ts,src/modules/open-platform/server/tenant-plan-binding-repository.ts,@/modules/open-platform/server/tenant-plan-binding-repository,internal,test,server_repository,no,no
src/modules/open-platform/tests/TenantPlanBindingRepository.test.ts,src/server/db/client.ts,@/server/db/client,project_outbound,test,server_service,no,no
src/modules/open-platform/tests/TenantPlanBindingRepository.test.ts,src/server/db/schema.ts,@/server/db/schema,project_outbound,test,server_service,no,no
src/modules/open-platform/tests/TenantPlanBindingService.test.ts,src/modules/open-platform/server/tenant-plan-binding-service.ts,@/modules/open-platform/server/tenant-plan-binding-service,internal,test,server_service,no,no
src/modules/open-platform/tests/TenantPlanChangeApiRoute.test.ts,src/app/api/v1/open-platform/tenants/[tenantId]/plan-change-preview/route.ts,@/app/api/v1/open-platform/tenants/[tenantId]/plan-change-preview/route,project_outbound,test,other,no,no
src/modules/open-platform/tests/TenantPlanChangeApiRoute.test.ts,src/app/api/v1/open-platform/tenants/[tenantId]/plan-change/route.ts,@/app/api/v1/open-platform/tenants/[tenantId]/plan-change/route,project_outbound,test,other,no,no
src/modules/open-platform/tests/TenantPlanChangeApiRoute.test.ts,src/modules/open-platform/server/tenant-plan-change-repository.ts,@/modules/open-platform/server/tenant-plan-change-repository,internal,test,server_repository,no,no
src/modules/open-platform/tests/TenantPlanChangeApiRoute.test.ts,src/modules/open-platform/server/tenant-plan-change-service.ts,@/modules/open-platform/server/tenant-plan-change-service,internal,test,server_service,no,no
src/modules/open-platform/tests/TenantPlanChangeApiRoute.test.ts,src/modules/security/domain/access-control.ts,@/modules/security/domain/access-control,cross_module_outbound,test,domain,no,no
src/modules/open-platform/tests/TenantPlanChangeApiRoute.test.ts,src/modules/security/server/access-context.ts,@/modules/security/server/access-context,cross_module_outbound,test,server_service,no,no
src/modules/open-platform/tests/TenantPlanChangeApiRoute.test.ts,src/server/db/client.ts,@/server/db/client,project_outbound,test,server_service,no,no
src/modules/open-platform/tests/TenantPlanChangeDomain.test.ts,src/modules/open-platform/domain/tenant-plan-binding.ts,@/modules/open-platform/domain/tenant-plan-binding,internal,test,domain,no,no
src/modules/open-platform/tests/TenantPlanChangeDomain.test.ts,src/modules/open-platform/domain/tenant-plan-change.ts,@/modules/open-platform/domain/tenant-plan-change,internal,test,domain,no,no
src/modules/open-platform/tests/TenantPlanChangeRepository.test.ts,src/modules/open-platform/server/tenant-plan-change-repository.ts,@/modules/open-platform/server/tenant-plan-change-repository,internal,test,server_repository,no,no
src/modules/open-platform/tests/TenantPlanChangeRepository.test.ts,src/server/db/client.ts,@/server/db/client,project_outbound,test,server_service,no,no
src/modules/open-platform/tests/TenantPlanChangeRepository.test.ts,src/server/db/schema.ts,@/server/db/schema,project_outbound,test,server_service,no,no
src/modules/open-platform/tests/TenantPlanChangeService.test.ts,src/modules/open-platform/domain/tenant-plan-binding.ts,@/modules/open-platform/domain/tenant-plan-binding,internal,test,domain,no,no
src/modules/open-platform/tests/TenantPlanChangeService.test.ts,src/modules/open-platform/server/tenant-plan-change-service.ts,@/modules/open-platform/server/tenant-plan-change-service,internal,test,server_service,no,no
src/modules/open-platform/tests/TrialDataResetService.test.ts,src/modules/open-platform/server/trial-data-reset-service.ts,@/modules/open-platform/server/trial-data-reset-service,internal,test,server_service,no,no
src/modules/open-platform/tests/TrialDataResetService.test.ts,src/server/db/client.ts,@/server/db/client,project_outbound,test,server_service,no,no
src/modules/open-platform/tests/VendorCatalog.test.ts,src/modules/open-platform/domain/vendor-catalog.ts,@/modules/open-platform/domain/vendor-catalog,internal,test,domain,no,no
src/modules/open-platform/tests/VendorProviderConfig.test.ts,src/app/api/v1/open-platform/provider-configs/route.ts,@/app/api/v1/open-platform/provider-configs/route,project_outbound,test,other,no,no
src/modules/open-platform/tests/VendorProviderConfig.test.ts,src/modules/open-platform/domain/vendor-catalog.ts,@/modules/open-platform/domain/vendor-catalog,internal,test,domain,no,no
src/modules/open-platform/tests/VendorProviderConfig.test.ts,src/modules/open-platform/server/vendorProviderConfig.ts,@/modules/open-platform/server/vendorProviderConfig,internal,test,server_service,no,no
src/modules/open-platform/tests/VendorProviderConfig.test.ts,src/modules/open-platform/server/vendorProviderConfigRepository.ts,@/modules/open-platform/server/vendorProviderConfigRepository,internal,test,server_repository,no,no
src/modules/open-platform/tests/VendorProviderConfig.test.ts,src/modules/open-platform/server/vendorProviderConfigTypes.ts,@/modules/open-platform/server/vendorProviderConfigTypes,internal,test,server_service,no,no
src/modules/open-platform/tests/VendorProviderConfig.test.ts,src/modules/security/server/access-context.ts,@/modules/security/server/access-context,cross_module_outbound,test,server_service,no,no
src/modules/open-platform/tests/VendorProviderSmoke.test.ts,src/app/api/v1/open-platform/provider-configs/smoke/route.ts,@/app/api/v1/open-platform/provider-configs/smoke/route,project_outbound,test,other,no,no
src/modules/open-platform/tests/VendorProviderSmoke.test.ts,src/modules/open-platform/domain/vendor-catalog.ts,@/modules/open-platform/domain/vendor-catalog,internal,test,domain,no,no
src/modules/open-platform/tests/VendorProviderSmoke.test.ts,src/modules/open-platform/server/vendorProviderConfigTypes.ts,@/modules/open-platform/server/vendorProviderConfigTypes,internal,test,server_service,no,no
src/modules/open-platform/tests/VendorProviderSmoke.test.ts,src/modules/open-platform/server/vendorProviderSmoke.ts,@/modules/open-platform/server/vendorProviderSmoke,internal,test,server_service,no,no
src/modules/open-platform/tests/VendorProviderSmoke.test.ts,src/modules/security/server/access-context.ts,@/modules/security/server/access-context,cross_module_outbound,test,server_service,no,no
src/modules/open-platform/tests/WeComCustomerDataGovernanceApiRoute.test.ts,src/app/api/open-platform/wecom/customer-data-governance/route.ts,@/app/api/open-platform/wecom/customer-data-governance/route,project_outbound,test,other,no,no
src/modules/open-platform/tests/WeComCustomerDataGovernanceApiRoute.test.ts,src/modules/open-platform/domain/wecom-customer-data-governance.ts,@/modules/open-platform/domain/wecom-customer-data-governance,internal,test,domain,no,no
src/modules/open-platform/tests/WeComCustomerDataGovernanceApiRoute.test.ts,src/modules/security/domain/access-control.ts,@/modules/security/domain/access-control,cross_module_outbound,test,domain,no,no
src/modules/open-platform/tests/WeComCustomerDataGovernanceApiRoute.test.ts,src/modules/security/server/access-context.ts,@/modules/security/server/access-context,cross_module_outbound,test,server_service,no,no
src/modules/open-platform/tests/WeComCustomerDataGovernanceDomain.test.ts,src/modules/open-platform/domain/wecom-customer-data-governance.ts,@/modules/open-platform/domain/wecom-customer-data-governance,internal,test,domain,no,no
src/modules/open-platform/tests/WeComCustomerDataGovernancePanel.test.tsx,src/modules/open-platform/components/WeComCustomerDataGovernancePanel.tsx,@/modules/open-platform/components/WeComCustomerDataGovernancePanel,internal,test,component,no,no
src/modules/open-platform/tests/WeComCustomerDataGovernancePanel.test.tsx,src/modules/open-platform/domain/wecom-customer-data-governance.ts,@/modules/open-platform/domain/wecom-customer-data-governance,internal,test,domain,no,no
src/modules/open-platform/tests/WeComCustomerDataGovernancePanel.test.tsx,src/modules/workspace/components/PlatformConsole.tsx,@/modules/workspace/components/PlatformConsole,cross_module_outbound,test,component,no,no
src/modules/workspace/components/PlatformConsole.tsx,src/modules/open-platform/client/platform-tenant-management-client.ts,@/modules/open-platform/client/platform-tenant-management-client,cross_module_inbound,component,client,no,no
src/modules/workspace/components/PlatformConsole.tsx,src/modules/open-platform/components/CommercialBoundaryPanel.tsx,@/modules/open-platform/components/CommercialBoundaryPanel,cross_module_inbound,component,component,no,no
src/modules/workspace/components/PlatformConsole.tsx,src/modules/open-platform/components/HomepageBrandPanel.tsx,@/modules/open-platform/components/HomepageBrandPanel,cross_module_inbound,component,component,no,no
src/modules/workspace/components/PlatformConsole.tsx,src/modules/open-platform/components/OpenConnectionRoadmapPanel.tsx,@/modules/open-platform/components/OpenConnectionRoadmapPanel,cross_module_inbound,component,component,no,no
src/modules/workspace/components/PlatformConsole.tsx,src/modules/open-platform/components/OpenPlatformAiCreditMeteringRulesPanel.tsx,@/modules/open-platform/components/OpenPlatformAiCreditMeteringRulesPanel,cross_module_inbound,component,component,no,no
src/modules/workspace/components/PlatformConsole.tsx,src/modules/open-platform/components/OpenPlatformAiModelConfigPanel.tsx,@/modules/open-platform/components/OpenPlatformAiModelConfigPanel,cross_module_inbound,component,component,no,no
src/modules/workspace/components/PlatformConsole.tsx,src/modules/open-platform/components/OpenPlatformAiReadonlyPanel.tsx,@/modules/open-platform/components/OpenPlatformAiReadonlyPanel,cross_module_inbound,component,component,no,no
src/modules/workspace/components/PlatformConsole.tsx,src/modules/open-platform/components/OpenPlatformAuditEventsPanel.tsx,@/modules/open-platform/components/OpenPlatformAuditEventsPanel,cross_module_inbound,component,component,no,no
src/modules/workspace/components/PlatformConsole.tsx,src/modules/open-platform/components/OpenPlatformKnowledgeManagementPanel.tsx,@/modules/open-platform/components/OpenPlatformKnowledgeManagementPanel,cross_module_inbound,component,component,no,no
src/modules/workspace/components/PlatformConsole.tsx,src/modules/open-platform/components/OpenPlatformTenantManagementPanel.tsx,@/modules/open-platform/components/OpenPlatformTenantManagementPanel,cross_module_inbound,component,component,no,no
src/modules/workspace/components/PlatformConsole.tsx,src/modules/open-platform/components/PlatformSectionBanner.tsx,@/modules/open-platform/components/PlatformSectionBanner,cross_module_inbound,component,component,no,no
src/modules/workspace/components/PlatformConsole.tsx,src/modules/open-platform/components/ProductPlanPanel.tsx,@/modules/open-platform/components/ProductPlanPanel,cross_module_inbound,component,component,no,no
src/modules/workspace/components/PlatformConsole.tsx,src/modules/open-platform/components/TrialDataResetPanel.tsx,@/modules/open-platform/components/TrialDataResetPanel,cross_module_inbound,component,component,no,no
src/modules/workspace/components/PlatformConsole.tsx,src/modules/open-platform/components/TrialV01ExperienceHandoffPanel.tsx,@/modules/open-platform/components/TrialV01ExperienceHandoffPanel,cross_module_inbound,component,component,no,no
src/modules/workspace/components/PlatformConsole.tsx,src/modules/open-platform/components/WeComCustomerDataGovernancePanel.tsx,@/modules/open-platform/components/WeComCustomerDataGovernancePanel,cross_module_inbound,component,component,no,no
src/modules/workspace/domain/platform-dashboard.ts,src/modules/open-platform/domain/tenant-management-view.ts,@/modules/open-platform/domain/tenant-management-view,cross_module_inbound,domain,domain,no,no
src/modules/workspace/domain/platform-dashboard.ts,src/modules/open-platform/domain/tenant-management.ts,@/modules/open-platform/domain/tenant-management,cross_module_inbound,domain,domain,no,no
src/modules/workspace/tests/WorkspaceEntryPages.test.tsx,src/modules/open-platform/client/platform-tenant-management-client.ts,@/modules/open-platform/client/platform-tenant-management-client,cross_module_inbound,test,client,no,no
